time_s,manifest_id,frequency_Hz_DG1,frequency_Hz_DG2,frequency_Hz_DG3,frequency_Hz_DG4,frequency_error_Hz_DG1,frequency_error_Hz_DG2,frequency_error_Hz_DG3,frequency_error_Hz_DG4,ppc_boundary_Hz_DG1,ppc_boundary_Hz_DG2,ppc_boundary_Hz_DG3,ppc_boundary_Hz_DG4
0,f27c2278f5bdb77b,50.035,50.025,50.02,50.03,0.0349999999999966,0.0249999999999986,0.0200000000000031,0.0300000000000011,1.5,1.5,1.5,1.5
0.005,f27c2278f5bdb77b,50.034277699049,50.0246350525699,50.0200172013557,50.0299517238141,0.0342776990489781,0.0246350525698915,0.0200172013557349,0.0299517238141362,1.5,1.5,1.5,1.5
0.01,f27c2278f5bdb77b,50.0335625082412,50.0242737727727,50.0200343055946,50.0299038824615,0.033562508241225,0.0242737727726805,0.0200343055945993,0.0299038824615323,1.5,1.5,1.5,1.5
0.015,f27c2278f5bdb77b,50.0328543597021,50.0239161238833,50.0200513110667,50.0298564716651,0.0328543597021351,0.0239161238832892,0.0200513110667302,0.0298564716651271,1.5,1.5,1.5,1.5
0.02,f27c2278f5bdb77b,50.0321531862007,50.0235620695414,50.0200682161637,50.0298094871904,0.0321531862007376,0.0235620695413914,0.0200682161636649,0.0298094871904482,1.5,1.5,1.5,1.5
0.025,f27c2278f5bdb77b,50.0314589211436,50.0232115737478,50.0200850193177,50.0297629248452,0.0314589211436243,0.0232115737477798,0.020085019317726,0.0297629248451869,1.5,1.5,1.5,1.5
0.03,f27c2278f5bdb77b,50.0307714985689,50.0228646008608,50.0201017190014,50.0297167804787,0.0307714985688889,0.0228646008607925,0.0201017190013744,0.0297167804787435,1.5,1.5,1.5,1.5
0.035,f27c2278f5bdb77b,50.0300908531402,50.0225211155928,50.0201183137266,50.0296710499818,0.030090853140166,0.0225211155928022,0.0201183137265701,0.0296710499817792,1.5,1.5,1.5,1.5
0.04,f27c2278f5bdb77b,50.0294169201407,50.0221810830067,50.0201348020442,50.0296257292858,0.0294169201407186,0.0221810830066786,0.0201348020441969,0.0296257292857689,1.5,1.5,1.5,1.5
0.045,f27c2278f5bdb77b,50.0287496354676,50.0218444685124,50.0201511825434,50.0295808143626,0.0287496354675696,0.0218444685123842,0.0201511825434224,0.029580814362582,1.5,1.5,1.5,1.5
0.05,f27c2278f5bdb77b,50.0280889356257,50.0215112378635,50.0201674538511,50.0295363012241,0.0280889356256679,0.0215112378634643,0.0201674538511014,0.0295363012240557,1.5,1.5,1.5,1.5
0.055,f27c2278f5bdb77b,50.0274347577222,50.0211813571537,50.0201836146312,50.0294921859215,0.0274347577221903,0.0211813571537363,0.0201836146312004,0.0294921859215407,1.5,1.5,1.5,1.5
0.06,f27c2278f5bdb77b,50.0267870394608,50.0208547928139,50.0201996635842,50.0294484645455,0.0267870394607854,0.0208547928138501,0.0201996635842079,0.0294484645455242,1.5,1.5,1.5,1.5
0.065,f27c2278f5bdb77b,50.026145719136,50.020531511608,50.0202155994466,50.0294051332252,0.0261457191359753,0.0205315116080058,0.0202155994465514,0.0294051332251897,1.5,1.5,1.5,1.5
0.07,f27c2278f5bdb77b,50.0255107356275,50.0202114806306,50.02023142099,50.029362188128,0.0255107356275346,0.0202114806306284,0.0202314209900365,0.0293621881280046,1.5,1.5,1.5,1.5
0.075,f27c2278f5bdb77b,50.024882028395,50.0198946673031,50.0202471270213,50.0293196254593,0.0248820283949627,0.0198946673031202,0.0202471270212854,0.0293196254593369,1.5,1.5,1.5,1.5
0.08,f27c2278f5bdb77b,50.024259537472,50.0195810393706,50.0202627163812,50.029277441462,0.0242595374720054,0.0195810393706282,0.0202627163811755,0.0292774414620283,1.5,1.5,1.5,1.5
0.085,f27c2278f5bdb77b,50.0236432034612,50.0192705648988,50.0202781879443,50.029235632416,0.0236432034612122,0.0192705648988181,0.0202781879442995,0.0292356324160181,1.5,1.5,1.5,1.5
0.09,f27c2278f5bdb77b,50.0230329675285,50.0189632122707,50.0202935406184,50.0291941946379,0.0230329675285432,0.0189632122707337,0.0202935406184395,0.0291941946379382,1.5,1.5,1.5,1.5
0.095,f27c2278f5bdb77b,50.0224287713981,50.0186589501836,50.020308773344,50.0291531244807,0.0224287713980829,0.0186589501836352,0.0203087733439986,0.0291531244807359,1.5,1.5,1.5,1.5
0.1,f27c2278f5bdb77b,50.0218305573467,50.0183577476459,50.0203238850935,50.0291124183333,0.0218305573466964,0.0183577476459078,0.0203238850935179,0.0291124183332911,1.5,1.5,1.5,1.5
0.105,f27c2278f5bdb77b,50.0212382681989,50.018059573974,50.0203388748711,50.02907207262,0.0212382681988501,0.0180595739739715,0.0203388748711291,0.029072072620032,1.5,1.5,1.5,1.5
0.11,f27c2278f5bdb77b,50.0206518473214,50.0177643987892,50.0203537417121,50.0290320838006,0.0206518473214032,0.0177643987892466,0.0203537417120572,0.0290320838005655,1.5,1.5,1.5,1.5
0.115,f27c2278f5bdb77b,50.0200712386185,50.0174721920151,50.0203684846821,50.0289924483693,0.0200712386184918,0.0174721920151271,0.020368484682102,0.0289924483692943,1.5,1.5,1.5,1.5
0.12,f27c2278f5bdb77b,50.0194963865264,50.017182923874,50.0203831028772,50.0289531628551,0.0194963865264342,0.0171829238739818,0.0203831028771688,0.0289531628550819,1.5,1.5,1.5,1.5
0.125,f27c2278f5bdb77b,50.0189272360087,50.0168965648842,50.0203975954227,50.0289142238209,0.0189272360086932,0.0168965648842274,0.020397595422736,0.0289142238208555,1.5,1.5,1.5,1.5
0.13,f27c2278f5bdb77b,50.0183637325509,50.0166130858574,50.0204119614734,50.0288756278633,0.0183637325508954,0.0166130858573652,0.0204119614734211,0.0288756278632789,1.5,1.5,1.5,1.5
0.135,f27c2278f5bdb77b,50.0178058221559,50.0163324578951,50.0204262002125,50.0288373716124,0.017805822155907,0.0163324578951105,0.0204262002124551,0.0288373716123758,1.5,1.5,1.5,1.5
0.14,f27c2278f5bdb77b,50.0172534513389,50.0160546523865,50.0204403108512,50.0287994517312,0.0172534513388953,0.0160546523865008,0.0204403108512281,0.0287994517311958,1.5,1.5,1.5,1.5
0.145,f27c2278f5bdb77b,50.0167065671225,50.0157796410051,50.0204542926288,50.0287618649155,0.016706567122533,0.0157796410050537,0.0204542926288411,0.0287618649154524,1.5,1.5,1.5,1.5
0.15,f27c2278f5bdb77b,50.0161651170322,50.015507395706,50.0204681448116,50.0287246078932,0.016165117032152,0.0155073957059599,0.0204681448116304,0.02872460789321,1.5,1.5,1.5,1.5
0.155,f27c2278f5bdb77b,50.015629049091,50.0152378887233,50.0204818666927,50.0286876774245,0.0156290490910251,0.0152378887232913,0.0204818666927125,0.0286876774245215,1.5,1.5,1.5,1.5
0.16,f27c2278f5bdb77b,50.0150983118156,50.0149710925672,50.0204954575915,50.0286510703011,0.0150983118156205,0.0149710925672366,0.0204954575915366,0.0286510703010947,1.5,1.5,1.5,1.5
0.165,f27c2278f5bdb77b,50.014572854211,50.0147069800214,50.0205089168535,50.028614783346,0.014572854210968,0.014706980021387,0.0205089168534514,0.0286147833459793,1.5,1.5,1.5,1.5
0.17,f27c2278f5bdb77b,50.014052625766,50.01444552414,50.0205222438493,50.0285788134132,0.0140526257659985,0.0144455241399868,0.0205222438492854,0.028578813413219,1.5,1.5,1.5,1.5
0.175,f27c2278f5bdb77b,50.013537576449,50.0141866982453,50.0205354379749,50.0285431573876,0.0135375764490107,0.0141866982453109,0.0205354379748783,0.0285431573875599,1.5,1.5,1.5,1.5
0.18,f27c2278f5bdb77b,50.0130276567031,50.013930475925,50.0205484986507,50.0285078121841,0.0130276567031018,0.0139304759249654,0.0205484986506903,0.0285078121840883,1.5,1.5,1.5,1.5
0.185,f27c2278f5bdb77b,50.0125228174417,50.0136768310293,50.0205614253214,50.028472774748,0.0125228174416705,0.0136768310292865,0.0205614253213753,0.0284727747479536,1.5,1.5,1.5,1.5
0.19,f27c2278f5bdb77b,50.012023010044,50.0134257376687,50.0205742174554,50.028438042054,0.012023010044004,0.0134257376687117,0.0205742174553691,0.0284380420540415,1.5,1.5,1.5,1.5
0.195,f27c2278f5bdb77b,50.0115281863508,50.0131771702113,50.0205868745445,50.0284036111067,0.0115281863508372,0.0131771702112502,0.0205868745444775,0.0284036111066612,1.5,1.5,1.5,1.5
0.2,f27c2278f5bdb77b,50.01103829866,50.0129311032799,50.0205993961035,50.0283694789392,0.0110382986599831,0.0129311032798824,0.020599396103492,0.0283694789392399,1.5,1.5,1.5,1.5
0.205,f27c2278f5bdb77b,50.010553299722,50.0126875117501,50.0206117816698,50.028335642614,0.0105532997220408,0.0126875117500731,0.0206117816697713,0.0283356426140315,1.5,1.5,1.5,1.5
0.21,f27c2278f5bdb77b,50.0100731427361,50.0124463707472,50.0206240308029,50.0283020992218,0.0100731427360756,0.0124463707472486,0.0206240308028782,0.0283020992218113,1.5,1.5,1.5,1.5
0.215,f27c2278f5bdb77b,50.0095977813454,50.0122076556443,50.0206361430842,50.0282688458816,0.00959778134540556,0.0122076556443176,0.0206361430841753,0.0282688458815912,1.5,1.5,1.5,1.5
0.22,f27c2278f5bdb77b,50.0091271696334,50.0119713420592,50.0206481181165,50.0282358797403,0.00912716963336635,0.0119713420592475,0.0206481181164548,0.0282358797403006,1.5,1.5,1.5,1.5
0.225,f27c2278f5bdb77b,50.0086612621192,50.0117374058526,50.0206599555236,50.0282031979725,0.00866126211916196,0.0117374058526138,0.0206599555235556,0.0282031979725303,1.5,1.5,1.5,1.5
0.23,f27c2278f5bdb77b,50.0082000137538,50.0115058231252,50.02067165495,50.0281707977802,0.00820001375376478,0.011505823125205,0.0206716549500143,0.0281707977802341,1.5,1.5,1.5,1.5
0.235,f27c2278f5bdb77b,50.0077433799158,50.0112765702156,50.0206832160607,50.0281386763924,0.00774337991577312,0.0112765702156352,0.0206832160606822,0.0281386763924374,1.5,1.5,1.5,1.5
0.24,f27c2278f5bdb77b,50.0072913164074,50.011049623698,50.0206946385404,50.028106831065,0.00729131640743219,0.0110496236979998,0.0206946385403768,0.0281068310649815,1.5,1.5,1.5,1.5
0.245,f27c2278f5bdb77b,50.0068437794506,50.0108249603795,50.0207059220935,50.0280752590802,0.00684377945056269,0.0108249603795372,0.0207059220935335,0.0280752590802109,1.5,1.5,1.5,1.5
0.25,f27c2278f5bdb77b,50.0064007256826,50.0106025572983,50.0207170664438,50.0280439577467,0.0064007256826315,0.0106025572983199,0.0207170664438294,0.0280439577467391,1.5,1.5,1.5,1.5
0.255,f27c2278f5bdb77b,50.0059621121528,50.010382391721,50.0207280713339,50.0280129243992,0.00596211215280107,0.0103823917209596,0.0207280713338847,0.0280129243991709,1.5,1.5,1.5,1.5
0.26,f27c2278f5bdb77b,50.005527896318,50.0101644411404,50.0207389365249,50.0279821563978,0.00552789631803563,0.0101644411403612,0.0207389365248858,0.0279821563978047,1.5,1.5,1.5,1.5
0.265,f27c2278f5bdb77b,50.0050980360392,50.0099486832735,50.0207496617963,50.0279516511284,0.00509803603924297,0.0099486832734641,0.020749661796259,0.0279516511284186,1.5,1.5,1.5,1.5
0.27,f27c2278f5bdb77b,50.0046724895775,50.009735096059,50.0207602469454,50.027921406002,0.0046724895774588,0.00973509605901768,0.0207602469453576,0.0279214060019513,1.5,1.5,1.5,1.5
0.275,f27c2278f5bdb77b,50.00425121559,50.0095236576554,50.0207706917871,50.0278914184543,0.00425121559004538,0.00952365765540719,0.0207706917871349,0.0278914184543027,1.5,1.5,1.5,1.5
0.28,f27c2278f5bdb77b,50.0038341731269,50.0093143464385,50.0207809961538,50.027861685946,0.00383417312693979,0.00931434643846529,0.020780996153789,0.0278616859460357,1.5,1.5,1.5,1.5
0.285,f27c2278f5bdb77b,50.003421321627,50.0091071409993,50.0207911598945,50.0278322059622,0.00342132162695208,0.00910714099929777,0.0207911598944932,0.0278322059621559,1.5,1.5,1.5,1.5
0.29,f27c2278f5bdb77b,50.0030126209141,50.0089020201422,50.0208011828751,50.0278029760118,0.00301262091409171,0.00890202014218744,0.0208011828750543,0.0278029760118272,1.5,1.5,1.5,1.5
0.295,f27c2278f5bdb77b,50.0026080311939,50.0086989628824,50.0208110649776,50.0277739936282,0.00260803119388697,0.00869896288244831,0.0208110649776359,0.027773993628152,1.5,1.5,1.5,1.5
0.3,f27c2278f5bdb77b,50.0022075130498,50.0084979484443,50.0208208061004,50.0277452563679,0.00220751304980382,0.00849794844434371,0.0208208061004171,0.027745256367929,1.5,1.5,1.5,1.5
0.305,f27c2278f5bdb77b,50.0018110274397,50.008298956259,50.0208304061573,50.0277167618114,0.00181102743966477,0.00829895625903276,0.0208304061573159,0.0277167618113765,1.5,1.5,1.5,1.5
0.31,f27c2278f5bdb77b,50.0014185356921,50.0081019659625,50.0208398650777,50.0276885075619,0.00141853569209616,0.00810196596248858,0.0208398650776971,0.0276885075619475,1.5,1.5,1.5,1.5
0.315,f27c2278f5bdb77b,50.001029999503,50.0079069573935,50.0208491828061,50.0276604912461,0.00102999950301097,0.00790695739350156,0.0208491828060815,0.0276604912460527,1.5,1.5,1.5,1.5
0.32,f27c2278f5bdb77b,50.0006453809322,50.0077139105916,50.0208583593019,50.0276327105128,0.000645380932162709,0.00771391059164017,0.0208583593018545,0.0276327105128331,1.5,1.5,1.5,1.5
0.325,f27c2278f5bdb77b,50.0002646423997,50.0075228057953,50.020867394539,50.0276051630339,0.000264642399663728,0.00752280579527564,0.020867394538989,0.0276051630339467,1.5,1.5,1.5,1.5
0.33,f27c2278f5bdb77b,49.9998877466826,50.0073336234396,50.0208762885058,50.0275778465033,-0.000112253317382738,0.00733362343959953,0.0208762885057538,0.0275778465033198,1.5,1.5,1.5,1.5
0.335,f27c2278f5bdb77b,49.9995146569117,50.0071463441547,50.0208850412045,50.0275507586369,-0.000485343088321599,0.00714634415469106,0.0208850412044725,0.0275507586369415,1.5,1.5,1.5,1.5
0.34,f27c2278f5bdb77b,49.9991453365678,50.0069609487636,50.0208936526512,50.0275238971726,-0.000854663432221514,0.00696094876357733,0.0208936526512247,0.0275238971726139,1.5,1.5,1.5,1.5
0.345,f27c2278f5bdb77b,49.9987797494787,50.0067774182803,50.0209021228756,50.0274972598698,-0.00122025052127128,0.00677741828030065,0.0209021228755759,0.0274972598697616,1.5,1.5,1.5,1.5
0.35,f27c2278f5bdb77b,49.998417859816,50.006595733908,50.0209104519204,50.0274708445092,-0.00158214018397729,0.00659573390804979,0.0209104519203507,0.0274708445091818,1.5,1.5,1.5,1.5
0.355,f27c2278f5bdb77b,49.9980596320915,50.0064158770373,50.0209186398413,50.0274446488929,-0.00194036790848173,0.00641587703728419,0.0209186398413479,0.0274446488928604,1.5,1.5,1.5,1.5
0.36,f27c2278f5bdb77b,49.9977050311542,50.0062378292439,50.0209266867071,50.0274186708437,-0.00229496884577429,0.00623782924385097,0.020926686707071,0.0274186708437369,1.5,1.5,1.5,1.5
0.365,f27c2278f5bdb77b,49.9973540221871,50.0060615722872,50.0209345925985,50.0273929082055,-0.00264597781286113,0.00606157228718018,0.0209345925985289,0.0273929082054849,1.5,1.5,1.5,1.5
0.37,f27c2278f5bdb77b,49.9970065707041,50.0058870881084,50.0209423576089,50.0273673588423,-0.00299342929593394,0.00588708810843741,0.0209423576089378,0.0273673588423335,1.5,1.5,1.5,1.5
0.375,f27c2278f5bdb77b,49.9966626425465,50.0057143588287,50.0209499818435,50.0273420206388,-0.0033373574535247,0.00571435882872606,0.0209499818435006,0.0273420206388337,1.5,1.5,1.5,1.5
0.38,f27c2278f5bdb77b,49.9963222038804,50.0055433667473,50.0209574654192,50.0273168914997,-0.00367779611958241,0.00554336674732525,0.0209574654191584,0.027316891499666,1.5,1.5,1.5,1.5
0.385,f27c2278f5bdb77b,49.9959852211934,50.0053740943399,50.0209648084644,50.0272919693494,-0.00401477880655676,0.00537409433989211,0.0209648084643774,0.0272919693494273,1.5,1.5,1.5,1.5
0.39,f27c2278f5bdb77b,49.9956516612916,50.0052065242567,50.0209720111189,50.0272672521325,-0.00434833870844642,0.00520652425672807,0.0209720111188787,0.0272672521324608,1.5,1.5,1.5,1.5
0.395,f27c2278f5bdb77b,49.9953214912962,50.0050406393211,50.0209790735334,50.0272427378126,-0.00467850870379749,0.00504063932105225,0.0209790735334323,0.0272427378125997,1.5,1.5,1.5,1.5
0.4,f27c2278f5bdb77b,49.9949946786413,50.0048764225273,50.0209859958696,50.027218424373,-0.00500532135873044,0.00487642252726062,0.0209859958696441,0.0272184243730393,1.5,1.5,1.5,1.5
0.405,f27c2278f5bdb77b,49.9946711910702,50.0047138570393,50.0209927782997,50.0271943098161,-0.00532880892984622,0.00471385703927751,0.0209927782996928,0.0271943098160961,1.5,1.5,1.5,1.5
0.41,f27c2278f5bdb77b,49.9943509966328,50.0045529261888,50.0209994210061,50.027170392163,-0.0056490033671821,0.00455292618880065,0.0209994210061382,0.0271703921630362,1.5,1.5,1.5,1.5
0.415,f27c2278f5bdb77b,49.9940340636829,50.0043936134737,50.0210059241817,50.0271466694539,-0.00596593631713915,0.00439361347371658,0.0210059241817149,0.0271466694538702,1.5,1.5,1.5,1.5
0.42,f27c2278f5bdb77b,49.9937203608747,50.0042359025564,50.0210122880291,50.0271231397472,-0.00627963912531726,0.00423590255638118,0.0210122880290839,0.0271231397471823,1.5,1.5,1.5,1.5
0.425,f27c2278f5bdb77b,49.9934098571606,50.004079777262,50.0210185127607,50.0270998011199,-0.00659014283938575,0.00407977726204223,0.0210185127606621,0.0270998011199453,1.5,1.5,1.5,1.5
0.43,f27c2278f5bdb77b,49.9931025217881,50.0039252215772,50.0210245985984,50.0270766516673,-0.00689747821189002,0.0039252215771981,0.0210245985983804,0.027076651667322,1.5,1.5,1.5,1.5
0.435,f27c2278f5bdb77b,49.9927983242969,50.003772219648,50.0210305457735,50.0270536895025,-0.0072016757030795,0.0037722196479919,0.021030545773506,0.0270536895024946,1.5,1.5,1.5,1.5
0.44,f27c2278f5bdb77b,49.9924972345164,50.0036207557786,50.0210363545264,50.0270309127565,-0.00750276548362905,0.00362075577864118,0.0210363545264229,0.0270309127564801,1.5,1.5,1.5,1.5
0.445,f27c2278f5bdb77b,49.9921992225626,50.0034708144299,50.0210420251065,50.027008319578,-0.00780077743743846,0.00347081442986052,0.0210420251064605,0.027008319577952,1.5,1.5,1.5,1.5
0.45,f27c2278f5bdb77b,49.9919042588357,50.0033223802173,50.0210475577717,50.0269859081331,-0.0080957411642828,0.00332238021732678,0.0210475577716522,0.026985908133085,1.5,1.5,1.5,1.5
0.455,f27c2278f5bdb77b,49.9916123140174,50.0031754379101,50.0210529527886,50.0269636766053,-0.00838768598255513,0.00317543791011587,0.0210529527886081,0.0269636766053338,1.5,1.5,1.5,1.5
0.46,f27c2278f5bdb77b,49.9913233590681,50.0030299724292,50.0210582104323,50.0269416231953,-0.00867664093192388,0.00302997242918224,0.0210582104322583,0.0269416231953201,1.5,1.5,1.5,1.5
0.465,f27c2278f5bdb77b,49.9910373652241,50.0028859688459,50.0210633309857,50.0269197461206,-0.00896263477594772,0.00288596884588799,0.0210633309857187,0.026919746120619,1.5,1.5,1.5,1.5
0.47,f27c2278f5bdb77b,49.9907543039953,50.0027434123805,50.0210683147401,50.0268980436156,-0.0092456960047187,0.00274341238046105,0.0210683147400843,0.0268980436156028,1.5,1.5,1.5,1.5
0.475,f27c2278f5bdb77b,49.9904741471626,50.0026022884006,50.0210731619943,50.0268765139313,-0.00952585283744156,0.00260228840055277,0.0210731619942521,0.0268765139312777,1.5,1.5,1.5,1.5
0.48,f27c2278f5bdb77b,49.990196866775,50.0024625824197,50.0210778730547,50.0268551553351,-0.00980313322499171,0.00246258241974573,0.0210778730547432,0.0268551553351273,1.5,1.5,1.5,1.5
0.485,f27c2278f5bdb77b,49.9899224351475,50.0023242800961,50.0210824482355,50.0268339661109,-0.0100775648524802,0.00232428009614694,0.0210824482355321,0.0268339661109351,1.5,1.5,1.5,1.5
0.49,f27c2278f5bdb77b,49.9896508248583,50.0021873672309,50.0210868878579,50.0268129445586,-0.0103491751417408,0.00218736723090984,0.0210868878578623,0.0268129445586212,1.5,1.5,1.5,1.5
0.495,f27c2278f5bdb77b,49.9893820087461,50.0020518297668,50.0210911922501,50.0267920889941,-0.0106179912538593,0.0020518297668346,0.0210911922500969,0.0267920889940996,1.5,1.5,1.5,1.5
0.5,f27c2278f5bdb77b,49.9891159599084,50.001917653787,50.0210953617475,50.0267713977491,-0.0108840400916179,0.00191765378696118,0.021095361747534,0.0267713977491084,1.5,1.5,1.5,1.5
0.505,f27c2278f5bdb77b,49.9888526516981,50.0017848255132,50.0210993966923,50.0267508691711,-0.0111473483019466,0.00178482551318382,0.0210993966922501,0.0267508691710532,1.5,1.5,1.5,1.5
0.51,f27c2278f5bdb77b,49.9885920577216,50.0016533313049,50.0211032974329,50.0267305016229,-0.0114079422783675,0.00165333130486545,0.0211032974329299,0.0267305016228647,1.5,1.5,1.5,1.5
0.515,f27c2278f5bdb77b,49.9883341518366,50.0015231576575,50.0211070643247,50.0267102934828,-0.0116658481633607,0.00152315765745215,0.0211070643247169,0.0267102934828216,1.5,1.5,1.5,1.5
0.52,f27c2278f5bdb77b,49.9880789081492,50.0013942912012,50.0211106977291,50.0266902431444,-0.0119210918507804,0.00139429120117285,0.0211106977290569,0.0266902431444294,1.5,1.5,1.5,1.5
0.525,f27c2278f5bdb77b,49.9878263010118,50.0012667186996,50.0211141980135,50.0266703490162,-0.0121736989881782,0.00126671869964667,0.0211141980135281,0.0266703490162428,1.5,1.5,1.5,1.5
0.53,f27c2278f5bdb77b,49.9875763050208,50.0011404270486,50.0211175655517,50.0266506095218,-0.0124236949791694,0.00114042704859685,0.0211175655517124,0.0266506095217522,1.5,1.5,1.5,1.5
0.535,f27c2278f5bdb77b,49.9873288950143,50.0010154032745,50.021120800723,50.0266310230992,-0.0126711049857064,0.00101540327452909,0.0211208007230255,0.026631023099192,1.5,1.5,1.5,1.5
0.54,f27c2278f5bdb77b,49.9870840460696,50.0008916345334,50.0211239039126,50.0266115882014,-0.0129159539304169,0.000891634533402907,0.0211239039125743,0.0266115882014404,1.5,1.5,1.5,1.5
0.545,f27c2278f5bdb77b,49.9868417335012,50.0007691081094,50.021126875511,50.0265923032958,-0.0131582664988201,0.000769108109409444,0.0211268755110154,0.0265923032958426,1.5,1.5,1.5,1.5
0.55,f27c2278f5bdb77b,49.9866019328584,50.0006478114136,50.0211297159144,50.0265731668641,-0.0133980671416225,0.000647811413635679,0.0211297159144266,0.0265731668640754,1.5,1.5,1.5,1.5
0.555,f27c2278f5bdb77b,49.9863646199231,50.0005277319828,50.0211324255241,50.026554177402,-0.0136353800768987,0.000527731982842283,0.0211324255241223,0.0265541774020406,1.5,1.5,1.5,1.5
0.56,f27c2278f5bdb77b,49.9861297707077,50.0004088574782,50.0211350047466,50.0265353334197,-0.0138702292923369,0.000408857478198854,0.0211350047465615,0.0265353334196732,1.5,1.5,1.5,1.5
0.565,f27c2278f5bdb77b,49.9858973614526,50.0002911756841,50.0211374539932,50.0265166334408,-0.0141026385473921,0.000291175684054679,0.0211374539931981,0.026516633440842,1.5,1.5,1.5,1.5
0.57,f27c2278f5bdb77b,49.9856673686245,50.0001746745067,50.0211397736803,50.0264980760032,-0.0143326313754599,0.000174674506716599,0.0211397736803178,0.0264980760031932,1.5,1.5,1.5,1.5
0.575,f27c2278f5bdb77b,49.985439768914,50.0000593419732,50.021141964229,50.026479659658,-0.0145602310860298,5.93419732268785e-05,0.0211419642289599,0.0264796596580439,1.5,1.5,1.5,1.5
0.58,f27c2278f5bdb77b,49.9852145392332,49.9999451662302,50.0211440260647,50.0264613829702,-0.0147854607667952,-5.48337698091927e-05,0.0211440260647393,0.0264613829702114,1.5,1.5,1.5,1.5
0.585,f27c2278f5bdb77b,49.9849916567142,49.9998321355425,50.0211459596177,50.0264432445179,-0.0150083432857571,-0.000167864457452538,0.0211459596177406,0.0264432445178997,1.5,1.5,1.5,1.5
0.59,f27c2278f5bdb77b,49.9847710987067,49.9997202382924,50.0211477653224,50.0264252428926,-0.0152289012932982,-0.00027976170755295,0.0211477653223966,0.0264252428925786,1.5,1.5,1.5,1.5
0.595,f27c2278f5bdb77b,49.9845528427757,49.999609462978,50.0211494436173,50.0264073766988,-0.0154471572242798,-0.000390537021971227,0.0211494436173396,0.0264073766988417,1.5,1.5,1.5,1.5
0.6,f27c2278f5bdb77b,49.9843368666999,49.9994997982123,50.0211509949453,50.0263896445543,-0.0156631333000519,-0.00050020178768051,0.0211509949453159,0.0263896445542784,1.5,1.5,1.5,1.5
0.605,f27c2278f5bdb77b,49.9841231484695,49.9993912327221,50.021152419753,50.0263720450894,-0.0158768515304715,-0.000608767277938682,0.0211524197530366,0.0263720450893672,1.5,1.5,1.5,1.5
0.61,f27c2278f5bdb77b,49.9839116662841,49.9992837553466,50.0211537184911,50.0263545769473,-0.0160883337159419,-0.000716244653411025,0.0211537184910711,0.0263545769473197,1.5,1.5,1.5,1.5
0.615,f27c2278f5bdb77b,49.9837023985506,49.9991773550367,50.0211548916137,50.026337238784,-0.0162976014493807,-0.000822644963271557,0.0211548916137403,0.0263372387839809,1.5,1.5,1.5,1.5
0.62,f27c2278f5bdb77b,49.9834953238818,49.9990720208537,50.021155939579,50.0263200292677,-0.0165046761181813,-0.000927979146332802,0.0211559395789749,0.0263200292676942,1.5,1.5,1.5,1.5
0.625,f27c2278f5bdb77b,49.9832904210938,49.9989677419679,50.0211568628482,50.0263029470792,-0.0167095789061591,-0.00103225803213292,0.0211568628482368,0.0263029470791878,1.5,1.5,1.5,1.5
0.63,f27c2278f5bdb77b,49.9830876692045,49.998864507658,50.0211576618864,50.0262859909115,-0.016912330795499,-0.00113549234202281,0.0211576618863845,0.0262859909114539,1.5,1.5,1.5,1.5
0.635,f27c2278f5bdb77b,49.9828870474313,49.9987623073098,50.0211583371616,50.0262691594696,-0.0171129525686595,-0.00123769269024621,0.0211583371615731,0.0262691594696349,1.5,1.5,1.5,1.5
0.64,f27c2278f5bdb77b,49.9826885351897,49.998661130415,50.0211588891451,50.0262524514709,-0.0173114648102626,-0.00133886958497698,0.0211588891451484,0.0262524514708815,1.5,1.5,1.5,1.5
0.645,f27c2278f5bdb77b,49.982492112091,49.9985609665706,50.0211593183115,50.0262358656443,-0.0175078879089625,-0.00143903342941343,0.0211593183115468,0.0262358656442814,1.5,1.5,1.5,1.5
0.65,f27c2278f5bdb77b,49.9822977579407,49.9984618054772,50.0211596251382,50.0262194007307,-0.017702242059336,-0.00153819452279436,0.021159625138182,0.026219400730696,1.5,1.5,1.5,1.5
0.655,f27c2278f5bdb77b,49.9821054527363,49.9983636369386,50.0211598101053,50.0262030554827,-0.0178945472636727,-0.00163636306142934,0.0211598101053383,0.0262030554826751,1.5,1.5,1.5,1.5
0.66,f27c2278f5bdb77b,49.9819151766661,49.9982664508603,50.0211598736961,50.0261868286644,-0.018084823333858,-0.00173354913974322,0.0211598736960923,0.0261868286643576,1.5,1.5,1.5,1.5
0.665,f27c2278f5bdb77b,49.9817269101069,49.9981702372487,50.0211598163962,50.0261707190513,-0.018273089893114,-0.001829762751278,0.0211598163961924,0.0261707190513079,1.5,1.5,1.5,1.5
0.67,f27c2278f5bdb77b,49.9815406336221,49.9980749862103,50.021159638694,50.0261547254305,-0.0184593663778543,-0.00192501378967336,0.0211596386939874,0.0261547254304659,1.5,1.5,1.5,1.5
0.675,f27c2278f5bdb77b,49.9813563279606,49.9979806879503,50.0211593410803,50.0261388466,-0.0186436720393957,-0.00201931204968986,0.0211593410803061,0.0261388465999985,1.5,1.5,1.5,1.5
0.68,f27c2278f5bdb77b,49.9811739740542,49.9978873327718,50.0211589240484,50.0261230813692,-0.0188260259457707,-0.00211266722819659,0.0211589240483647,0.0261230813692208,1.5,1.5,1.5,1.5
0.685,f27c2278f5bdb77b,49.9809935530166,49.9977949110749,50.0211583880937,50.0261074285584,-0.0190064469834113,-0.00220508892509486,0.0211583880937027,0.0261074285584471,1.5,1.5,1.5,1.5
0.69,f27c2278f5bdb77b,49.9808150461411,49.9977034133557,50.0211577337141,50.0260918869989,-0.0191849538589111,-0.0022965866443343,0.0211577337140625,0.0260918869989339,1.5,1.5,1.5,1.5
0.695,f27c2278f5bdb77b,49.9806384348993,49.9976128302052,50.0211569614093,50.0260764555327,-0.0193615651007093,-0.00238716979484366,0.0211569614093179,0.0260764555327384,1.5,1.5,1.5,1.5
0.7,f27c2278f5bdb77b,49.9804637009392,49.9975231523085,50.0211560716814,50.0260611330126,-0.0195362990608103,-0.00247684769147583,0.0211560716813821,0.0260611330126466,1.5,1.5,1.5,1.5
0.705,f27c2278f5bdb77b,49.9802908260836,49.997434370444,50.0211550650341,50.026045918302,-0.0197091739163966,-0.00256562955595285,0.0211550650341223,0.0260459183020458,1.5,1.5,1.5,1.5
0.71,f27c2278f5bdb77b,49.9801197923284,49.9973464754822,50.0211539419733,50.0260308102748,-0.0198802076715694,-0.00265352451776124,0.0211539419732674,0.0260308102748184,1.5,1.5,1.5,1.5
0.715,f27c2278f5bdb77b,49.9799505818411,49.9972594583849,50.0211527030063,50.0260158078153,-0.0200494181589193,-0.00274054161511117,0.0211527030063436,0.026015807815277,1.5,1.5,1.5,1.5
0.72,f27c2278f5bdb77b,49.9797831769588,49.9971733102042,50.0211513486426,50.026000909818,-0.0202168230411885,-0.00282668979581757,0.0211513486425758,0.0260009098180305,1.5,1.5,1.5,1.5
0.725,f27c2278f5bdb77b,49.9796175601871,49.9970880220818,50.0211498793928,50.0259861151879,-0.0203824398128916,-0.00291197791819542,0.0211498793928158,0.025986115187898,1.5,1.5,1.5,1.5
0.73,f27c2278f5bdb77b,49.9794537141981,49.997003585248,50.0211482957695,50.0259714228398,-0.0205462858018635,-0.00299641475196921,0.0211482957694571,0.0259714228398167,1.5,1.5,1.5,1.5
0.735,f27c2278f5bdb77b,49.9792916218291,49.9969199910209,50.0211465982864,50.0259568316987,-0.0207083781708945,-0.00308000897912564,0.0211465982863714,0.0259568316987497,1.5,1.5,1.5,1.5
0.74,f27c2278f5bdb77b,49.9791312660807,49.9968372308052,50.0211447874588,50.0259423406996,-0.0208687339192863,-0.00316276919482306,0.0211447874588302,0.0259423406995651,1.5,1.5,1.5,1.5
0.745,f27c2278f5bdb77b,49.9789726301156,49.9967552960918,50.0211428638034,50.025927948787,-0.0210273698843579,-0.00324470390821574,0.0211428638033979,0.0259279487869648,1.5,1.5,1.5,1.5
0.75,f27c2278f5bdb77b,49.978815697257,49.9966741784567,50.0211408278379,50.0259136549154,-0.0211843027430447,-0.00332582154332783,0.021140827837911,0.0259136549153851,1.5,1.5,1.5,1.5
0.755,f27c2278f5bdb77b,49.9786604509866,49.9965938695601,50.0211386800814,50.0258994580489,-0.0213395490133763,-0.00340613043990601,0.0211386800813642,0.0258994580489187,1.5,1.5,1.5,1.5
0.76,f27c2278f5bdb77b,49.978506874944,49.9965143611458,50.0211364210539,50.0258853571612,-0.0214931250560042,-0.00348563885423658,0.0211364210538747,0.0258853571611937,1.5,1.5,1.5,1.5
0.765,f27c2278f5bdb77b,49.9783549529243,49.99643564504,50.0211340512766,50.0258713512353,-0.021645047075701,-0.00356435495999818,0.0211340512765759,0.0258713512353026,1.5,1.5,1.5,1.5
0.77,f27c2278f5bdb77b,49.9782046688772,49.9963577131509,50.0211315712716,50.0258574392637,-0.021795331122803,-0.00364228684906465,0.0211315712715816,0.025857439263703,1.5,1.5,1.5,1.5
0.775,f27c2278f5bdb77b,49.9780560069053,49.9962805574677,50.0211289815619,50.0258436202482,-0.0219439930947374,-0.00371944253232215,0.0211289815618869,0.0258436202481604,1.5,1.5,1.5,1.5
0.78,f27c2278f5bdb77b,49.9779089512626,49.9962041700595,50.0211262826713,50.0258298931996,-0.0220910487374084,-0.00379582994050054,0.0211262826713323,0.0258298931995995,1.5,1.5,1.5,1.5
0.785,f27c2278f5bdb77b,49.9777634863533,49.9961285430751,50.0211234751245,50.0258162571381,-0.022236513646682,-0.0038714569249052,0.0211234751245399,0.0258162571380822,1.5,1.5,1.5,1.5
0.79,f27c2278f5bdb77b,49.9776195967302,49.9960536687417,50.0211205594468,50.0258027110927,-0.0223804032697785,-0.00394633125829102,0.021120559446814,0.0258027110926733,1.5,1.5,1.5,1.5
0.795,f27c2278f5bdb77b,49.9774772670933,49.9959795393644,50.0211175361641,50.0257892541014,-0.0225227329067152,-0.00402046063556583,0.0211175361641196,0.0257892541013973,1.5,1.5,1.5,1.5
0.8,f27c2278f5bdb77b,49.9773364822883,49.9959061473254,50.021114405803,50.0257758852111,-0.0226635177116776,-0.0040938526746217,0.0211144058030044,0.025775885211111,1.5,1.5,1.5,1.5
0.805,f27c2278f5bdb77b,49.9771972273056,49.9958334850829,50.0211111688905,50.0257626034774,-0.0228027726943978,-0.00416651491707398,0.0211111688905277,0.0257626034774461,1.5,1.5,1.5,1.5
0.81,f27c2278f5bdb77b,49.9770594872784,49.995761545171,50.0211078259542,50.0257494079647,-0.0229405127215685,-0.00423845482900731,0.0211078259542177,0.0257494079647316,1.5,1.5,1.5,1.5
0.815,f27c2278f5bdb77b,49.9769232474819,49.9956903201982,50.021104377522,50.0257362977459,-0.0230767525181435,-0.00430967980176433,0.0211043775220219,0.0257362977458939,1.5,1.5,1.5,1.5
0.82,f27c2278f5bdb77b,49.9767884933313,49.9956198028473,50.0211008241222,50.0257232719024,-0.02321150666873,-0.00438019715265625,0.0211008241222217,0.0257232719023932,1.5,1.5,1.5,1.5
0.825,f27c2278f5bdb77b,49.9766552103811,49.9955499858743,50.0210971662834,50.0257103295241,-0.0233447896188963,-0.00445001412570889,0.0210971662834041,0.0257103295241166,1.5,1.5,1.5,1.5
0.83,f27c2278f5bdb77b,49.9765233843235,49.9954808621076,50.0210934045344,50.0256974697093,-0.0234766156764934,-0.00451913789239455,0.0210934045343905,0.0256974697093355,1.5,1.5,1.5,1.5
0.835,f27c2278f5bdb77b,49.976393000987,49.9954124244477,50.0210895394042,50.0256846915646,-0.0236069990129693,-0.00458757555234968,0.021089539404187,0.0256846915646065,1.5,1.5,1.5,1.5
0.84,f27c2278f5bdb77b,49.9762640463353,49.9953446658659,50.0210855714219,50.0256719942047,-0.0237359536646622,-0.00465533413408536,0.0210855714219491,0.0256719942046928,1.5,1.5,1.5,1.5
0.845,f27c2278f5bdb77b,49.9761365064659,49.9952775794043,50.0210815011169,50.0256593767525,-0.0238634935340869,-0.00472242059570505,0.021081501116889,0.0256593767524862,1.5,1.5,1.5,1.5
0.85,f27c2278f5bdb77b,49.9760103676088,49.9952111581744,50.0210773290183,50.025646838339,-0.023989632391185,-0.0047888418256079,0.0210773290182829,0.0256468383389503,1.5,1.5,1.5,1.5
0.855,f27c2278f5bdb77b,49.9758856161254,49.9951453953569,50.0210730556554,50.025634378103,-0.0241143838746112,-0.00485460464314968,0.0210730556553642,0.025634378103021,1.5,1.5,1.5,1.5
0.86,f27c2278f5bdb77b,49.975762238507,49.9950802842006,50.0210686815573,50.0256219951915,-0.0242377614929623,-0.00491971579936745,0.0210686815573098,0.0256219951915355,1.5,1.5,1.5,1.5
0.865,f27c2278f5bdb77b,49.975640221374,49.9950158180224,50.0210642072532,50.0256096887592,-0.0243597786260139,-0.00498418197764749,0.0210642072531897,0.0256096887591823,1.5,1.5,1.5,1.5
0.87,f27c2278f5bdb77b,49.975519551474,49.9949519902056,50.0210596332719,50.0255974579684,-0.0244804485259564,-0.00504800979438613,0.0210596332719035,0.0255974579684022,1.5,1.5,1.5,1.5
0.875,f27c2278f5bdb77b,49.9754002156814,49.9948887942003,50.0210549601422,50.0255853019893,-0.0245997843185819,-0.00511120579965763,0.021054960142159,0.0255853019893308,1.5,1.5,1.5,1.5
0.88,f27c2278f5bdb77b,49.9752822009955,49.9948262235221,50.0210501883924,50.0255732199997,-0.0247177990045202,-0.0051737764779034,0.0210501883923939,0.0255732199996999,1.5,1.5,1.5,1.5
0.885,f27c2278f5bdb77b,49.9751654945396,49.9947642717515,50.0210453185508,50.0255612111848,-0.024834505460376,-0.00523572824852891,0.021045318550776,0.0255612111848151,1.5,1.5,1.5,1.5
0.89,f27c2278f5bdb77b,49.97505008356,49.9947029325334,50.0210403511451,50.0255492747375,-0.024949916439958,-0.00529706746661418,0.0210403511451176,0.0255492747374504,1.5,1.5,1.5,1.5
0.895,f27c2278f5bdb77b,49.9749359554246,49.9946421995765,50.0210352867028,50.0255374098578,-0.0250640445754158,-0.00535780042350353,0.0210352867028476,0.0255374098577832,1.5,1.5,1.5,1.5
0.9,f27c2278f5bdb77b,49.9748230976216,49.9945820666525,50.021030125751,50.0255256157533,-0.025176902378405,-0.00541793334745932,0.0210301257510039,0.0255256157533239,1.5,1.5,1.5,1.5
0.905,f27c2278f5bdb77b,49.9747114977588,49.9945225275957,50.0210248688161,50.0255138916389,-0.0252885022412244,-0.0054774724042872,0.0210248688161272,0.0255138916388731,1.5,1.5,1.5,1.5
0.91,f27c2278f5bdb77b,49.974601143562,49.994463576302,50.0210195164243,50.0255022367364,-0.0253988564379597,-0.00553642369796847,0.0210195164242819,0.0255022367364077,1.5,1.5,1.5,1.5
0.915,f27c2278f5bdb77b,49.9744920228744,49.9944052067288,50.021014069101,50.0254906502751,-0.0255079771255993,-0.0055947932712499,0.0210140691009784,0.0254906502750742,1.5,1.5,1.5,1.5
0.92,f27c2278f5bdb77b,49.9743841236549,49.9943474128937,50.0210085273712,50.0254791314911,-0.0256158763451353,-0.00565258710628314,0.0210085273711584,0.0254791314910534,1.5,1.5,1.5,1.5
0.925,f27c2278f5bdb77b,49.9742774339773,49.9942901888748,50.0210028917591,50.0254676796276,-0.0257225660226865,-0.00570981112518609,0.0210028917591458,0.0254676796275604,1.5,1.5,1.5,1.5
0.93,f27c2278f5bdb77b,49.9741719420294,49.9942335288093,50.0209971627886,50.0254562939347,-0.0258280579705854,-0.00576647119069662,0.0209971627886176,0.025456293934738,1.5,1.5,1.5,1.5
0.935,f27c2278f5bdb77b,49.9740676361116,49.9941774268933,50.0209913409825,50.0254449736696,-0.0259323638884368,-0.00582257310671253,0.0209913409825475,0.0254449736696145,1.5,1.5,1.5,1.5
0.94,f27c2278f5bdb77b,49.9739645046358,49.9941218773811,50.0209854268632,50.025433718096,-0.0260354953642263,-0.00587812261888843,0.0209854268631986,0.0254337180960107,1.5,1.5,1.5,1.5
0.945,f27c2278f5bdb77b,49.9738625361247,49.9940668745848,50.0209794209521,50.0254225264845,-0.0261374638753438,-0.00593312541524682,0.0209794209520879,0.0254225264845331,1.5,1.5,1.5,1.5
0.95,f27c2278f5bdb77b,49.9737617192104,49.9940124128733,50.0209733237699,50.0254113981124,-0.0262382807896415,-0.00598758712670389,0.0209733237699226,0.0254113981124391,1.5,1.5,1.5,1.5
0.955,f27c2278f5bdb77b,49.9736620426335,49.9939584866723,50.0209671358366,50.0254003322636,-0.0263379573665077,-0.00604151332767344,0.0209671358365924,0.0254003322636436,1.5,1.5,1.5,1.5
0.96,f27c2278f5bdb77b,49.9735634952422,49.9939050904634,50.0209608576711,50.0253893282286,-0.0264365047578394,-0.00609490953660696,0.0209608576711418,0.0253893282286128,1.5,1.5,1.5,1.5
0.965,f27c2278f5bdb77b,49.9734660659909,49.9938522187834,50.0209544897917,50.0253783853043,-0.0265339340091231,-0.00614778121656911,0.0209544897917269,0.0253783853043146,1.5,1.5,1.5,1.5
0.97,f27c2278f5bdb77b,49.9733697439396,49.9937998662242,50.0209480327156,50.0253675027942,-0.0266302560603933,-0.00620013377577777,0.0209480327155802,0.0253675027941682,1.5,1.5,1.5,1.5
0.975,f27c2278f5bdb77b,49.9732745182527,49.9937480274319,50.020941486959,50.025356680008,-0.0267254817472775,-0.00625197256812982,0.0209414869589821,0.0253566800079952,1.5,1.5,1.5,1.5
0.98,f27c2278f5bdb77b,49.973180378198,49.9936966971062,50.0209348530373,50.0253459162619,-0.0268196218019625,-0.00630330289379089,0.0209348530372537,0.0253459162619194,1.5,1.5,1.5,1.5
0.985,f27c2278f5bdb77b,49.9730873131458,49.9936458700003,50.0209281314647,50.0253352108783,-0.0269126868541676,-0.00635412999968565,0.0209281314647001,0.025335210878346,1.5,1.5,1.5,1.5
0.99,f27c2278f5bdb77b,49.9729953125678,49.99359554092,50.0209213227546,50.0253245631859,-0.0270046874321537,-0.00640445908004494,0.020921322754603,0.0253245631859045,1.5,1.5,1.5,1.5
0.995,f27c2278f5bdb77b,49.9729043660363,49.9935457047231,50.0209144274192,50.0253139725194,-0.0270956339636612,-0.00645429527693153,0.0209144274191644,0.0253139725193705,1.5,1.5,1.5,1.5
1,f27c2278f5bdb77b,49.9728144632231,49.9934963563193,50.0209074459695,50.0253034382196,-0.0271855367768694,-0.00650364368074463,0.0209074459695202,0.0253034382196091,1.5,1.5,1.5,1.5
1.005,f27c2278f5bdb77b,49.9727255938987,49.9934474906692,50.0209003789157,50.0252929596336,-0.0272744061013341,-0.0065525093307528,0.020900378915691,0.0252929596335534,1.5,1.5,1.5,1.5
1.01,f27c2278f5bdb77b,49.9726377479311,49.9933991027844,50.0208932267665,50.0252825361141,-0.0273622520689401,-0.00660089721559132,0.020893226766546,0.025282536114112,1.5,1.5,1.5,1.5
1.015,f27c2278f5bdb77b,49.9725509152852,49.9933511877262,50.0208859900298,50.0252721670201,-0.0274490847148385,-0.00664881227378089,0.0208859900297966,0.0252721670201339,1.5,1.5,1.5,1.5
1.02,f27c2278f5bdb77b,49.9724650860217,49.9933037406058,50.020878669212,50.0252618517163,-0.0275349139783145,-0.0066962593941895,0.0208786692119745,0.025261851716337,1.5,1.5,1.5,1.5
1.025,f27c2278f5bdb77b,49.9723802502962,49.9932567565834,50.0208712648184,50.0252515895733,-0.0276197497037742,-0.00674324341656529,0.0208712648183891,0.0252515895732728,1.5,1.5,1.5,1.5
1.03,f27c2278f5bdb77b,49.9722963983584,49.993210230868,50.0208637773531,50.0252413799673,-0.0277036016415764,-0.00678976913201979,0.0208637773531208,0.0252413799672837,1.5,1.5,1.5,1.5
1.035,f27c2278f5bdb77b,49.972213520551,49.9931641587165,50.020856207319,50.0252312222804,-0.027786479448956,-0.00683584128347547,0.0208562073189924,0.0252312222804107,1.5,1.5,1.5,1.5
1.04,f27c2278f5bdb77b,49.9721316073091,49.9931185354338,50.0208485552175,50.0252211159004,-0.0278683926909267,-0.00688146456620586,0.0208485552175475,0.0252211159003721,1.5,1.5,1.5,1.5
1.045,f27c2278f5bdb77b,49.9720506491589,49.9930733563718,50.020840821549,50.0252110602205,-0.0279493508411193,-0.00692664362824758,0.0208408215490294,0.0252110602205136,1.5,1.5,1.5,1.5
1.05,f27c2278f5bdb77b,49.9719706367173,49.9930286169291,50.0208330068124,50.0252010546397,-0.028029363282684,-0.00697138307091905,0.020833006812353,0.0252010546397301,1.5,1.5,1.5,1.5
1.055,f27c2278f5bdb77b,49.9718915606909,49.9929843125508,50.0208251115051,50.0251910985625,-0.028108439309122,-0.00701568744923975,0.0208251115051041,0.0251910985624519,1.5,1.5,1.5,1.5
1.06,f27c2278f5bdb77b,49.9718134118748,49.9929404387276,50.0208171361235,50.0251811913986,-0.028186588125152,-0.00705956127244889,0.0208171361234974,0.0251811913985662,1.5,1.5,1.5,1.5
1.065,f27c2278f5bdb77b,49.9717361811524,49.9928969909956,50.0208090811624,50.0251713325634,-0.028263818847563,-0.0071030090044033,0.020809081162362,0.0251713325633816,1.5,1.5,1.5,1.5
1.07,f27c2278f5bdb77b,49.971659859494,49.9928539649359,50.0208009471151,50.0251615214776,-0.0283401405060246,-0.00714603506405354,0.0208009471151342,0.025161521477564,1.5,1.5,1.5,1.5
1.075,f27c2278f5bdb77b,49.9715844379561,49.9928113561741,50.0207927344738,50.0251517575671,-0.0284155620439392,-0.00718864382591278,0.0207927344738295,0.025151757567123,1.5,1.5,1.5,1.5
1.08,f27c2278f5bdb77b,49.9715099076808,49.9927691603796,50.020784443729,50.0251420402633,-0.0284900923192453,-0.00723083962044768,0.0207844437290348,0.0251420402633187,1.5,1.5,1.5,1.5
1.085,f27c2278f5bdb77b,49.9714362598948,49.9927273732654,50.0207760753699,50.0251323690026,-0.0285637401052412,-0.00727262673457574,0.0207760753698594,0.0251323690026481,1.5,1.5,1.5,1.5
1.09,f27c2278f5bdb77b,49.9713634859086,49.992685990588,50.020767629884,50.0251227432268,-0.0286365140913816,-0.00731400941203475,0.0207676298839701,0.025122743226774,1.5,1.5,1.5,1.5
1.095,f27c2278f5bdb77b,49.9712915771159,49.9926450081461,50.0207591077575,50.0251131623825,-0.0287084228840726,-0.00735499185387312,0.0207591077575344,0.0251131623825032,1.5,1.5,1.5,1.5
1.1,f27c2278f5bdb77b,49.9712205249925,49.9926044217812,50.0207505094752,50.0251036259217,-0.0287794750074681,-0.00739557821884063,0.0207505094752065,0.0251036259217159,1.5,1.5,1.5,1.5
1.105,f27c2278f5bdb77b,49.9711503210958,49.9925642273762,50.0207418355201,50.0250941333013,-0.0288496789042441,-0.00743577262380057,0.0207418355201341,0.0250941333013301,1.5,1.5,1.5,1.5
1.11,f27c2278f5bdb77b,49.9710809570636,49.9925244208558,50.0207330863739,50.0250846839833,-0.0289190429363941,-0.00747557914419161,0.020733086373923,0.0250846839832732,1.5,1.5,1.5,1.5
1.115,f27c2278f5bdb77b,49.971012424614,49.9924849981856,50.0207242625166,50.0250752774344,-0.0289875753859548,-0.00751500181439013,0.0207242625166444,0.0250752774344107,1.5,1.5,1.5,1.5
1.12,f27c2278f5bdb77b,49.9709447155442,49.9924459553719,50.0207153644268,50.0250659131265,-0.0290552844558079,-0.00755404462813658,0.0207153644267848,0.0250659131265039,1.5,1.5,1.5,1.5
1.125,f27c2278f5bdb77b,49.9708778217296,49.992407288461,50.0207063925813,50.0250565905362,-0.0291221782703985,-0.00759271153895469,0.0207063925812747,0.025056590536181,1.5,1.5,1.5,1.5
1.13,f27c2278f5bdb77b,49.9708117351235,49.9923689935395,50.0206973474554,50.0250473091449,-0.0291882648765167,-0.00763100646052806,0.0206973474554317,0.0250473091448953,1.5,1.5,1.5,1.5
1.135,f27c2278f5bdb77b,49.970746447756,49.9923310667329,50.020688229523,50.0250380684389,-0.0292535522439934,-0.00766893326711937,0.020688229522996,0.0250380684388674,1.5,1.5,1.5,1.5
1.14,f27c2278f5bdb77b,49.9706819517335,49.9922935042061,50.0206790392561,50.025028867909,-0.0293180482664752,-0.007706495793947,0.0206790392560734,0.0250288679090431,1.5,1.5,1.5,1.5
1.145,f27c2278f5bdb77b,49.9706182392379,49.9922563021624,50.0206697771251,50.0250197070511,-0.0293817607621136,-0.00774369783756867,0.0206697771251427,0.0250197070510652,1.5,1.5,1.5,1.5
1.15,f27c2278f5bdb77b,49.9705553025257,49.9922194568437,50.0206604435991,50.0250105853652,-0.0294446974742897,-0.00778054315627941,0.0206604435990556,0.0250105853652087,1.5,1.5,1.5,1.5
1.155,f27c2278f5bdb77b,49.9704931339277,49.9921829645295,50.020651039145,50.0250015023564,-0.0295068660723459,-0.00781703547049517,0.0206510391449939,0.0250015023563748,1.5,1.5,1.5,1.5
1.16,f27c2278f5bdb77b,49.9704317258477,49.9921468215369,50.0206415642285,50.024992457534,-0.0295682741522754,-0.00785317846312239,0.0206415642284909,0.0249924575340117,1.5,1.5,1.5,1.5
1.165,f27c2278f5bdb77b,49.9703710707626,49.9921110242201,50.0206320193134,50.0249834504121,-0.029628929237397,-0.00788897577992032,0.0206320193133962,0.024983450412094,1.5,1.5,1.5,1.5
1.17,f27c2278f5bdb77b,49.9703111612209,49.9920755689701,50.0206224048619,50.0249744805091,-0.0296888387790872,-0.00792443102988472,0.0206224048618964,0.024974480509087,1.5,1.5,1.5,1.5
1.175,f27c2278f5bdb77b,49.9702519898426,49.9920404522144,50.0206127213345,50.0249655473479,-0.0297480101574479,-0.00795954778561736,0.0206127213344587,0.0249655473478967,1.5,1.5,1.5,1.5
1.18,f27c2278f5bdb77b,49.970193549318,49.9920056704163,50.0206029691899,50.0249566504558,-0.0298064506819529,-0.00799432958368129,0.0206029691898593,0.0249566504558132,1.5,1.5,1.5,1.5
1.185,f27c2278f5bdb77b,49.9701358324078,49.9919712200751,50.0205931488852,50.0249477893645,-0.02986416759218,-0.00802877992494899,0.0205931488851618,0.0249477893645178,1.5,1.5,1.5,1.5
1.19,f27c2278f5bdb77b,49.9700788319416,49.991937097725,50.0205832608757,50.02493896361,-0.0299211680584222,-0.00806290227497897,0.0205832608757177,0.0249389636099977,1.5,1.5,1.5,1.5
1.195,f27c2278f5bdb77b,49.9700225408176,49.9919032999357,50.0205733056151,50.0249301727325,-0.0299774591823621,-0.0080967000643497,0.0205733056151232,0.0249301727325459,1.5,1.5,1.5,1.5
1.2,f27c2278f5bdb77b,49.9699669520023,49.991869823311,50.0205632835553,50.0249214162767,-0.0300330479977404,-0.00813017668901495,0.020563283555262,0.0249214162766833,1.5,1.5,1.5,1.5
1.205,f27c2278f5bdb77b,49.969912058529,49.9918366644893,50.0205531951463,50.0249126937912,-0.0300879414709883,-0.00816333551065185,0.0205531951462632,0.0249126937911512,1.5,1.5,1.5,1.5
1.21,f27c2278f5bdb77b,49.9698578534981,49.991803820143,50.0205430408365,50.0249040048289,-0.0301421465018592,-0.00819617985699495,0.0205430408364933,0.0249040048288762,1.5,1.5,1.5,1.5
1.215,f27c2278f5bdb77b,49.9698043300759,49.9917712869778,50.0205328210726,50.0248953489469,-0.0301956699240762,-0.0082287130221772,0.0205328210725781,0.0248953489468917,1.5,1.5,1.5,1.5
1.22,f27c2278f5bdb77b,49.969751481494,49.9917390617329,50.0205225362993,50.0248867257064,-0.0302485185059567,-0.00826093826705687,0.020522536299346,0.0248867257063665,1.5,1.5,1.5,1.5
1.225,f27c2278f5bdb77b,49.969699301049,49.9917071411804,50.0205121869599,50.0248781346725,-0.0303006989510237,-0.00829285881957276,0.0205121869598841,0.0248781346725053,1.5,1.5,1.5,1.5
1.23,f27c2278f5bdb77b,49.9696477821014,49.991675522125,50.0205017734955,50.0248695754146,-0.0303522178986384,-0.00832447787504265,0.0205017734954751,0.0248695754145558,1.5,1.5,1.5,1.5
1.235,f27c2278f5bdb77b,49.9695969180754,49.9916442014035,50.0204912963456,50.0248610475058,-0.0304030819246108,-0.00835579859649016,0.0204912963456181,0.0248610475057518,1.5,1.5,1.5,1.5
1.24,f27c2278f5bdb77b,49.9695467024582,49.991613175885,50.020480755948,50.0248525505233,-0.0304532975417686,-0.00838682411500713,0.0204807559480358,0.0248525505232919,1.5,1.5,1.5,1.5
1.245,f27c2278f5bdb77b,49.9694971287994,49.99158244247,50.0204701527386,50.0248440840483,-0.0305028712006106,-0.00841755753000228,0.0204701527386248,0.0248440840482829,1.5,1.5,1.5,1.5
1.25,f27c2278f5bdb77b,49.9694481907101,49.9915519980904,50.0204594871515,50.0248356476657,-0.0305518092898538,-0.00844800190958495,0.0204594871514914,0.0248356476657321,1.5,1.5,1.5,1.5
1.255,f27c2278f5bdb77b,49.969399881863,49.9915218397092,50.020448759619,50.0248272409645,-0.0306001181370448,-0.00847816029082793,0.0204487596189509,0.0248272409644983,1.5,1.5,1.5,1.5
1.26,f27c2278f5bdb77b,49.9693521959909,49.9914919643199,50.0204379705715,50.0248188635372,-0.0306478040091278,-0.00850803568010861,0.0204379705714786,0.0248188635372486,1.5,1.5,1.5,1.5
1.265,f27c2278f5bdb77b,49.969305126887,49.9914623689466,50.0204271204377,50.0248105149804,-0.0306948731130419,-0.0085376310533789,0.0204271204377378,0.0248105149804445,1.5,1.5,1.5,1.5
1.27,f27c2278f5bdb77b,49.9692586684037,49.9914330506435,50.0204162096446,50.0248021948943,-0.0307413315962535,-0.00856694935651348,0.0204162096445799,0.0248021948943062,1.5,1.5,1.5,1.5
1.275,f27c2278f5bdb77b,49.9692128144526,49.9914040064944,50.020405238617,50.0247939028828,-0.0307871855473607,-0.00859599350557261,0.0204052386170304,0.0247939028827631,1.5,1.5,1.5,1.5
1.28,f27c2278f5bdb77b,49.9691675590034,49.9913752336129,50.0203942077783,50.0247856385534,-0.0308324409966474,-0.00862476638710774,0.02039420777826,0.024785638553432,1.5,1.5,1.5,1.5
1.285,f27c2278f5bdb77b,49.9691228960834,49.9913467291415,50.0203831175496,50.0247774015176,-0.0308771039166018,-0.00865327085847412,0.0203831175496489,0.0247774015175821,1.5,1.5,1.5,1.5
1.29,f27c2278f5bdb77b,49.9690788197775,49.9913184902519,50.0203719683507,50.0247691913901,-0.0309211802225065,-0.00868150974809367,0.0203719683506947,0.0247691913901207,1.5,1.5,1.5,1.5
1.295,f27c2278f5bdb77b,49.969035324227,49.9912905141442,50.0203607605991,50.0247610077895,-0.0309646757729709,-0.00870948585575348,0.0203607605990967,0.0247610077895217,1.5,1.5,1.5,1.5
1.3,f27c2278f5bdb77b,49.9689924036295,49.9912627980471,50.0203494947107,50.0247528503378,-0.0310075963704648,-0.00873720195289707,0.0203494947106861,0.0247528503378405,1.5,1.5,1.5,1.5
1.305,f27c2278f5bdb77b,49.9689500522382,49.9912353392171,50.0203381710995,50.0247447186606,-0.0310499477618364,-0.0087646607829015,0.0203381710994535,0.0247447186606422,1.5,1.5,1.5,1.5
1.31,f27c2278f5bdb77b,49.9689082643611,49.9912081349386,50.0203267901776,50.024736612387,-0.0310917356388813,-0.00879186506136875,0.0203267901775561,0.0247366123870023,1.5,1.5,1.5,1.5
1.315,f27c2278f5bdb77b,49.9688670343612,49.9911811825236,50.0203153523553,50.0247285311495,-0.0311329656388395,-0.00881881747636015,0.0203153523552757,0.0247285311494565,1.5,1.5,1.5,1.5
1.32,f27c2278f5bdb77b,49.9688263566551,49.9911544793113,50.0203038580411,50.024720474584,-0.0311736433448999,-0.00884552068873745,0.0203038580410819,0.0247204745839724,1.5,1.5,1.5,1.5
1.325,f27c2278f5bdb77b,49.9687862257132,49.9911280226676,50.0202923076416,50.0247124423299,-0.0312137742867549,-0.00887197733237599,0.0202923076415544,0.0247124423299354,1.5,1.5,1.5,1.5
1.33,f27c2278f5bdb77b,49.9687466360589,49.9911018099855,50.0202807015614,50.0247044340301,-0.0312533639410759,-0.00889819001445602,0.0202807015614397,0.0247044340300988,1.5,1.5,1.5,1.5
1.335,f27c2278f5bdb77b,49.968707582268,49.9910758386843,50.0202690402036,50.0246964493306,-0.0312924177320113,-0.00892416131571849,0.0202690402036225,0.0246964493305626,1.5,1.5,1.5,1.5
1.34,f27c2278f5bdb77b,49.9686690589683,49.9910501062092,50.0202573239691,50.0246884878808,-0.0313309410317402,-0.0089498937907635,0.0202573239691333,0.0246884878807521,1.5,1.5,1.5,1.5
1.345,f27c2278f5bdb77b,49.9686310608391,49.9910246100317,50.0202455532571,50.0246805493334,-0.0313689391608847,-0.00897538996826341,0.0202455532571477,0.0246805493333682,1.5,1.5,1.5,1.5
1.35,f27c2278f5bdb77b,49.9685935826109,49.9909993476488,50.020233728465,50.0246726333444,-0.0314064173890856,-0.00900065235123293,0.0202337284649801,0.0246726333443874,1.5,1.5,1.5,1.5
1.355,f27c2278f5bdb77b,49.9685566190646,49.9909743165827,50.0202218499881,50.024664739573,-0.0314433809354071,-0.00902568341730614,0.02022184998809,0.0246647395730051,1.5,1.5,1.5,1.5
1.36,f27c2278f5bdb77b,49.9685201650311,49.990949514381,50.0202099182201,50.0246568676816,-0.0314798349688772,-0.00905048561898525,0.0202099182200683,0.0246568676816281,1.5,1.5,1.5,1.5
1.365,f27c2278f5bdb77b,49.9684842153911,49.9909249386161,50.0201979335527,50.0246490173358,-0.031515784608942,-0.00907506138385372,0.0201979335526659,0.0246490173358325,1.5,1.5,1.5,1.5
1.37,f27c2278f5bdb77b,49.9684487650741,49.9909005868851,50.0201858963758,50.0246411882044,-0.031551234925935,-0.00909941311486762,0.0201858963757573,0.0246411882043631,1.5,1.5,1.5,1.5
1.375,f27c2278f5bdb77b,49.9684138090585,49.9908764568094,50.0201738070774,50.024633379959,-0.0315861909415389,-0.00912354319058295,0.0201738070773771,0.0246333799590488,1.5,1.5,1.5,1.5
1.38,f27c2278f5bdb77b,49.9683793423707,49.9908525460346,50.0201616660437,50.0246255922749,-0.0316206576292544,-0.0091474539654044,0.0201616660436841,0.0246255922748517,1.5,1.5,1.5,1.5
1.385,f27c2278f5bdb77b,49.9683453600851,49.9908288522302,50.020149473659,50.0246178248298,-0.0316546399148763,-0.00917114776981265,0.0201494736589893,0.0246178248297682,1.5,1.5,1.5,1.5
1.39,f27c2278f5bdb77b,49.9683118573231,49.9908053730894,50.0201372303057,50.0246100773049,-0.0316881426769129,-0.00919462691061312,0.0201372303057425,0.0246100773048639,1.5,1.5,1.5,1.5
1.395,f27c2278f5bdb77b,49.9682788292529,49.9907821063288,50.0201249363646,50.0246023493842,-0.0317211707470548,-0.00921789367117753,0.020124936364553,0.024602349384196,1.5,1.5,1.5,1.5
1.4,f27c2278f5bdb77b,49.9682462710894,49.9907590496884,50.0201125922142,50.0245946407548,-0.0317537289106298,-0.00924095031164995,0.0201125922141543,0.0245946407548203,1.5,1.5,1.5,1.5
1.405,f27c2278f5bdb77b,49.968214178093,49.9907362009308,50.0201001982314,50.0245869511067,-0.0317858219070146,-0.00926379906922392,0.0201001982314466,0.0245869511067482,1.5,1.5,1.5,1.5
1.41,f27c2278f5bdb77b,49.9681825455699,49.9907135578417,50.0200877547915,50.0245792801329,-0.0318174544301044,-0.00928644215832009,0.0200877547914615,0.0245792801329472,1.5,1.5,1.5,1.5
1.415,f27c2278f5bdb77b,49.9681513688713,49.9906911182291,50.0200752622674,50.0245716275293,-0.0318486311287174,-0.0093088817708562,0.0200752622673903,0.0245716275292764,1.5,1.5,1.5,1.5
1.42,f27c2278f5bdb77b,49.968120643393,49.9906688799236,50.0200627210306,50.0245639929945,-0.0318793566070497,-0.00933112007643899,0.0200627210305697,0.024563992994473,1.5,1.5,1.5,1.5
1.425,f27c2278f5bdb77b,49.9680903645749,49.9906468407774,50.0200501314505,50.0245563762302,-0.031909635425059,-0.00935315922259861,0.0200501314505033,0.0245563762301728,1.5,1.5,1.5,1.5
1.43,f27c2278f5bdb77b,49.9680605279011,49.990624998665,50.0200374938948,50.0245487769408,-0.0319394720989479,-0.00937500133502311,0.02003749389484,0.0245487769408044,1.5,1.5,1.5,1.5
1.435,f27c2278f5bdb77b,49.9680311288985,49.9906033514823,50.0200248087294,50.0245411948336,-0.0319688711015189,-0.00939664851774324,0.0200248087293744,0.0245411948336454,1.5,1.5,1.5,1.5
1.44,f27c2278f5bdb77b,49.9680021631374,49.9905818971466,50.0200120763181,50.0245336296187,-0.0319978368626224,-0.00941810285338107,0.0200120763180891,0.0245336296187375,1.5,1.5,1.5,1.5
1.445,f27c2278f5bdb77b,49.9679736262305,49.9905606335967,50.0199992970231,50.0245260810089,-0.0320263737695399,-0.00943936640334186,0.0199992970231051,0.0245260810088936,1.5,1.5,1.5,1.5
1.45,f27c2278f5bdb77b,49.9679455138326,49.990539558792,50.0199864712047,50.0245185487197,-0.0320544861674179,-0.00946044120803435,0.0199864712047244,0.0245185487196622,1.5,1.5,1.5,1.5
1.455,f27c2278f5bdb77b,49.9679178216403,49.9905186707129,50.0199735992214,50.0245110324693,-0.0320821783596585,-0.00948132928706968,0.0199735992213945,0.0245110324693272,1.5,1.5,1.5,1.5
1.46,f27c2278f5bdb77b,49.9678905453917,49.9904979673605,50.0199606814298,50.0245035319789,-0.0321094546082961,-0.00950203263948168,0.0199606814297582,0.0245035319788514,1.5,1.5,1.5,1.5
1.465,f27c2278f5bdb77b,49.9678636808656,49.9904774467561,50.0199477181846,50.0244960469719,-0.0321363191344162,-0.00952255324393292,0.0199477181846106,0.024496046971862,1.5,1.5,1.5,1.5
1.47,f27c2278f5bdb77b,49.9678372238815,49.9904571069411,50.0199347098389,50.0244885771746,-0.0321627761185326,-0.00954289305889233,0.0199347098389424,0.0244885771746368,1.5,1.5,1.5,1.5
1.475,f27c2278f5bdb77b,49.967811170299,49.9904369459771,50.0199216567439,50.0244811223161,-0.0321888297009707,-0.00956305402287683,0.0199216567439038,0.0244811223160966,1.5,1.5,1.5,1.5
1.48,f27c2278f5bdb77b,49.9677855160177,49.9904169619454,50.0199085592488,50.0244736821277,-0.0322144839822656,-0.00958303805460758,0.0199085592488402,0.0244736821277414,1.5,1.5,1.5,1.5
1.485,f27c2278f5bdb77b,49.9677602569765,49.9903971529468,50.0198954177013,50.0244662563437,-0.0322397430235242,-0.00960284705324455,0.0198954177012851,0.0244662563436648,1.5,1.5,1.5,1.5
1.49,f27c2278f5bdb77b,49.9677353891532,49.9903775171015,50.0198822324469,50.0244588447005,-0.0322646108467879,-0.00962248289854273,0.019882232446939,0.0244588447005043,1.5,1.5,1.5,1.5
1.495,f27c2278f5bdb77b,49.9677109085645,49.9903580525489,50.0198690038297,50.0244514469375,-0.0322890914354588,-0.00964194745108671,0.0198690038297187,0.024451446937455,1.5,1.5,1.5,1.5
1.5,f27c2278f5bdb77b,49.9676868112654,49.9903387574476,50.0198557321917,50.0244440627962,-0.0323131887345909,-0.00966124255243983,0.0198557321917292,0.0244440627962064,1.5,1.5,1.5,1.5
1.505,f27c2278f5bdb77b,49.9676630933487,49.9903196299746,50.0198424178733,50.024436692021,-0.0323369066513095,-0.00968037002537869,0.0198424178732779,0.0244366920209558,1.5,1.5,1.5,1.5
1.51,f27c2278f5bdb77b,49.9676397509448,49.990300668326,50.0198290612129,50.0244293343584,-0.0323602490551664,-0.00969933167403525,0.0198290612128673,0.0244293343583522,1.5,1.5,1.5,1.5
1.515,f27c2278f5bdb77b,49.9676167802215,49.9902818707159,50.0198156625472,50.0244219895575,-0.0323832197784668,-0.00971812928411708,0.0198156625472166,0.0244219895575171,1.5,1.5,1.5,1.5
1.52,f27c2278f5bdb77b,49.9675941773833,49.9902632353769,50.0198022222112,50.02441465737,-0.0324058226166528,-0.00973676462307083,0.0198022222112471,0.024414657369995,1.5,1.5,1.5,1.5
1.525,f27c2278f5bdb77b,49.9675719386714,49.9902447605597,50.0197887405381,50.0244073375497,-0.0324280613286376,-0.00975523944026691,0.019788740538111,0.0244073375497251,1.5,1.5,1.5,1.5
1.53,f27c2278f5bdb77b,49.9675500603628,49.9902264445328,50.0197752178592,50.0244000298531,-0.0324499396371749,-0.00977355546718428,0.0197752178591699,0.0244000298530622,1.5,1.5,1.5,1.5
1.535,f27c2278f5bdb77b,49.9675285387708,49.9902082855824,50.019761654504,50.0243927340387,-0.0324714612291714,-0.00979171441759519,0.0197616545040162,0.0243927340386989,1.5,1.5,1.5,1.5
1.54,f27c2278f5bdb77b,49.967507370244,49.9901902820123,50.0197480508005,50.0243854498677,-0.0324926297560424,-0.00980971798771435,0.0197480508004588,0.0243854498676939,1.5,1.5,1.5,1.5
1.545,f27c2278f5bdb77b,49.9674865511659,49.9901724321436,50.0197344070746,50.0243781771034,-0.0325134488340595,-0.00982756785641925,0.0197344070745515,0.0243781771034364,1.5,1.5,1.5,1.5
1.55,f27c2278f5bdb77b,49.9674660779553,49.9901547343146,50.0197207236506,50.0243709155116,-0.0325339220446708,-0.00984526568537092,0.019720723650579,0.0243709155116107,1.5,1.5,1.5,1.5
1.555,f27c2278f5bdb77b,49.9674459470652,49.9901371868808,50.0197070008511,50.0243636648602,-0.0325540529348274,-0.00986281311921999,0.0197070008510778,0.0243636648602035,1.5,1.5,1.5,1.5
1.56,f27c2278f5bdb77b,49.9674261549827,49.9901197882142,50.0196932389968,50.0243564249195,-0.0325738450173461,-0.00988021178576304,0.0196932389968225,0.0243564249194534,1.5,1.5,1.5,1.5
1.565,f27c2278f5bdb77b,49.9674066982288,49.9901025367039,50.0196794384068,50.0243491954619,-0.0325933017711719,-0.00989746329612728,0.0196794384068468,0.0243491954618662,1.5,1.5,1.5,1.5
1.57,f27c2278f5bdb77b,49.9673875733582,49.9900854307551,50.0196655993984,50.0243419762622,-0.0326124266417693,-0.00991456924489853,0.0196655993984294,0.0243419762621642,1.5,1.5,1.5,1.5
1.575,f27c2278f5bdb77b,49.9673687769586,49.9900684687897,50.0196517222871,50.0243347670973,-0.0326312230413848,-0.0099315312103343,0.0196517222871293,0.0243347670973009,1.5,1.5,1.5,1.5
1.58,f27c2278f5bdb77b,49.9673503056506,49.9900516492455,50.0196378073868,50.0243275677464,-0.032649694349395,-0.00994835075448464,0.0196378073867507,0.0243275677464041,1.5,1.5,1.5,1.5
1.585,f27c2278f5bdb77b,49.9673321560874,49.9900349705766,50.0196238550094,50.0243203779908,-0.0326678439126127,-0.00996502942337685,0.0196238550093923,0.0243203779907759,1.5,1.5,1.5,1.5
1.59,f27c2278f5bdb77b,49.9673143249544,49.9900184312528,50.0196098654654,50.0243131976139,-0.0326856750455775,-0.00998156874717182,0.0196098654654122,0.0243131976138997,1.5,1.5,1.5,1.5
1.595,f27c2278f5bdb77b,49.9672968089691,49.9900020297597,50.0195958390635,50.0243060264014,-0.0327031910309046,-0.00999797024032034,0.0195958390634559,0.024306026401355,1.5,1.5,1.5,1.5
1.6,f27c2278f5bdb77b,49.9672796048805,49.9899857645983,50.0195817761105,50.0242988641409,-0.0327203951195401,-0.0100142354017052,0.0195817761104635,0.0242988641408886,1.5,1.5,1.5,1.5
1.605,f27c2278f5bdb77b,49.9672627094689,49.9899696342852,50.0195676769117,50.0242917106223,-0.0327372905310952,-0.010030365714826,0.019567676911656,0.0242917106223075,1.5,1.5,1.5,1.5
1.61,f27c2278f5bdb77b,49.9672461195459,49.9899536373521,50.0195535417706,50.0242845656375,-0.0327538804541163,-0.0100463626479268,0.0195535417705557,0.0242845656375295,1.5,1.5,1.5,1.5
1.615,f27c2278f5bdb77b,49.9672298319536,49.9899377723458,50.019539370989,50.0242774289805,-0.0327701680464259,-0.0100622276541529,0.0195393709890013,0.0242774289805325,1.5,1.5,1.5,1.5
1.62,f27c2278f5bdb77b,49.9672138435647,49.9899220378283,50.0195251648671,50.0242703004473,-0.0327861564353498,-0.0100779621717138,0.019525164867126,0.0242703004473341,1.5,1.5,1.5,1.5
1.625,f27c2278f5bdb77b,49.9671981512819,49.989906432376,50.0195109237034,50.024263179836,-0.0328018487180799,-0.0100935676240184,0.019510923703379,0.024263179835998,1.5,1.5,1.5,1.5
1.63,f27c2278f5bdb77b,49.9671827520381,49.9898909545802,50.0194966477945,50.0242560669466,-0.0328172479618942,-0.0101090454198314,0.01949664779454,0.0242560669465917,1.5,1.5,1.5,1.5
1.635,f27c2278f5bdb77b,49.9671676427955,49.9898756030466,50.0194823374357,50.0242489615812,-0.0328323572044908,-0.0101243969534011,0.0194823374357043,0.0242489615811934,1.5,1.5,1.5,1.5
1.64,f27c2278f5bdb77b,49.9671528205458,49.9898603763954,50.0194679929203,50.0242418635438,-0.0328471794542295,-0.0101396236046298,0.0194679929203119,0.0242418635438497,1.5,1.5,1.5,1.5
1.645,f27c2278f5bdb77b,49.9671382823095,49.9898452732608,50.0194536145401,50.0242347726406,-0.0328617176904515,-0.0101547267392093,0.0194536145401116,0.0242347726405754,1.5,1.5,1.5,1.5
1.65,f27c2278f5bdb77b,49.9671240251363,49.9898302922913,50.0194392025852,50.0242276886793,-0.032875974863714,-0.0101697077087337,0.0194392025852324,0.024227688679332,1.5,1.5,1.5,1.5
1.655,f27c2278f5bdb77b,49.9671100461039,49.9898154321491,50.0194247573441,50.02422061147,-0.0328899538961025,-0.0101845678508923,0.0194247573441331,0.024220611470021,1.5,1.5,1.5,1.5
1.66,f27c2278f5bdb77b,49.9670963423185,49.9898006915104,50.0194102791036,50.0242135408244,-0.0329036576814588,-0.0101993084895611,0.0194102791036244,0.0242135408244479,1.5,1.5,1.5,1.5
1.665,f27c2278f5bdb77b,49.9670829109143,49.989786069065,50.0193957681489,50.0242064765563,-0.0329170890857,-0.0102139309349525,0.0193957681488897,0.0242064765563228,1.5,1.5,1.5,1.5
1.67,f27c2278f5bdb77b,49.967069749053,49.9897715635162,50.0193812247635,50.0241994184812,-0.0329302509470395,-0.0102284364837786,0.0193812247634639,0.0241994184812384,1.5,1.5,1.5,1.5
1.675,f27c2278f5bdb77b,49.9670568539237,49.9897571735806,50.0193666492293,50.0241923664167,-0.0329431460762706,-0.0102428264193506,0.0193666492292692,0.0241923664166563,1.5,1.5,1.5,1.5
1.68,f27c2278f5bdb77b,49.967044222743,49.9897428979883,50.0193520418266,50.0241853201819,-0.0329557772570297,-0.0102571020117139,0.0193520418266075,0.0241853201818927,1.5,1.5,1.5,1.5
1.685,f27c2278f5bdb77b,49.9670318527539,49.9897287354822,50.0193374028342,50.0241782795981,-0.0329681472460521,-0.0102712645178187,0.0193374028341609,0.0241782795980967,1.5,1.5,1.5,1.5
1.69,f27c2278f5bdb77b,49.9670197412266,49.9897146848184,50.019322732529,50.0241712444882,-0.0329802587734065,-0.0102853151815978,0.0193227325289911,0.0241712444882296,1.5,1.5,1.5,1.5
1.695,f27c2278f5bdb77b,49.9670078854572,49.9897007447659,50.0193080311866,50.0241642146771,-0.0329921145427861,-0.0102992552341377,0.0193080311865828,0.0241642146770786,1.5,1.5,1.5,1.5
1.7,f27c2278f5bdb77b,49.9669962827683,49.9896869141062,50.0192932990808,50.0241571899912,-0.033003717231729,-0.0103130858937845,0.0192932990807932,0.0241571899912003,1.5,1.5,1.5,1.5
1.705,f27c2278f5bdb77b,49.9669849305081,49.9896731916337,50.0192785364839,50.0241501702589,-0.0330150694918956,-0.0103268083662797,0.0192785364839239,0.0241501702589417,1.5,1.5,1.5,1.5
1.71,f27c2278f5bdb77b,49.9669738260507,49.9896595761551,50.0192637436667,50.0241431553104,-0.033026173949267,-0.0103404238448732,0.0192637436666701,0.024143155310405,1.5,1.5,1.5,1.5
1.715,f27c2278f5bdb77b,49.9669629667956,49.9896460664895,50.0192489208981,50.0241361449774,-0.0330370332044438,-0.0103539335104728,0.0192489208981499,0.0241361449774473,1.5,1.5,1.5,1.5
1.72,f27c2278f5bdb77b,49.9669523501671,49.9896326614683,50.0192340684459,50.0241291390936,-0.0330476498328522,-0.0103673385317435,0.0192340684459253,0.0241291390936311,1.5,1.5,1.5,1.5
1.725,f27c2278f5bdb77b,49.966941973615,49.9896193599348,50.019219186576,50.0241221374943,-0.0330580263849924,-0.0103806400652289,0.0192191865759668,0.0241221374942739,1.5,1.5,1.5,1.5
1.73,f27c2278f5bdb77b,49.9669318346133,49.9896061607445,50.0192042755527,50.0241151400164,-0.0330681653866876,-0.0103938392554923,0.019204275552724,0.0241151400163702,1.5,1.5,1.5,1.5
1.735,f27c2278f5bdb77b,49.9669219306607,49.9895930627648,50.0191893356391,50.0241081464986,-0.0330780693392896,-0.0104069372352171,0.0191893356390622,0.0241081464986053,1.5,1.5,1.5,1.5
1.74,f27c2278f5bdb77b,49.9669122592801,49.9895800648747,50.0191743670963,50.0241011567814,-0.0330877407199495,-0.0104199351253342,0.0191743670963191,0.0241011567813558,1.5,1.5,1.5,1.5
1.745,f27c2278f5bdb77b,49.9669028180182,49.9895671659649,50.0191593701843,50.0240941707066,-0.0330971819818018,-0.0104328340351358,0.0191593701842834,0.0240941707066256,1.5,1.5,1.5,1.5
1.75,f27c2278f5bdb77b,49.9668936044458,49.9895543649376,50.0191443451612,50.0240871881181,-0.033106395554249,-0.0104456350623963,0.0191443451612159,0.0240871881181093,1.5,1.5,1.5,1.5
1.755,f27c2278f5bdb77b,49.9668846161569,49.9895416607065,50.0191292922838,50.0240802088611,-0.0331153838431248,-0.0104583392934785,0.01912929228385,0.0240802088611005,1.5,1.5,1.5,1.5
1.76,f27c2278f5bdb77b,49.966875850769,49.9895290521966,50.0191142118074,50.0240732327825,-0.0331241492309786,-0.0104709478034479,0.0191142118074055,0.0240732327825199,1.5,1.5,1.5,1.5
1.765,f27c2278f5bdb77b,49.9668673059227,49.9895165383438,50.0190991039856,50.0240662597309,-0.0331326940772527,-0.0104834616561931,0.0190991039855746,0.0240662597309154,1.5,1.5,1.5,1.5
1.77,f27c2278f5bdb77b,49.9668589792815,49.9895041180955,50.0190839690706,50.0240592895564,-0.0331410207185243,-0.0104958819045322,0.0190839690705644,0.0240592895563907,1.5,1.5,1.5,1.5
1.775,f27c2278f5bdb77b,49.9668508685313,49.9894917904097,50.0190688073131,50.0240523221107,-0.0331491314686971,-0.01050820959032,0.0190688073130616,0.0240523221106628,1.5,1.5,1.5,1.5
1.78,f27c2278f5bdb77b,49.9668429713807,49.9894795542554,50.0190536189623,50.024045357247,-0.0331570286192573,-0.010520445744568,0.0190536189622676,0.0240453572469974,1.5,1.5,1.5,1.5
1.785,f27c2278f5bdb77b,49.9668352855605,49.9894674086125,50.0190384042659,50.0240383948202,-0.0331647144394509,-0.0105325913875376,0.0190384042659133,0.0240383948202094,1.5,1.5,1.5,1.5
1.79,f27c2278f5bdb77b,49.9668278088235,49.9894553524711,50.0190231634702,50.0240314346867,-0.0331721911765257,-0.0105446475288602,0.0190231634702158,0.0240314346866839,1.5,1.5,1.5,1.5
1.795,f27c2278f5bdb77b,49.9668205389441,49.9894433848324,50.01900789682,50.0240244767043,-0.0331794610559015,-0.0105566151676229,0.0190078968199501,0.024024476704291,1.5,1.5,1.5,1.5
1.8,f27c2278f5bdb77b,49.9668134737186,49.9894315047075,50.0189926045584,50.0240175207324,-0.0331865262814119,-0.0105684952925031,0.0189926045583988,0.0240175207324498,1.5,1.5,1.5,1.5
1.805,f27c2278f5bdb77b,49.9668066109645,49.9894197111181,50.0189772869274,50.0240105666321,-0.0331933890355032,-0.0105802888818545,0.0189772869274165,0.0240105666320645,1.5,1.5,1.5,1.5
1.81,f27c2278f5bdb77b,49.9667999485206,49.9894080030962,50.0189619441674,50.0240036142655,-0.0332000514794117,-0.0105919969038126,0.0189619441673656,0.0240036142655455,1.5,1.5,1.5,1.5
1.815,f27c2278f5bdb77b,49.9667934842466,49.9893963796836,50.0189465765172,50.0239966634968,-0.0332065157533989,-0.0106036203163811,0.0189465765172017,0.023996663496753,1.5,1.5,1.5,1.5
1.82,f27c2278f5bdb77b,49.9667872160231,49.9893848399324,50.0189311842144,50.023989714191,-0.0332127839769356,-0.0106151600675659,0.0189311842144022,0.0239897141910461,1.5,1.5,1.5,1.5
1.825,f27c2278f5bdb77b,49.9667811417511,49.9893733829046,50.018915767495,50.0239827662152,-0.0332188582488939,-0.010626617095447,0.018915767495038,0.0239827662152194,1.5,1.5,1.5,1.5
1.83,f27c2278f5bdb77b,49.9667752593522,49.9893620076717,50.0189003265938,50.0239758194375,-0.0332247406477677,-0.0106379923282915,0.0189003265937515,0.0239758194375028,1.5,1.5,1.5,1.5
1.835,f27c2278f5bdb77b,49.9667695667682,49.9893507133154,50.0188848617438,50.0239688737276,-0.0332304332318216,-0.0106492866846324,0.01888486174375,0.0239688737275756,1.5,1.5,1.5,1.5
1.84,f27c2278f5bdb77b,49.9667640619607,49.9893394989266,50.0188693731768,50.0239619289565,-0.0332359380393328,-0.0106605010734029,0.018869373176841,0.023961928956524,1.5,1.5,1.5,1.5
1.845,f27c2278f5bdb77b,49.9667587429113,49.989328363606,50.0188538611234,50.0239549849968,-0.033241257088747,-0.0106716363939867,0.0188538611234179,0.023954984996827,1.5,1.5,1.5,1.5
1.85,f27c2278f5bdb77b,49.9667536076211,49.9893173064637,50.0188383258125,50.0239480417224,-0.0332463923788708,-0.0106826935363458,0.0188383258124745,0.0239480417223845,1.5,1.5,1.5,1.5
1.855,f27c2278f5bdb77b,49.9667486541109,49.9893063266189,50.0188227674716,50.0239410990085,-0.0332513458890915,-0.0106936733810983,0.0188227674716259,0.0239410990084679,1.5,1.5,1.5,1.5
1.86,f27c2278f5bdb77b,49.9667438804205,49.9892954232004,50.0188071863271,50.0239341567317,-0.033256119579498,-0.0107045767996254,0.0188071863270878,0.0239341567317126,1.5,1.5,1.5,1.5
1.865,f27c2278f5bdb77b,49.9667392846089,49.9892845953459,50.0187915826037,50.0239272147701,-0.0332607153911368,-0.0107154046541424,0.0187915826036971,0.0239272147701257,1.5,1.5,1.5,1.5
1.87,f27c2278f5bdb77b,49.9667348647539,49.9892738422022,50.0187759565249,50.0239202730031,-0.0332651352461326,-0.0107261577978051,0.0187759565249124,0.023920273003057,1.5,1.5,1.5,1.5
1.875,f27c2278f5bdb77b,49.9667306189521,49.9892631629252,50.0187603083128,50.0239133313112,-0.0332693810479086,-0.0107368370748091,0.0187603083128423,0.0239133313111921,1.5,1.5,1.5,1.5
1.88,f27c2278f5bdb77b,49.9667265453187,49.9892525566796,50.0187446381882,50.0239063895766,-0.0332734546813427,-0.0107474433204402,0.018744638188231,0.0239063895765597,1.5,1.5,1.5,1.5
1.885,f27c2278f5bdb77b,49.966722641987,49.9892420226388,50.0187289463705,50.0238994476825,-0.0332773580129526,-0.0107579773612088,0.0187289463704658,0.0238994476824814,1.5,1.5,1.5,1.5
1.89,f27c2278f5bdb77b,49.9667189071089,49.9892315599851,50.0187132330776,50.0238925055136,-0.0332810928910519,-0.0107684400149211,0.0187132330775839,0.0238925055136079,1.5,1.5,1.5,1.5
1.895,f27c2278f5bdb77b,49.966715338854,49.9892211679092,50.0186974985263,50.0238855629559,-0.033284661145963,-0.0107788320907574,0.0186974985262935,0.0238855629558614,1.5,1.5,1.5,1.5
1.9,f27c2278f5bdb77b,49.9667119354098,49.9892108456106,50.018681742932,50.0238786198965,-0.0332880645901525,-0.0107891543893501,0.0186817429319603,0.0238786198964647,1.5,1.5,1.5,1.5
1.905,f27c2278f5bdb77b,49.9667086949816,49.9892005922971,50.0186659665086,50.0238716762239,-0.0332913050184018,-0.0107994077028977,0.0186659665086495,0.0238716762239122,1.5,1.5,1.5,1.5
1.91,f27c2278f5bdb77b,49.966705615792,49.9891904071848,50.0186501694691,50.023864731828,-0.0332943842079985,-0.0108095928152281,0.0186501694690691,0.0238647318279561,1.5,1.5,1.5,1.5
1.915,f27c2278f5bdb77b,49.9667026960811,49.9891802894981,50.0186343520246,50.0238577865996,-0.0332973039188786,-0.0108197105018917,0.0186343520246481,0.0238577865995993,1.5,1.5,1.5,1.5
1.92,f27c2278f5bdb77b,49.9666999341062,49.9891702384698,50.0186185143855,50.0238508404311,-0.033300065893819,-0.0108297615302178,0.0186185143854942,0.0238508404310949,1.5,1.5,1.5,1.5
1.925,f27c2278f5bdb77b,49.9666973281414,49.9891602533406,50.0186026567604,50.0238438932159,-0.0333026718585643,-0.0108397466594496,0.0186026567604216,0.0238438932159255,1.5,1.5,1.5,1.5
1.93,f27c2278f5bdb77b,49.966694876478,49.9891503333592,50.018586779357,50.0238369448488,-0.0333051235220196,-0.0108496666407731,0.0185867793569514,0.0238369448487958,1.5,1.5,1.5,1.5
1.935,f27c2278f5bdb77b,49.9666925774236,49.9891404777826,50.0185708823813,50.0238299952256,-0.0333074225763852,-0.0108595222174088,0.0185708823813187,0.0238299952256256,1.5,1.5,1.5,1.5
1.94,f27c2278f5bdb77b,49.9666904293027,49.9891306858753,50.0185549660385,50.0238230442435,-0.0333095706973481,-0.0108693141247187,0.0185549660384794,0.023823044243521,1.5,1.5,1.5,1.5
1.945,f27c2278f5bdb77b,49.9666884304558,49.9891209569098,50.0185390305321,50.0238160918008,-0.0333115695442032,-0.0108790430902488,0.0185390305321249,0.0238160918008035,1.5,1.5,1.5,1.5
1.95,f27c2278f5bdb77b,49.96668657924,49.9891112901662,50.0185230760647,50.023809137797,-0.0333134207600239,-0.0108887098338286,0.0185230760646746,0.0238091377969667,1.5,1.5,1.5,1.5
1.955,f27c2278f5bdb77b,49.9666848740282,49.9891016849324,50.0185071028373,50.0238021821327,-0.0333151259718321,-0.0108983150676494,0.0185071028372903,0.0238021821326768,1.5,1.5,1.5,1.5
1.96,f27c2278f5bdb77b,49.9666833132093,49.9890921405037,50.0184911110499,50.0237952247098,-0.0333166867907266,-0.0109078594963279,0.0184911110498831,0.0237952247097581,1.5,1.5,1.5,1.5
1.965,f27c2278f5bdb77b,49.966681895188,49.989082656183,50.0184751009011,50.0237882654312,-0.0333181048120395,-0.0109173438169705,0.0184751009011279,0.0237882654312074,1.5,1.5,1.5,1.5
1.97,f27c2278f5bdb77b,49.9666806183845,49.9890732312807,50.0184590725884,50.0237813042011,-0.0333193816154917,-0.0109267687192869,0.018459072588449,0.0237813042011439,1.5,1.5,1.5,1.5
1.975,f27c2278f5bdb77b,49.9666794812346,49.9890638651144,50.018443026308,50.0237743409248,-0.0333205187653505,-0.0109361348856325,0.0184430263080415,0.0237743409248381,1.5,1.5,1.5,1.5
1.98,f27c2278f5bdb77b,49.9666784821894,49.9890545570089,50.0184269622549,50.0237673755087,-0.0333215178105561,-0.0109454429910869,0.0184269622548854,0.0237673755086689,1.5,1.5,1.5,1.5
1.985,f27c2278f5bdb77b,49.9666776197151,49.9890453062965,50.0184108806227,50.0237604078602,-0.0333223802848721,-0.010954693703539,0.0184108806227243,0.0237604078601592,1.5,1.5,1.5,1.5
1.99,f27c2278f5bdb77b,49.966676892293,49.9890361123163,50.0183947816041,50.0237534378879,-0.0333231077070337,-0.0109638876837366,0.0183947816041155,0.0237534378879118,1.5,1.5,1.5,1.5
1.995,f27c2278f5bdb77b,49.9666762984191,49.9890269744146,50.0183786653904,50.0237464655016,-0.0333237015809118,-0.010973025585379,0.0183786653903866,0.0237464655016453,1.5,1.5,1.5,1.5
2,f27c2278f5bdb77b,49.9666758366044,49.9890178919448,50.0183625321717,50.0237394906122,-0.0333241633955979,-0.010982108055174,0.018362532171686,0.0237394906121651,1.5,1.5,1.5,1.5
2.005,f27c2278f5bdb77b,49.9666755053744,49.9890088642671,50.018346382137,50.0237325131313,-0.0333244946256102,-0.0109911357329082,0.0183463821369543,0.0237325131313497,1.5,1.5,1.5,1.5
2.01,f27c2278f5bdb77b,49.966675303269,49.9889998907485,50.018330215474,50.0237255329722,-0.0333246967309861,-0.0110001092515404,0.0183302154739593,0.0237255329721506,1.5,1.5,1.5,1.5
2.015,f27c2278f5bdb77b,49.9666752288426,49.9889909707628,50.0183140323693,50.0237185500486,-0.0333247711574316,-0.0110090292372149,0.0183140323692825,0.0237185500485992,1.5,1.5,1.5,1.5
2.02,f27c2278f5bdb77b,49.9666752806635,49.9889821036906,50.0182978330083,50.0237115642758,-0.033324719336477,-0.011017896309383,0.0182978330083401,0.0237115642757644,1.5,1.5,1.5,1.5
2.025,f27c2278f5bdb77b,49.9666754573144,49.9889732889191,50.0182816175754,50.0237045755698,-0.0333245426855768,-0.0110267110808522,0.0182816175753757,0.0237045755697665,1.5,1.5,1.5,1.5
2.03,f27c2278f5bdb77b,49.9666757573917,49.9889645258422,50.0182653862535,50.0236975838478,-0.0333242426082734,-0.0110354741578433,0.0182653862534821,0.0236975838477633,1.5,1.5,1.5,1.5
2.035,f27c2278f5bdb77b,49.9666761795057,49.9889558138599,50.0182491392246,50.0236905890279,-0.0333238204943171,-0.0110441861400616,0.0182491392245865,0.023690589027936,1.5,1.5,1.5,1.5
2.04,f27c2278f5bdb77b,49.9666767222802,49.9889471523792,50.0182328766695,50.0236835910295,-0.0333232777197807,-0.0110528476207676,0.0182328766694937,0.0236835910295028,1.5,1.5,1.5,1.5
2.045,f27c2278f5bdb77b,49.9666773843528,49.9889385408132,50.0182165987678,50.0236765897727,-0.0333226156472293,-0.011061459186827,0.018216598767836,0.0236765897726698,1.5,1.5,1.5,1.5
2.05,f27c2278f5bdb77b,49.9666781643742,49.9889299785812,50.0182003056981,50.0236695851787,-0.0333218356258058,-0.0110700214187887,0.0182003056981372,0.0236695851786806,1.5,1.5,1.5,1.5
2.055,f27c2278f5bdb77b,49.9666790610086,49.9889214651091,50.0181839976378,50.0236625771697,-0.0333209389914018,-0.0110785348909488,0.0181839976377987,0.0236625771697376,1.5,1.5,1.5,1.5
2.06,f27c2278f5bdb77b,49.9666800729333,49.9889129998286,50.0181676747631,50.0236555656691,-0.0333199270667279,-0.0110870001714005,0.0181676747630775,0.0236555656690598,1.5,1.5,1.5,1.5
2.065,f27c2278f5bdb77b,49.9666811988385,49.9889045821779,50.0181513372491,50.0236485506008,-0.0333188011614922,-0.0110954178220979,0.0181513372491295,0.023648550600825,1.5,1.5,1.5,1.5
2.07,f27c2278f5bdb77b,49.9666824374275,49.9888962116011,50.01813498527,50.0236415318902,-0.0333175625724991,-0.0111037883989198,0.0181349852700166,0.0236415318902132,1.5,1.5,1.5,1.5
2.075,f27c2278f5bdb77b,49.9666837874162,49.9888878875483,50.0181186189987,50.0236345094633,-0.0333162125837632,-0.0111121124517481,0.0181186189986775,0.0236345094633279,1.5,1.5,1.5,1.5
2.08,f27c2278f5bdb77b,49.9666852475333,49.9888796094755,50.018102238607,50.0236274832473,-0.0333147524666586,-0.0111203905244892,0.0181022386069785,0.0236274832472674,1.5,1.5,1.5,1.5
2.085,f27c2278f5bdb77b,49.96668681652,49.9888713768448,50.0180858442657,50.0236204531701,-0.0333131834800113,-0.011128623155173,0.0180858442656699,0.0236204531700537,1.5,1.5,1.5,1.5
2.09,f27c2278f5bdb77b,49.9666884931298,49.988863189124,50.0180694361444,50.0236134191607,-0.033311506870227,-0.011136810875982,0.0180694361444438,0.023613419160661,1.5,1.5,1.5,1.5
2.095,f27c2278f5bdb77b,49.9666902761286,49.9888550457867,50.0180530144119,50.023606381149,-0.0333097238714259,-0.0111449542133215,0.0180530144119047,0.0236063811489942,1.5,1.5,1.5,1.5
2.1,f27c2278f5bdb77b,49.9666921642945,49.9888469463121,50.0180365792356,50.0235993390659,-0.0333078357055214,-0.0111530536878774,0.0180365792355985,0.0235993390658749,1.5,1.5,1.5,1.5
2.105,f27c2278f5bdb77b,49.9666941564176,49.9888388901853,50.018020130782,50.0235922928431,-0.0333058435823759,-0.0111611098146867,0.0180201307819985,0.0235922928430625,1.5,1.5,1.5,1.5
2.11,f27c2278f5bdb77b,49.9666962513001,49.9888308768968,50.0180036692165,50.0235852424132,-0.0333037486999004,-0.0111691231031514,0.018003669216526,0.023585242413219,1.5,1.5,1.5,1.5
2.115,f27c2278f5bdb77b,49.9666984477558,49.9888229059429,50.0179871947036,50.0235781877099,-0.0333015522441542,-0.0111770940571461,0.0179871947035508,0.0235781877098944,1.5,1.5,1.5,1.5
2.12,f27c2278f5bdb77b,49.9667007446105,49.988814976825,50.0179707074064,50.0235711286676,-0.0332992553894798,-0.0111850231750452,0.0179707074063913,0.0235711286675553,1.5,1.5,1.5,1.5
2.125,f27c2278f5bdb77b,49.9667031407014,49.9888070890502,50.0179542074873,50.0235640652215,-0.0332968592985949,-0.0111929109497737,0.0179542074873424,0.0235640652215494,1.5,1.5,1.5,1.5
2.13,f27c2278f5bdb77b,49.9667056348773,49.9887992421311,50.0179376951077,50.0235569973081,-0.0332943651227211,-0.0112007578688704,0.0179376951076549,0.0235569973081127,1.5,1.5,1.5,1.5
2.135,f27c2278f5bdb77b,49.9667082259983,49.9887914355855,50.0179211704276,50.0235499248643,-0.0332917740016683,-0.0112085644145452,0.0179211704275559,0.0235499248643407,1.5,1.5,1.5,1.5
2.14,f27c2278f5bdb77b,49.966710912936,49.9887836689363,50.0179046336063,50.0235428478282,-0.0332890870639773,-0.0112163310637357,0.017904633606264,0.0235428478282103,1.5,1.5,1.5,1.5
2.145,f27c2278f5bdb77b,49.966713694573,49.9887759417119,50.017888084802,50.0235357661386,-0.0332863054269836,-0.0112240582881356,0.0178880848019745,0.0235357661385578,1.5,1.5,1.5,1.5
2.15,f27c2278f5bdb77b,49.966716569803,49.9887682534457,50.0178715241719,50.0235286797351,-0.033283430196974,-0.0112317465542731,0.0178715241718734,0.0235286797350582,1.5,1.5,1.5,1.5
2.155,f27c2278f5bdb77b,49.9667195375308,49.9887606036765,50.0178549518721,50.0235215885583,-0.03328046246925,-0.0112393963235462,0.0178549518721454,0.0235215885582605,1.5,1.5,1.5,1.5
2.16,f27c2278f5bdb77b,49.9667225966718,49.9887529919477,50.017838368058,50.0235144925495,-0.0332774033282348,-0.0112470080522868,0.0178383680579941,0.0235144925495305,1.5,1.5,1.5,1.5
2.165,f27c2278f5bdb77b,49.9667257461524,49.9887454178082,50.0178217728836,50.0235073916511,-0.0332742538476225,-0.0112545821918033,0.0178217728836145,0.02350739165108,1.5,1.5,1.5,1.5
2.17,f27c2278f5bdb77b,49.9667289849096,49.9887378808116,50.0178051665022,50.0235002858059,-0.0332710150904134,-0.011262119188423,0.0178051665022352,0.0235002858059303,1.5,1.5,1.5,1.5
2.175,f27c2278f5bdb77b,49.9667323118909,49.9887303805164,50.0177885490661,50.0234931749579,-0.0332676881090563,-0.0112696194835564,0.0177885490660898,0.0234931749579488,1.5,1.5,1.5,1.5
2.18,f27c2278f5bdb77b,49.9667357260544,49.9887229164863,50.0177719207265,50.0234860590518,-0.0332642739455551,-0.0112770835137468,0.0177719207264602,0.0234860590517982,1.5,1.5,1.5,1.5
2.185,f27c2278f5bdb77b,49.9667392263685,49.9887154882893,50.0177552816336,50.0234789380329,-0.0332607736315396,-0.0112845117106986,0.0177552816336473,0.0234789380329445,1.5,1.5,1.5,1.5
2.19,f27c2278f5bdb77b,49.9667428118116,49.9887080954987,50.017738631937,50.0234718118477,-0.0332571881883794,-0.0112919045013413,0.0177386319370143,0.0234718118476636,1.5,1.5,1.5,1.5
2.195,f27c2278f5bdb77b,49.9667464813727,49.9887007376921,50.0177219717849,50.023464680443,-0.0332535186272764,-0.0112992623078867,0.0177219717849368,0.023464680443027,1.5,1.5,1.5,1.5
2.2,f27c2278f5bdb77b,49.9667502340506,49.9886934144521,50.0177053013249,50.0234575437669,-0.0332497659493782,-0.0113065855478567,0.0177053013248738,0.0234575437668809,1.5,1.5,1.5,1.5
2.205,f27c2278f5bdb77b,49.9667540688542,49.9886861253659,50.0176886207033,50.0234504017679,-0.0332459311458422,-0.0113138746341193,0.017688620703332,0.0234504017678674,1.5,1.5,1.5,1.5
2.21,f27c2278f5bdb77b,49.966757984802,49.988678870025,50.0176719300659,50.0234432543954,-0.0332420151979562,-0.0113211299749878,0.0176719300658803,0.0234432543953957,1.5,1.5,1.5,1.5
2.215,f27c2278f5bdb77b,49.9667619809228,49.9886716480258,50.0176552295572,50.0234361015996,-0.0332380190772241,-0.0113283519741998,0.0176552295571639,0.0234361015996427,1.5,1.5,1.5,1.5
2.22,f27c2278f5bdb77b,49.9667660562545,49.988664458969,50.0176385193209,50.0234289433316,-0.0332339437454507,-0.0113355410310163,0.0176385193208972,0.0234289433315524,1.5,1.5,1.5,1.5
2.225,f27c2278f5bdb77b,49.9667702098451,49.9886573024598,50.0176217994999,50.0234217795428,-0.0332297901548557,-0.011342697540222,0.017621799499878,0.0234217795428151,1.5,1.5,1.5,1.5
2.23,f27c2278f5bdb77b,49.9667744407519,49.9886501781078,50.017605070236,50.0234146101859,-0.0332255592481374,-0.0113498218922103,0.0176050702359873,0.0234146101858741,1.5,1.5,1.5,1.5
2.235,f27c2278f5bdb77b,49.9667787480414,49.988643085527,50.0175883316702,50.0234074352139,-0.0332212519585724,-0.0113569144729979,0.0175883316702183,0.0234074352139331,1.5,1.5,1.5,1.5
2.24,f27c2278f5bdb77b,49.9667831307899,49.9886360243357,50.0175715839426,50.0234002545809,-0.0332168692101291,-0.0113639756642883,0.0175715839426402,0.0234002545809133,1.5,1.5,1.5,1.5
2.245,f27c2278f5bdb77b,49.9667875880825,49.9886289941565,50.0175548271924,50.0233930682415,-0.0332124119175106,-0.0113710058434933,0.0175548271924413,0.0233930682414822,1.5,1.5,1.5,1.5
2.25,f27c2278f5bdb77b,49.9667921190137,49.9886219946162,50.0175380615579,50.023385876151,-0.033207880986275,-0.0113780053838042,0.0175380615579073,0.0233858761510177,1.5,1.5,1.5,1.5
2.255,f27c2278f5bdb77b,49.9667967226871,49.9886150253458,50.0175212871765,50.0233786782656,-0.0332032773129285,-0.0113849746541987,0.0175212871764643,0.0233786782656296,1.5,1.5,1.5,1.5
2.26,f27c2278f5bdb77b,49.966801398215,49.9886080859805,50.0175045041846,50.0233714745421,-0.0331986017849744,-0.0113919140195193,0.0175045041846289,0.0233714745421452,1.5,1.5,1.5,1.5
2.265,f27c2278f5bdb77b,49.966806144719,49.9886011761595,50.0174877127181,50.0233642649381,-0.0331938552810414,-0.0113988238404801,0.017487712718065,0.0233642649380954,1.5,1.5,1.5,1.5
2.27,f27c2278f5bdb77b,49.9668109613291,49.9885942955263,50.0174709129116,50.0233570494117,-0.0331890386709262,-0.0114057044737379,0.0174709129115627,0.0233570494117075,1.5,1.5,1.5,1.5
2.275,f27c2278f5bdb77b,49.9668158471843,49.9885874437281,50.0174541048991,50.0233498279219,-0.0331841528157213,-0.0114125562719138,0.017454104899052,0.0233498279219191,1.5,1.5,1.5,1.5
2.28,f27c2278f5bdb77b,49.9668208014321,49.9885806204164,50.0174372888136,50.0233426004284,-0.0331791985678578,-0.0114193795836428,0.0174372888136105,0.0233426004283572,1.5,1.5,1.5,1.5
2.285,f27c2278f5bdb77b,49.9668258232288,49.9885738252464,50.0174204647875,50.0233353668913,-0.0331741767712046,-0.011426174753602,0.0174204647874632,0.0233353668913239,1.5,1.5,1.5,1.5
2.29,f27c2278f5bdb77b,49.9668309117388,49.9885670578774,50.017403632952,50.0233281272718,-0.0331690882611682,-0.0114329421225676,0.0174036329519822,0.0233281272718173,1.5,1.5,1.5,1.5
2.295,f27c2278f5bdb77b,49.9668360661353,49.9885603179726,50.0173867934377,50.0233208815315,-0.0331639338647278,-0.0114396820274294,0.0173867934377085,0.0233208815314967,1.5,1.5,1.5,1.5
2.3,f27c2278f5bdb77b,49.9668412855994,49.9885536051987,50.0173699463743,50.0233136296327,-0.0331587144005638,-0.0114463948012684,0.0173699463743446,0.0233136296327103,1.5,1.5,1.5,1.5
2.305,f27c2278f5bdb77b,49.9668465693209,49.9885469192267,50.0173530918908,50.0233063715384,-0.0331534306790999,-0.0114530807733431,0.0173530918907758,0.0233063715384461,1.5,1.5,1.5,1.5
2.31,f27c2278f5bdb77b,49.9668519164974,49.9885402597308,50.017336230115,50.0232991072124,-0.0331480835026028,-0.0114597402691672,0.0173362301150419,0.0232991072123738,1.5,1.5,1.5,1.5
2.315,f27c2278f5bdb77b,49.9668573263347,49.9885336263895,50.0173193611744,50.0232918366188,-0.0331426736652531,-0.0114663736105385,0.0173193611743798,0.0232918366188031,1.5,1.5,1.5,1.5
2.32,f27c2278f5bdb77b,49.9668627980468,49.9885270188844,50.0173024851952,50.0232845597227,-0.0331372019532097,-0.011472981115574,0.0173024851952164,0.0232845597226969,1.5,1.5,1.5,1.5
2.325,f27c2278f5bdb77b,49.9668683308553,49.9885204369013,50.0172856023032,50.0232772764897,-0.0331316691447157,-0.0114795630987246,0.0172856023031613,0.0232772764896652,1.5,1.5,1.5,1.5
2.33,f27c2278f5bdb77b,49.9668739239899,49.9885138801291,50.017268712623,50.0232699868859,-0.0331260760101415,-0.0114861198708525,0.0172687126230286,0.0232699868859498,1.5,1.5,1.5,1.5
2.335,f27c2278f5bdb77b,49.9668795766879,49.9885073482608,50.0172518162788,50.0232626908784,-0.0331204233120843,-0.0114926517392391,0.0172518162788364,0.0232626908784326,1.5,1.5,1.5,1.5
2.34,f27c2278f5bdb77b,49.9668852881946,49.9885008409924,50.0172349133938,50.0232553884346,-0.0331147118054105,-0.0114991590076343,0.0172349133937999,0.0232553884346203,1.5,1.5,1.5,1.5
2.345,f27c2278f5bdb77b,49.9668910577626,49.9884943580237,50.0172180040904,50.0232480795226,-0.0331089422373836,-0.0115056419762638,0.0172180040903669,0.023248079522638,1.5,1.5,1.5,1.5
2.35,f27c2278f5bdb77b,49.9668968846523,49.9884878990581,50.0172010884902,50.0232407641112,-0.0331031153476573,-0.011512100941907,0.0172010884901823,0.023240764111236,1.5,1.5,1.5,1.5
2.355,f27c2278f5bdb77b,49.9669027681316,49.9884814638021,50.0171841667141,50.0232334421698,-0.0330972318684388,-0.0115185361978973,0.0171841667141379,0.0232334421697828,1.5,1.5,1.5,1.5
2.36,f27c2278f5bdb77b,49.9669087074755,49.9884750519658,50.0171672388823,50.0232261136682,-0.0330912925244746,-0.0115249480341859,0.0171672388823367,0.0232261136682368,1.5,1.5,1.5,1.5
2.365,f27c2278f5bdb77b,49.9669147019668,49.9884686632627,50.0171503051141,50.0232187785772,-0.0330852980331784,-0.0115313367373275,0.0171503051141144,0.0232187785771742,1.5,1.5,1.5,1.5
2.37,f27c2278f5bdb77b,49.9669207508953,49.9884622974094,50.0171333655281,50.0232114368678,-0.0330792491046878,-0.0115377025905801,0.0171333655280748,0.0232114368677614,1.5,1.5,1.5,1.5
2.375,f27c2278f5bdb77b,49.9669268535581,49.9884559541261,50.017116420242,50.0232040885118,-0.0330731464419003,-0.0115440458738831,0.0171164202420258,0.0232040885117755,1.5,1.5,1.5,1.5
2.38,f27c2278f5bdb77b,49.9669330092594,49.9884496331361,50.0170994693731,50.0231967334816,-0.0330669907406005,-0.0115503668639079,0.0170994693730506,0.0231967334815693,1.5,1.5,1.5,1.5
2.385,f27c2278f5bdb77b,49.9669392173105,49.9884433341659,50.0170825130375,50.0231893717501,-0.0330607826894749,-0.0115566658340995,0.0170825130374794,0.0231893717500711,1.5,1.5,1.5,1.5
2.39,f27c2278f5bdb77b,49.9669454770298,49.9884370569453,50.0170655513509,50.0231820032908,-0.0330545229702039,-0.011562943054706,0.0170655513509104,0.023182003290799,1.5,1.5,1.5,1.5
2.395,f27c2278f5bdb77b,49.9669517877425,49.9884308012072,50.0170485844282,50.0231746280779,-0.0330482122575333,-0.0115691987927988,0.0170485844281885,0.0231746280778609,1.5,1.5,1.5,1.5
2.4,f27c2278f5bdb77b,49.9669581487807,49.9884245666877,50.0170316123834,50.0231672460859,-0.0330418512193233,-0.0115754333123093,0.0170316123834482,0.0231672460859045,1.5,1.5,1.5,1.5
2.405,f27c2278f5bdb77b,49.9669645594834,49.9884183531259,50.0170146353301,50.0231598572902,-0.0330354405166133,-0.0115816468740704,0.0170146353300851,0.0231598572901675,1.5,1.5,1.5,1.5
2.41,f27c2278f5bdb77b,49.9669710191963,49.9884121602642,50.0169976533808,50.0231524616664,-0.0330289808037136,-0.0115878397358387,0.0169976533807699,0.0231524616664416,1.5,1.5,1.5,1.5
2.415,f27c2278f5bdb77b,49.9669775272718,49.9884059878477,50.0169806666475,50.0231450591911,-0.0330224727282342,-0.0115940121523224,0.0169806666474841,0.0231450591910658,1.5,1.5,1.5,1.5
2.42,f27c2278f5bdb77b,49.9669840830688,49.9883998356248,50.0169636752415,50.0231376498409,-0.0330159169311841,-0.0116001643752099,0.0169636752414561,0.0231376498409475,1.5,1.5,1.5,1.5
2.425,f27c2278f5bdb77b,49.966990685953,49.9883937033468,50.0169466792733,50.0231302335935,-0.0330093140469856,-0.0116062966532269,0.0169466792732536,0.0231302335935268,1.5,1.5,1.5,1.5
2.43,f27c2278f5bdb77b,49.9669973352964,49.9883875907679,50.0169296788527,50.0231228104268,-0.0330026647035808,-0.0116124092321215,0.0169296788527049,0.0231228104267984,1.5,1.5,1.5,1.5
2.435,f27c2278f5bdb77b,49.9670040304775,49.9883814976453,50.016912674089,50.0231153803193,-0.0329959695224886,-0.0116185023547288,0.0169126740889638,0.0231153803192967,1.5,1.5,1.5,1.5
2.44,f27c2278f5bdb77b,49.9670107708812,49.988375423739,50.0168956650905,50.0231079432501,-0.0329892291188401,-0.0116245762609779,0.0168956650904946,0.023107943250082,1.5,1.5,1.5,1.5
2.445,f27c2278f5bdb77b,49.9670175558985,49.9883693688121,50.0168786519651,50.0231004991987,-0.0329824441014566,-0.0116306311879484,0.016878651965051,0.0231004991987476,1.5,1.5,1.5,1.5
2.45,f27c2278f5bdb77b,49.9670243849271,49.9883633326301,50.0168616348197,50.0230930481454,-0.0329756150728997,-0.0116366673698565,0.0168616348197261,0.0230930481454266,1.5,1.5,1.5,1.5
2.455,f27c2278f5bdb77b,49.9670312573705,49.9883573149619,50.0168446137609,50.0230855900707,-0.0329687426295493,-0.011642685038133,0.0168446137609308,0.0230855900707425,1.5,1.5,1.5,1.5
2.46,f27c2278f5bdb77b,49.9670381726384,49.9883513155786,50.0168275888944,50.0230781249559,-0.0329618273616461,-0.0116486844214165,0.0168275888943938,0.0230781249558731,1.5,1.5,1.5,1.5
2.465,f27c2278f5bdb77b,49.9670451301466,49.9883453342544,50.0168105603252,50.0230706527825,-0.0329548698533557,-0.0116546657455885,0.0168105603251973,0.0230706527824864,1.5,1.5,1.5,1.5
2.47,f27c2278f5bdb77b,49.9670521293172,49.9883393707662,50.0167935281577,50.0230631735328,-0.0329478706828112,-0.0116606292338091,0.0167935281577272,0.0230631735327762,1.5,1.5,1.5,1.5
2.475,f27c2278f5bdb77b,49.9670591695778,49.9883334248935,50.0167764924957,50.0230556871894,-0.0329408304221985,-0.0116665751065312,0.0167764924957439,0.0230556871894194,1.5,1.5,1.5,1.5
2.48,f27c2278f5bdb77b,49.9670662503622,49.9883274964185,50.0167594534423,50.0230481937356,-0.0329337496377917,-0.0116725035815364,0.0167594534423259,0.0230481937356188,1.5,1.5,1.5,1.5
2.485,f27c2278f5bdb77b,49.96707337111,49.988321585126,50.0167424110999,50.0230406931551,-0.0329266288900172,-0.0116784148739697,0.0167424110999193,0.0230406931550533,1.5,1.5,1.5,1.5
2.49,f27c2278f5bdb77b,49.9670805312665,49.9883156908036,50.0167253655703,50.0230331854319,-0.0329194687335033,-0.0116843091963545,0.0167253655703163,0.0230331854319132,1.5,1.5,1.5,1.5
2.495,f27c2278f5bdb77b,49.9670877302829,49.9883098132414,50.0167083169547,50.0230256705509,-0.0329122697171371,-0.0116901867586066,0.0167083169546629,0.0230256705508722,1.5,1.5,1.5,1.5
2.5,f27c2278f5bdb77b,49.9670949676159,49.9883039522319,50.0166912653535,50.0230181484971,-0.0329050323841287,-0.0116960477680834,0.0166912653534936,0.0230181484970871,1.5,1.5,1.5,1.5
2.505,f27c2278f5bdb77b,49.9671022427279,49.9882981075704,50.0166742108667,50.0230106192562,-0.0328977572720532,-0.0117018924296133,0.0166742108666753,0.0230106192561905,1.5,1.5,1.5,1.5
2.51,f27c2278f5bdb77b,49.9671095550871,49.9882922790545,50.0166571535935,50.0230030828143,-0.0328904449129084,-0.0117077209454806,0.0166571535934779,0.0230030828143057,1.5,1.5,1.5,1.5
2.515,f27c2278f5bdb77b,49.9671169041668,49.9882864664845,50.0166400936325,50.022995539158,-0.0328830958331565,-0.0117135335155041,0.0166400936325246,0.0229955391580177,1.5,1.5,1.5,1.5
2.52,f27c2278f5bdb77b,49.9671242894462,49.988280669663,50.0166230310818,50.0229879882744,-0.032875710553796,-0.0117193303370229,0.0166230310818349,0.0229879882743944,1.5,1.5,1.5,1.5
2.525,f27c2278f5bdb77b,49.9671317104096,49.9882748883951,50.0166059660388,50.022980430151,-0.0328682895904109,-0.0117251116049317,0.0166059660388029,0.022980430150966,1.5,1.5,1.5,1.5
2.53,f27c2278f5bdb77b,49.9671391665468,49.9882691224883,50.0165888986002,50.0229728647757,-0.0328608334532063,-0.0117308775117095,0.0165888986002258,0.0229728647757099,1.5,1.5,1.5,1.5
2.535,f27c2278f5bdb77b,49.9671466573529,49.9882633717525,50.0165718288623,50.0229652921371,-0.0328533426470727,-0.0117366282474549,0.0165718288622898,0.0229652921370942,1.5,1.5,1.5,1.5
2.54,f27c2278f5bdb77b,49.9671541823284,49.9882576360001,50.0165547569206,50.022957712224,-0.0328458176716211,-0.011742363999879,0.0165547569205629,0.0229577122240059,1.5,1.5,1.5,1.5
2.545,f27c2278f5bdb77b,49.9671617409787,49.9882519150457,50.01653768287,50.0229501250258,-0.0328382590212613,-0.0117480849543483,0.0165376828700374,0.0229501250258082,1.5,1.5,1.5,1.5
2.55,f27c2278f5bdb77b,49.9671693328148,49.9882462087061,50.0165206068051,50.0229425305323,-0.0328306671852161,-0.011753791293927,0.0165206068051091,0.0229425305323048,1.5,1.5,1.5,1.5
2.555,f27c2278f5bdb77b,49.9671769573524,49.9882405168006,50.0165035288196,50.0229349287337,-0.0328230426476139,-0.0117594831993557,0.0165035288195767,0.0229349287337399,1.5,1.5,1.5,1.5
2.56,f27c2278f5bdb77b,49.9671846141125,49.9882348391509,50.0164864490066,50.0229273196208,-0.0328153858874813,-0.0117651608491158,0.0164864490066492,0.0229273196208126,1.5,1.5,1.5,1.5
2.565,f27c2278f5bdb77b,49.9671923026212,49.9882291755806,50.016469367459,50.0229197031846,-0.0328076973788427,-0.0117708244194148,0.0164693674589742,0.0229197031846411,1.5,1.5,1.5,1.5
2.57,f27c2278f5bdb77b,49.9672000224093,49.9882235259157,50.0164522842686,50.0229120794168,-0.0327999775907415,-0.0117764740842503,0.0164522842686097,0.0229120794167841,1.5,1.5,1.5,1.5
2.575,f27c2278f5bdb77b,49.9672077730127,49.9882178899846,50.016435199527,50.0229044483092,-0.0327922269872829,-0.0117821100154032,0.016435199527038,0.0229044483092409,1.5,1.5,1.5,1.5
2.58,f27c2278f5bdb77b,49.9672155539723,49.9882122676175,50.0164181133252,50.0228968098544,-0.0327844460277049,-0.0117877323824658,0.0164181133251731,0.0228968098544229,1.5,1.5,1.5,1.5
2.585,f27c2278f5bdb77b,49.9672233648336,49.9882066586471,50.0164010257534,50.0228891640452,-0.0327766351663925,-0.0117933413528704,0.0164010257533889,0.0228891640451678,1.5,1.5,1.5,1.5
2.59,f27c2278f5bdb77b,49.967231205147,49.9882010629081,50.0163839369015,50.0228815108747,-0.0327687948529629,-0.0117989370918963,0.0163839369014624,0.0228815108747398,1.5,1.5,1.5,1.5
2.595,f27c2278f5bdb77b,49.9672390744677,49.9881954802373,50.0163668468586,50.0228738503368,-0.0327609255322656,-0.0118045197627055,0.016366846858638,0.022873850336822,1.5,1.5,1.5,1.5
2.6,f27c2278f5bdb77b,49.9672469723555,49.9881899104736,50.0163497557136,50.0228661824255,-0.0327530276444605,-0.0118100895263709,0.0163497557136054,0.0228661824254885,1.5,1.5,1.5,1.5
2.605,f27c2278f5bdb77b,49.9672548983749,49.9881843534581,50.0163326635545,50.0228585071353,-0.0327451016250606,-0.0118156465418693,0.0163326635544934,0.0228585071352541,1.5,1.5,1.5,1.5
2.61,f27c2278f5bdb77b,49.967262852095,49.9881788090339,50.0163155704689,50.022850824461,-0.0327371479049532,-0.0118211909661241,0.0163155704688975,0.0228508244610097,1.5,1.5,1.5,1.5
2.615,f27c2278f5bdb77b,49.9672708330895,49.988173277046,50.0162984765439,50.0228431343981,-0.032729166910471,-0.0118267229540194,0.0162984765438807,0.0228431343980873,1.5,1.5,1.5,1.5
2.62,f27c2278f5bdb77b,49.9672788409366,49.9881677573416,50.016281381866,50.0228354369422,-0.0327211590633993,-0.0118322426584285,0.0162813818659515,0.0228354369421737,1.5,1.5,1.5,1.5
2.625,f27c2278f5bdb77b,49.9672868752189,49.9881622497698,50.0162642865211,50.0228277320894,-0.0327131247810826,-0.0118377502302209,0.0162642865210927,0.0228277320893966,1.5,1.5,1.5,1.5
2.63,f27c2278f5bdb77b,49.9672949355236,49.9881567541817,50.0162471905948,50.0228200198362,-0.0327050644763816,-0.0118432458182838,0.0162471905947612,0.0228200198362387,1.5,1.5,1.5,1.5
2.635,f27c2278f5bdb77b,49.9673030214422,49.9881512704304,50.0162300941719,50.0228123001796,-0.0326969785577944,-0.0118487295695644,0.0162300941718811,0.0228123001796021,1.5,1.5,1.5,1.5
2.64,f27c2278f5bdb77b,49.9673111325706,49.988145798371,50.0162129973369,50.0228045731168,-0.0326888674294423,-0.0118542016290419,0.0162129973368792,0.0228045731167583,1.5,1.5,1.5,1.5
2.645,f27c2278f5bdb77b,49.9673192685089,49.9881403378602,50.0161959001736,50.0227968386454,-0.0326807314911477,-0.0118596621398055,0.0161959001736278,0.0227968386453696,1.5,1.5,1.5,1.5
2.65,f27c2278f5bdb77b,49.9673274288616,49.988134888757,50.0161788027655,50.0227890967635,-0.0326725711384412,-0.0118651112430328,0.0161788027655092,0.0227890967634821,1.5,1.5,1.5,1.5
2.655,f27c2278f5bdb77b,49.9673356132374,49.988129450922,50.0161617051954,50.0227813474695,-0.0326643867626473,-0.0118705490780115,0.0161617051954011,0.0227813474695182,1.5,1.5,1.5,1.5
2.66,f27c2278f5bdb77b,49.9673438212491,49.9881240242178,50.0161446075457,50.0227735907623,-0.0326561787508766,-0.011875975782182,0.0161446075456624,0.0227735907622773,1.5,1.5,1.5,1.5
2.665,f27c2278f5bdb77b,49.9673520525139,49.9881186085089,50.0161275098981,50.0227658266409,-0.0326479474860975,-0.0118813914911442,0.0161275098981406,0.0227658266409136,1.5,1.5,1.5,1.5
2.67,f27c2278f5bdb77b,49.9673603066528,49.9881132036614,50.0161104123342,50.022758055105,-0.03263969334715,-0.0118867963386435,0.0161104123342142,0.0227580551049726,1.5,1.5,1.5,1.5
2.675,f27c2278f5bdb77b,49.9673685832912,49.9881078095433,50.0160933149347,50.0227502761544,-0.0326314167088171,-0.0118921904566633,0.0160933149347429,0.0227502761543619,1.5,1.5,1.5,1.5
2.68,f27c2278f5bdb77b,49.9673768820582,49.9881024260246,50.0160762177801,50.0227424897893,-0.0326231179418386,-0.0118975739753608,0.0160762177800962,0.0227424897893371,1.5,1.5,1.5,1.5
2.685,f27c2278f5bdb77b,49.967385202587,49.9880970529769,50.0160591209502,50.0227346960105,-0.0326147974129611,-0.0119029470231382,0.0160591209501604,0.0227346960105308,1.5,1.5,1.5,1.5
2.69,f27c2278f5bdb77b,49.967393544515,49.9880916902734,50.0160420245243,50.0227268948189,-0.0326064554849594,-0.0119083097266426,0.0160420245243458,0.0227268948189234,1.5,1.5,1.5,1.5
2.695,f27c2278f5bdb77b,49.9674019074833,49.9880863377892,50.0160249285816,50.0227190862159,-0.0325980925167073,-0.0119136622107945,0.0160249285815723,0.0227190862158508,1.5,1.5,1.5,1.5
2.7,f27c2278f5bdb77b,49.9674102911368,49.9880809954012,50.0160078332003,50.022711270203,-0.0325897088631635,-0.0119190045987807,0.016007833200284,0.0227112702030041,1.5,1.5,1.5,1.5
2.705,f27c2278f5bdb77b,49.9674186951245,49.9880756629879,50.0159907384584,50.0227034467824,-0.0325813048754569,-0.011924337012104,0.0159907384584486,0.0227034467824154,1.5,1.5,1.5,1.5
2.71,f27c2278f5bdb77b,49.9674271190991,49.9880703404294,50.0159736444336,50.0226956159565,-0.0325728809009149,-0.011929659570562,0.0159736444335721,0.0226956159564651,1.5,1.5,1.5,1.5
2.715,f27c2278f5bdb77b,49.9674355627169,49.9880650276077,50.0159565512027,50.0226877777279,-0.0325644372830638,-0.0119349723923108,0.0159565512026845,0.0226877777278887,1.5,1.5,1.5,1.5
2.72,f27c2278f5bdb77b,49.9674440256383,49.9880597244062,50.0159394588424,50.0226799320997,-0.0325559743617063,-0.0119402755938296,0.0159394588423538,0.0226799320997415,1.5,1.5,1.5,1.5
2.725,f27c2278f5bdb77b,49.9674525075271,49.98805443071,50.0159223674287,50.0226720790754,-0.0325474924729363,-0.011945569289999,0.0159223674287077,0.0226720790754342,1.5,1.5,1.5,1.5
2.73,f27c2278f5bdb77b,49.9674610080508,49.988049146406,50.0159052770374,50.0226642186587,-0.0325389919491812,-0.011950853594044,0.0159052770373833,0.0226642186586901,1.5,1.5,1.5,1.5
2.735,f27c2278f5bdb77b,49.9674695268808,49.9880438713824,50.0158881877436,50.0226563508536,-0.0325304731192233,-0.0119561286176122,0.0158881877435917,0.0226563508535946,1.5,1.5,1.5,1.5
2.74,f27c2278f5bdb77b,49.9674780636917,49.9880386055292,50.0158710996221,50.0226484756645,-0.0325219363082638,-0.0119613944707595,0.0158710996220819,0.022648475664532,1.5,1.5,1.5,1.5
2.745,f27c2278f5bdb77b,49.9674866181621,49.988033348738,50.0158540127472,50.0226405930962,-0.0325133818379157,-0.0119666512619787,0.0158540127471696,0.0226405930962272,1.5,1.5,1.5,1.5
2.75,f27c2278f5bdb77b,49.9674951899737,49.9880281009018,50.0158369271927,50.0226327031537,-0.0325048100262677,-0.0119718990981994,0.0158369271927086,0.0226327031537323,1.5,1.5,1.5,1.5
2.755,f27c2278f5bdb77b,49.9675037788121,49.9880228619152,50.0158198430321,50.0226248058424,-0.0324962211879196,-0.0119771380848164,0.0158198430321264,0.022624805842419,1.5,1.5,1.5,1.5
2.76,f27c2278f5bdb77b,49.967512384366,49.9880176316743,50.0158027603384,50.022616901168,-0.0324876156339897,-0.0119823683257181,0.0158027603384099,0.0226169011679715,1.5,1.5,1.5,1.5
2.765,f27c2278f5bdb77b,49.9675210063278,49.9880124100767,50.0157856791841,50.0226089891364,-0.0324789936721785,-0.0119875899232582,0.0157856791841127,0.0226089891363941,1.5,1.5,1.5,1.5
2.77,f27c2278f5bdb77b,49.9675296443932,49.9880071970217,50.0157685996414,50.022601069754,-0.0324703556067689,-0.0119928029783196,0.015768599641369,0.0226010697539962,1.5,1.5,1.5,1.5
2.775,f27c2278f5bdb77b,49.9675382982613,49.9880019924097,50.0157515217819,50.0225931430274,-0.0324617017386899,-0.0119980075903001,0.0157515217818727,0.0225931430274144,1.5,1.5,1.5,1.5
2.78,f27c2278f5bdb77b,49.9675469676345,49.9879967961429,50.0157344456769,50.0225852089636,-0.0324530323655239,-0.0120032038571409,0.0157344456768911,0.0225852089635765,1.5,1.5,1.5,1.5
2.785,f27c2278f5bdb77b,49.9675556522184,49.9879916081247,50.0157173713973,50.0225772675697,-0.0324443477815564,-0.0120083918753338,0.0157173713972938,0.02257726756973,1.5,1.5,1.5,1.5
2.79,f27c2278f5bdb77b,49.9675643517222,49.9879864282601,50.0157002990135,50.0225693188534,-0.0324356482777972,-0.0120135717399208,0.0157002990135027,0.0225693188534137,1.5,1.5,1.5,1.5
2.795,f27c2278f5bdb77b,49.967573065858,49.9879812564554,50.0156832285956,50.0225613628225,-0.0324269341420091,-0.0120187435445587,0.015683228595563,0.0225613628224792,1.5,1.5,1.5,1.5
2.8,f27c2278f5bdb77b,49.9675817943413,49.9879760926185,50.0156661602131,50.0225533994851,-0.0324182056587432,-0.012023907381483,0.0156661602130725,0.0225533994850622,1.5,1.5,1.5,1.5
2.805,f27c2278f5bdb77b,49.9675905368906,49.9879709366585,50.0156490939352,50.0225454288496,-0.0324094631093814,-0.0120290633415223,0.0156490939352381,0.022545428849611,1.5,1.5,1.5,1.5
2.81,f27c2278f5bdb77b,49.9675992932279,49.9879657884858,50.0156320298309,50.0225374509248,-0.0324007067721439,-0.0120342115141625,0.0156320298308756,0.0225374509248439,1.5,1.5,1.5,1.5
2.815,f27c2278f5bdb77b,49.9676080630779,49.9879606480125,50.0156149679684,50.0225294657198,-0.0323919369221244,-0.0120393519875037,0.0156149679683679,0.0225294657197921,1.5,1.5,1.5,1.5
2.82,f27c2278f5bdb77b,49.9676168461687,49.9879555151517,50.0155979084157,50.0225214732438,-0.0323831538313399,-0.0120444848483032,0.0155979084157281,0.0225214732437706,1.5,1.5,1.5,1.5
2.825,f27c2278f5bdb77b,49.9676256422313,49.987950389818,50.0155808512406,50.0225134735064,-0.032374357768731,-0.0120496101819896,0.0155808512405642,0.0225134735063719,1.5,1.5,1.5,1.5
2.83,f27c2278f5bdb77b,49.9676344509998,49.9879452719273,50.0155637965101,50.0225054665175,-0.032365549000211,-0.0120547280726555,0.0155637965100865,0.0225054665174795,1.5,1.5,1.5,1.5
2.835,f27c2278f5bdb77b,49.9676432722113,49.9879401613969,50.0155467442911,50.0224974522873,-0.032356727788688,-0.0120598386031148,0.0155467442911217,0.0224974522872543,1.5,1.5,1.5,1.5
2.84,f27c2278f5bdb77b,49.9676521056059,49.9879350581452,50.0155296946501,50.0224894308261,-0.0323478943940998,-0.0120649418548453,0.0155296946501053,0.0224894308261412,1.5,1.5,1.5,1.5
2.845,f27c2278f5bdb77b,49.9676609509266,49.9879299620919,50.0155126476531,50.0224814021449,-0.0323390490734212,-0.0120700379080816,0.0155126476530896,0.0224814021448552,1.5,1.5,1.5,1.5
2.85,f27c2278f5bdb77b,49.9676698079193,49.9879248731582,50.0154956033658,50.0224733662544,-0.032330192080714,-0.0120751268417649,0.0154956033657641,0.0224733662543883,1.5,1.5,1.5,1.5
2.855,f27c2278f5bdb77b,49.9676786763328,49.9879197912664,50.0154785618534,50.022465323166,-0.032321323667162,-0.0120802087335861,0.0154785618534063,0.022465323166017,1.5,1.5,1.5,1.5
2.86,f27c2278f5bdb77b,49.9676875559189,49.98791471634,50.015461523181,50.0224572728913,-0.0323124440810645,-0.0120852836599923,0.0154615231809601,0.0224572728912662,1.5,1.5,1.5,1.5
2.865,f27c2278f5bdb77b,49.9676964464321,49.9879096483038,50.015444487413,50.0224492154419,-0.0323035535678855,-0.0120903516962159,0.0154444874129567,0.022449215441938,1.5,1.5,1.5,1.5
2.87,f27c2278f5bdb77b,49.9677053476297,49.9879045870838,50.0154274546136,50.0224411508301,-0.0322946523702896,-0.0120954129162385,0.0154274546135866,0.0224411508301117,1.5,1.5,1.5,1.5
2.875,f27c2278f5bdb77b,49.9677142592719,49.9878995326071,50.0154104248467,50.0224330790681,-0.0322857407281418,-0.0121004673928624,0.0154104248466709,0.0224330790681151,1.5,1.5,1.5,1.5
2.88,f27c2278f5bdb77b,49.9677231811214,49.9878944848023,50.0153933981756,50.0224250001685,-0.0322768188785645,-0.012105515197689,0.0153933981756467,0.022425000168532,1.5,1.5,1.5,1.5
2.885,f27c2278f5bdb77b,49.9677321129441,49.9878894435989,50.0153763746636,50.0224169141442,-0.0322678870559372,-0.0121105564011259,0.0153763746636173,0.0224169141442303,1.5,1.5,1.5,1.5
2.89,f27c2278f5bdb77b,49.9677410545081,49.9878844089276,50.0153593543733,50.0224088210083,-0.0322589454919324,-0.0121155910724298,0.0153593543733166,0.0224088210083124,1.5,1.5,1.5,1.5
2.895,f27c2278f5bdb77b,49.9677500055844,49.9878793807203,50.0153423373671,50.0224007207741,-0.0322499944155581,-0.0121206192796919,0.015342337367116,0.0224007207741366,1.5,1.5,1.5,1.5
2.9,f27c2278f5bdb77b,49.9677589659468,49.9878743589102,50.0153253237071,50.0223926134553,-0.0322410340531505,-0.0121256410898383,0.015325323707053,0.0223926134553238,1.5,1.5,1.5,1.5
2.905,f27c2278f5bdb77b,49.9677679353716,49.9878693434313,50.0153083134548,50.0223844990657,-0.032232064628424,-0.0121306565686936,0.0153083134547884,0.022384499065744,1.5,1.5,1.5,1.5
2.91,f27c2278f5bdb77b,49.9677769136375,49.9878643342191,50.0152913066717,50.0223763776195,-0.0322230863624853,-0.0121356657809315,0.0152913066716707,0.0223763776195085,1.5,1.5,1.5,1.5
2.915,f27c2278f5bdb77b,49.9677859005261,49.9878593312099,50.0152743034187,50.022368249131,-0.0322140994738618,-0.0121406687901313,0.0152743034186713,0.0223682491309773,1.5,1.5,1.5,1.5
2.92,f27c2278f5bdb77b,49.9677948958215,49.9878543343412,50.0152573037564,50.0223601136148,-0.032205104178523,-0.0121456656587569,0.0152573037564352,0.0223601136147593,1.5,1.5,1.5,1.5
2.925,f27c2278f5bdb77b,49.9678038993101,49.9878493435518,50.0152403077453,50.0223519710857,-0.0321961006899159,-0.0121506564481919,0.0152403077452803,0.0223519710857047,1.5,1.5,1.5,1.5
2.93,f27c2278f5bdb77b,49.967812910781,49.9878443587813,50.0152233154452,50.0223438215589,-0.0321870892189722,-0.0121556412187402,0.0152233154451622,0.0223438215588914,1.5,1.5,1.5,1.5
2.935,f27c2278f5bdb77b,49.9678219300259,49.9878393799704,50.0152063269157,50.0223356650497,-0.0321780699741367,-0.0121606200296327,0.015206326915731,0.0223356650496527,1.5,1.5,1.5,1.5
2.94,f27c2278f5bdb77b,49.9678309568386,49.987834407061,50.0151893422163,50.0223275015735,-0.0321690431614101,-0.0121655929390485,0.0151893422162743,0.0223275015735496,1.5,1.5,1.5,1.5
2.945,f27c2278f5bdb77b,49.9678399910157,49.9878294399959,50.0151723614058,50.0223193311464,-0.0321600089843344,-0.0121705600041224,0.0151723614057744,0.0223193311463774,1.5,1.5,1.5,1.5
2.95,f27c2278f5bdb77b,49.9678490323559,49.987824478719,50.0151553845429,50.0223111537842,-0.032150967644057,-0.0121755212809518,0.0151553845428936,0.022311153784166,1.5,1.5,1.5,1.5
2.955,f27c2278f5bdb77b,49.9678580806607,49.9878195231754,50.0151384116859,50.0223029695032,-0.032141919339324,-0.0121804768245966,0.015138411685939,0.0223029695031727,1.5,1.5,1.5,1.5
2.96,f27c2278f5bdb77b,49.9678671357335,49.9878145733109,50.0151214428929,50.0222947783199,-0.0321328642665151,-0.0121854266891219,0.0151214428929265,0.022294778319889,1.5,1.5,1.5,1.5
2.965,f27c2278f5bdb77b,49.9678761973803,49.9878096290724,50.0151044782215,50.022286580251,-0.0321238026196724,-0.0121903709275699,0.015104478221545,0.0222865802510128,1.5,1.5,1.5,1.5
2.97,f27c2278f5bdb77b,49.9678852654095,49.987804690408,50.0150875177292,50.0222783753135,-0.0321147345905004,-0.0121953095920091,0.0150875177291709,0.0222783753134976,1.5,1.5,1.5,1.5
2.975,f27c2278f5bdb77b,49.9678943396316,49.9877997572665,50.0150705614728,50.0222701635245,-0.0321056603684156,-0.0122002427335062,0.0150705614728466,0.022270163524496,1.5,1.5,1.5,1.5
2.98,f27c2278f5bdb77b,49.9679034198595,49.9877948295978,50.0150536095093,50.0222619449014,-0.0320965801405464,-0.0122051704021615,0.0150536095093301,0.0222619449013877,1.5,1.5,1.5,1.5
2.985,f27c2278f5bdb77b,49.9679125059082,49.9877899073529,50.0150366618951,50.0222537194618,-0.0320874940917761,-0.0122100926471091,0.015036661895067,0.0222537194617729,1.5,1.5,1.5,1.5
2.99,f27c2278f5bdb77b,49.9679215975953,49.9877849904835,50.0150197186862,50.0222454872235,-0.0320784024047285,-0.012215009516531,0.015019718686176,0.0222454872234721,1.5,1.5,1.5,1.5
2.995,f27c2278f5bdb77b,49.9679306947402,49.9877800789423,50.0150027799385,50.0222372482045,-0.0320693052598386,-0.0122199210576568,0.0150027799384915,0.0222372482045117,1.5,1.5,1.5,1.5
3,f27c2278f5bdb77b,49.9679397971647,49.9877751726832,50.0149858457075,50.0222290024231,-0.0320602028353321,-0.0122248273167926,0.0149858457075425,0.0222290024231313,1.5,1.5,1.5,1.5
3.005,f27c2278f5bdb77b,49.9679489046927,49.9877702716607,50.0149689160486,50.0222207498978,-0.0320510953072599,-0.0122297283393138,0.0149689160485593,0.0222207498977909,1.5,1.5,1.5,1.5
3.01,f27c2278f5bdb77b,49.9679580171505,49.9877653758303,50.0149519910165,50.0222124906472,-0.0320419828495275,-0.0122346241696647,0.0149519910164742,0.0222124906471564,1.5,1.5,1.5,1.5
3.015,f27c2278f5bdb77b,49.9679671343661,49.9877604851486,50.0149350706659,50.0222042246901,-0.0320328656339086,-0.0122395148514158,0.0149350706659206,0.0222042246900997,1.5,1.5,1.5,1.5
3.02,f27c2278f5bdb77b,49.9679762561699,49.9877555995728,50.0149181550512,50.0221959520457,-0.0320237438300666,-0.0122444004272069,0.014918155051248,0.0221959520457062,1.5,1.5,1.5,1.5
3.025,f27c2278f5bdb77b,49.9679853823944,49.9877507190612,50.0149012442265,50.0221876727332,-0.0320146176055545,-0.0122492809388177,0.0149012442265146,0.0221876727332457,1.5,1.5,1.5,1.5
3.03,f27c2278f5bdb77b,49.9679945128741,49.9877458435729,50.0148843382455,50.0221793867722,-0.032005487125879,-0.0122541564271188,0.0148843382454871,0.0221793867722084,1.5,1.5,1.5,1.5
3.035,f27c2278f5bdb77b,49.9680036474455,49.9877409730679,50.0148674371616,50.0221710941823,-0.0319963525544793,-0.0122590269321279,0.014867437161648,0.0221710941822835,1.5,1.5,1.5,1.5
3.04,f27c2278f5bdb77b,49.9680127859472,49.987736107507,50.0148505410282,50.0221627949834,-0.0319872140527622,-0.0122638924930101,0.0148505410282027,0.0221627949833518,1.5,1.5,1.5,1.5
3.045,f27c2278f5bdb77b,49.9680219282199,49.9877312468519,50.0148336498981,50.0221544891955,-0.0319780717801379,-0.0122687531480565,0.0148336498980726,0.0221544891954935,1.5,1.5,1.5,1.5
3.05,f27c2278f5bdb77b,49.968031074106,49.9877263910653,50.0148167638239,50.022146176839,-0.0319689258939917,-0.0122736089347271,0.0148167638238945,0.0221461768389943,1.5,1.5,1.5,1.5
3.055,f27c2278f5bdb77b,49.9680402234502,49.9877215401104,50.014799882858,50.0221378579343,-0.0319597765497619,-0.012278459889643,0.0147998828580356,0.0221378579343181,1.5,1.5,1.5,1.5
3.06,f27c2278f5bdb77b,49.9680493760991,49.9877166939514,50.0147830070526,50.0221295325021,-0.0319506239009115,-0.0122833060486016,0.0147830070525927,0.0221295325021345,1.5,1.5,1.5,1.5
3.065,f27c2278f5bdb77b,49.968058531901,49.9877118525534,50.0147661364594,50.0221212005633,-0.031941468098978,-0.0122881474465828,0.0147661364593787,0.0221212005632907,1.5,1.5,1.5,1.5
3.07,f27c2278f5bdb77b,49.9680676907064,49.9877070158823,50.01474927113,50.0221128621388,-0.0319323092935733,-0.0122929841177424,0.0147492711299506,0.0221128621388331,1.5,1.5,1.5,1.5
3.075,f27c2278f5bdb77b,49.9680768523676,49.9877021839045,50.0147324111156,50.02210451725,-0.0319231476324049,-0.0122978160954546,0.0147324111155953,0.0221045172499856,1.5,1.5,1.5,1.5
3.08,f27c2278f5bdb77b,49.9680860167387,49.9876973565877,50.0147155564673,50.0220961659182,-0.0319139832613118,-0.0123026434122835,0.0147155564673227,0.0220961659181782,1.5,1.5,1.5,1.5
3.085,f27c2278f5bdb77b,49.9680951836758,49.9876925339,50.0146987072359,50.022087808165,-0.0319048163242428,-0.0123074661000189,0.0146987072358868,0.0220878081649971,1.5,1.5,1.5,1.5
3.09,f27c2278f5bdb77b,49.9681043530367,49.9876877158103,50.0146818634718,50.0220794440122,-0.0318956469633278,-0.0123122841896688,0.014681863471786,0.0220794440122276,1.5,1.5,1.5,1.5
3.095,f27c2278f5bdb77b,49.9681135246812,49.9876829022885,50.0146650252253,50.0220710734818,-0.031886475318835,-0.0123170977114739,0.0146650252252556,0.0220710734818326,1.5,1.5,1.5,1.5
3.1,f27c2278f5bdb77b,49.9681226984707,49.9876780933051,50.0146481925463,50.022062696596,-0.0318773015292564,-0.0123219066949076,0.014648192546268,0.0220626965959525,1.5,1.5,1.5,1.5
3.105,f27c2278f5bdb77b,49.9681318742687,49.9876732888313,50.0146313654845,50.0220543133769,-0.0318681257312505,-0.0123267111686971,0.0146313654845471,0.0220543133769127,1.5,1.5,1.5,1.5
3.11,f27c2278f5bdb77b,49.9681410519403,49.9876684888392,50.0146145440896,50.0220459238472,-0.0318589480597282,-0.0123315111608235,0.0146145440895609,0.0220459238471946,1.5,1.5,1.5,1.5
3.115,f27c2278f5bdb77b,49.9681502313522,49.9876636933015,50.0145977284105,50.0220375280295,-0.0318497686478239,-0.0123363066985291,0.0145977284105356,0.0220375280294789,1.5,1.5,1.5,1.5
3.12,f27c2278f5bdb77b,49.9681594123731,49.9876589021917,50.0145809184964,50.0220291259466,-0.0318405876269239,-0.0123410978083101,0.0145809184964278,0.0220291259466023,1.5,1.5,1.5,1.5
3.125,f27c2278f5bdb77b,49.9681685948733,49.987654115484,50.014564114396,50.0220207176216,-0.0318314051267095,-0.0123458845159661,0.0145641143959736,0.0220207176215723,1.5,1.5,1.5,1.5
3.13,f27c2278f5bdb77b,49.9681777787249,49.9876493331534,50.0145473161576,50.0220123030776,-0.0318222212751138,-0.0123506668465652,0.014547316157639,0.0220123030775881,1.5,1.5,1.5,1.5
3.135,f27c2278f5bdb77b,49.9681869638016,49.9876445551755,50.0145305238297,50.022003882338,-0.0318130361984146,-0.0123554448244718,0.01453052382967,0.0220038823379909,1.5,1.5,1.5,1.5
3.14,f27c2278f5bdb77b,49.9681961499788,49.9876397815267,50.01451373746,50.0219954554263,-0.031803850021177,-0.01236021847334,0.0145137374600495,0.0219954554262927,1.5,1.5,1.5,1.5
3.145,f27c2278f5bdb77b,49.9682053371337,49.9876350121839,50.0144969570965,50.0219870223662,-0.0317946628663179,-0.0123649878161416,0.014496957096533,0.02198702236619,1.5,1.5,1.5,1.5
3.15,f27c2278f5bdb77b,49.9682145251449,49.9876302471248,50.0144801827866,50.0219785831815,-0.0317854748551127,-0.0123697528751663,0.0144801827866488,0.0219785831815216,1.5,1.5,1.5,1.5
3.155,f27c2278f5bdb77b,49.9682237138928,49.987625486328,50.0144634145777,50.0219701378963,-0.0317762861071955,-0.0123745136720075,0.0144634145776621,0.0219701378963038,1.5,1.5,1.5,1.5
3.16,f27c2278f5bdb77b,49.9682329032594,49.9876207297724,50.0144466525166,50.0219616865347,-0.0317670967405874,-0.0123792702275907,0.0144466525166393,0.0219616865347021,1.5,1.5,1.5,1.5
3.165,f27c2278f5bdb77b,49.9682420931283,49.9876159774378,50.0144298966504,50.021953229121,-0.0317579068717109,-0.0123840225621947,0.014429896650384,0.0219532291210385,1.5,1.5,1.5,1.5
3.17,f27c2278f5bdb77b,49.9682512833846,49.9876112293046,50.0144131470255,50.0219447656798,-0.0317487166153967,-0.0123887706954164,0.0144131470254862,0.0219447656798124,1.5,1.5,1.5,1.5
3.175,f27c2278f5bdb77b,49.9682604739151,49.9876064853538,50.0143964036883,50.0219362962357,-0.0317395260849125,-0.0123935146462131,0.0143964036883091,0.0219362962356655,1.5,1.5,1.5,1.5
3.18,f27c2278f5bdb77b,49.968269664608,49.9876017455671,50.014379666685,50.0219278208134,-0.0317303353919627,-0.0123982544328953,0.0143796666849809,0.0219278208133957,1.5,1.5,1.5,1.5
3.185,f27c2278f5bdb77b,49.9682788553533,49.9875970099269,50.0143629360614,50.021919339438,-0.031721144646724,-0.0124029900731273,0.014362936061417,0.0219193394379573,1.5,1.5,1.5,1.5
3.19,f27c2278f5bdb77b,49.9682880460422,49.987592278416,50.0143462118633,50.0219108521345,-0.0317119539578385,-0.0124077215839549,0.0143462118633053,0.0219108521344538,1.5,1.5,1.5,1.5
3.195,f27c2278f5bdb77b,49.9682972365676,49.9875875510182,50.0143294941361,50.0219023589281,-0.0317027634324418,-0.0124124489817916,0.0143294941360992,0.0219023589281448,1.5,1.5,1.5,1.5
3.2,f27c2278f5bdb77b,49.9683064268238,49.9875828277176,50.0143127829251,50.0218938598444,-0.0316935731761561,-0.0124171722824329,0.0143127829250602,0.0218938598444254,1.5,1.5,1.5,1.5
3.205,f27c2278f5bdb77b,49.9683156167069,49.9875781084989,50.0142960782752,50.0218853549089,-0.0316843832931468,-0.012421891501063,0.0142960782752155,0.0218853549088607,1.5,1.5,1.5,1.5
3.21,f27c2278f5bdb77b,49.9683248061139,49.9875733933477,50.0142793802314,50.0218768441472,-0.0316751938860946,-0.0124266066522623,0.0142793802313719,0.0218768441471511,1.5,1.5,1.5,1.5
3.215,f27c2278f5bdb77b,49.9683339949438,49.98756868225,50.0142626888381,50.0218683275851,-0.0316660050562305,-0.0124313177500071,0.0142626888381443,0.021868327585139,1.5,1.5,1.5,1.5
3.22,f27c2278f5bdb77b,49.9683431830967,49.9875639751923,50.0142460041399,50.0218598052488,-0.0316568169033431,-0.012436024807684,0.0142460041399062,0.021859805248809,1.5,1.5,1.5,1.5
3.225,f27c2278f5bdb77b,49.9683523704742,49.9875592721619,50.0142293261809,50.0218512771643,-0.0316476295257999,-0.01244072783809,0.0142293261808533,0.021851277164302,1.5,1.5,1.5,1.5
3.23,f27c2278f5bdb77b,49.9683615569795,49.9875545731466,50.0142126550049,50.0218427433579,-0.0316384430205474,-0.0124454268534464,0.0142126550049397,0.0218427433578938,1.5,1.5,1.5,1.5
3.235,f27c2278f5bdb77b,49.9683707425169,49.9875498781346,50.0141959906559,50.021834203856,-0.0316292574831394,-0.0124501218653918,0.0141959906559492,0.0218342038559953,1.5,1.5,1.5,1.5
3.24,f27c2278f5bdb77b,49.9683799269923,49.987545187115,50.0141793331774,50.0218256586852,-0.0316200730077441,-0.0124548128850037,0.0141793331774238,0.0218256586851524,1.5,1.5,1.5,1.5
3.245,f27c2278f5bdb77b,49.9683891103129,49.9875405000772,50.0141626826127,50.0218171078721,-0.031610889687137,-0.012459499922798,0.0141626826127279,0.0218171078720673,1.5,1.5,1.5,1.5
3.25,f27c2278f5bdb77b,49.9683982923872,49.9875358170113,50.014146039005,50.0218085514436,-0.0316017076127721,-0.0124641829887224,0.0141460390050199,0.0218085514435629,1.5,1.5,1.5,1.5
3.255,f27c2278f5bdb77b,49.9684074731253,49.9875311379078,50.0141294023972,50.0217999894266,-0.0315925268747179,-0.0124688620921916,0.0141294023972378,0.0217999894266043,1.5,1.5,1.5,1.5
3.26,f27c2278f5bdb77b,49.9684166524383,49.9875264627579,50.0141127728322,50.0217914218483,-0.0315833475617424,-0.0124735372420517,0.0141127728321564,0.0217914218482775,1.5,1.5,1.5,1.5
3.265,f27c2278f5bdb77b,49.9684258302387,49.9875217915534,50.0140961503523,50.0217828487358,-0.0315741697612566,-0.0124782084466304,0.0140961503523158,0.0217828487358176,1.5,1.5,1.5,1.5
3.27,f27c2278f5bdb77b,49.9684350064406,49.9875171242863,50.0140795350001,50.0217742701166,-0.0315649935593996,-0.0124828757137081,0.0140795350000928,0.0217742701165804,1.5,1.5,1.5,1.5
3.275,f27c2278f5bdb77b,49.968444180959,49.9875124609495,50.0140629268177,50.0217656860181,-0.0315558190409888,-0.0124875390505395,0.0140629268176511,0.0217656860180568,1.5,1.5,1.5,1.5
3.28,f27c2278f5bdb77b,49.9684533537104,49.9875078015361,50.014046325847,50.0217570964679,-0.0315466462895699,-0.0124921984638746,0.0140463258469694,0.0217570964678586,1.5,1.5,1.5,1.5
3.285,f27c2278f5bdb77b,49.9684625246126,49.9875031460401,50.0140297321298,50.0217485014937,-0.0315374753874167,-0.0124968539599166,0.0140297321298277,0.0217485014937395,1.5,1.5,1.5,1.5
3.29,f27c2278f5bdb77b,49.9684716935845,49.9874984944556,50.0140131457078,50.0217399011236,-0.0315283064155381,-0.0125015055443782,0.0140131457078354,0.0217399011235671,1.5,1.5,1.5,1.5
3.295,f27c2278f5bdb77b,49.9684808605463,49.9874938467775,50.0139965666224,50.0217312953853,-0.0315191394536996,-0.0125061532224535,0.0139965666223958,0.0217312953853366,1.5,1.5,1.5,1.5
3.3,f27c2278f5bdb77b,49.9684900254196,49.9874892030011,50.0139799949147,50.0217226843072,-0.0315099745804304,-0.0125107969988534,0.0139799949147275,0.0217226843071714,1.5,1.5,1.5,1.5
3.305,f27c2278f5bdb77b,49.968499188127,49.9874845631222,50.0139634306259,50.0217140679173,-0.0315008118730447,-0.01251543687777,0.0139634306258785,0.0217140679173013,1.5,1.5,1.5,1.5
3.31,f27c2278f5bdb77b,49.9685083485924,49.9874799271371,50.0139468737967,50.0217054462441,-0.0314916514076344,-0.0125200728629196,0.0139468737966979,0.0217054462441055,1.5,1.5,1.5,1.5
3.315,f27c2278f5bdb77b,49.9685175067409,49.9874752950425,50.0139303244679,50.0216968193161,-0.031482493259098,-0.012524704957535,0.0139303244678644,0.0216968193160625,1.5,1.5,1.5,1.5
3.32,f27c2278f5bdb77b,49.9685266624989,49.9874706668356,50.0139137826799,50.0216881871618,-0.03147333750114,-0.012529333164359,0.0139137826798716,0.0216881871617645,1.5,1.5,1.5,1.5
3.325,f27c2278f5bdb77b,49.9685358157937,49.9874660425143,50.013897248473,50.02167954981,-0.0314641842062926,-0.0125339574856653,0.013897248473036,0.0216795498099529,1.5,1.5,1.5,1.5
3.33,f27c2278f5bdb77b,49.9685449665541,49.9874614220767,50.0138807218875,50.0216709072894,-0.0314550334459298,-0.0125385779232658,0.0138807218874959,0.0216709072894474,1.5,1.5,1.5,1.5
3.335,f27c2278f5bdb77b,49.9685541147097,49.9874568055215,50.0138642029632,50.0216622596292,-0.0314458852902533,-0.0125431944784893,0.0138642029632194,0.0216622596292098,1.5,1.5,1.5,1.5
3.34,f27c2278f5bdb77b,49.9685632601917,49.9874521928478,50.01384769174,50.0216536068583,-0.0314367398083277,-0.0125478071522167,0.0138476917399899,0.0216536068583011,1.5,1.5,1.5,1.5
3.345,f27c2278f5bdb77b,49.9685724029319,49.9874475840551,50.0138311882574,50.0216449490059,-0.0314275970681024,-0.0125524159448815,0.01383118825742,0.0216449490059105,1.5,1.5,1.5,1.5
3.35,f27c2278f5bdb77b,49.9685815428636,49.9874429791435,50.013814692555,50.0216362861013,-0.0314184571363825,-0.0125570208564554,0.0138146925549592,0.0216362861013195,1.5,1.5,1.5,1.5
3.355,f27c2278f5bdb77b,49.9685906799211,49.9874383781135,50.0137982046719,50.0216276181739,-0.031409320078879,-0.0125616218864621,0.013798204671879,0.0216276181739445,1.5,1.5,1.5,1.5
3.36,f27c2278f5bdb77b,49.9685998140398,49.987433780966,50.0137817246473,50.0216189452533,-0.0314001859601873,-0.0125662190339924,0.0137817246472949,0.0216189452532873,1.5,1.5,1.5,1.5
3.365,f27c2278f5bdb77b,49.9686089451562,49.9874291877023,50.0137652525201,50.021610267369,-0.031391054843823,-0.012570812297696,0.0137652525201304,0.0216102673689846,1.5,1.5,1.5,1.5
3.37,f27c2278f5bdb77b,49.9686180732078,49.9874245983242,50.0137487883292,50.0216015845508,-0.0313819267922284,-0.0125754016758108,0.0137487883291669,0.0216015845507513,1.5,1.5,1.5,1.5
3.375,f27c2278f5bdb77b,49.9686271981332,49.9874200128339,50.013732332113,50.0215928968284,-0.0313728018667732,-0.012579987166113,0.0137323321130154,0.0215928968284302,1.5,1.5,1.5,1.5
3.38,f27c2278f5bdb77b,49.9686363198722,49.987415431234,50.0137158839101,50.021584204232,-0.0313636801277539,-0.0125845687659947,0.013715883910109,0.0215842042319707,1.5,1.5,1.5,1.5
3.385,f27c2278f5bdb77b,49.9686454383656,49.9874108535276,50.0136994437587,50.0215755067914,-0.0313545616344442,-0.0125891464724006,0.0136994437587319,0.0215755067914074,1.5,1.5,1.5,1.5
3.39,f27c2278f5bdb77b,49.9686545535549,49.9874062797181,50.013683011697,50.0215668045369,-0.0313454464450587,-0.0125937202818847,0.0136830116970188,0.0215668045368957,1.5,1.5,1.5,1.5
3.395,f27c2278f5bdb77b,49.9686636653832,49.9874017098094,50.0136665877629,50.0215580974987,-0.0313363346168032,-0.0125982901905743,0.0136665877629198,0.0215580974986906,1.5,1.5,1.5,1.5
3.4,f27c2278f5bdb77b,49.9686727737941,49.9873971438058,50.0136501719942,50.0215493857071,-0.0313272262058533,-0.0126028561942135,0.0136501719942359,0.0215493857071394,1.5,1.5,1.5,1.5
3.405,f27c2278f5bdb77b,49.9686818787326,49.9873925817119,50.0136337644286,50.0215406691927,-0.0313181212673683,-0.0126074182881268,0.0136337644286328,0.0215406691927029,1.5,1.5,1.5,1.5
3.41,f27c2278f5bdb77b,49.9686909801445,49.9873880235328,50.0136173651036,50.0215319479859,-0.0313090198555344,-0.0126119764672481,0.0136173651035847,0.0215319479859275,1.5,1.5,1.5,1.5
3.415,f27c2278f5bdb77b,49.9687000779765,49.9873834692739,50.0136009740564,50.0215232221175,-0.0312999220235213,-0.0126165307261417,0.0136009740564376,0.021523222117473,1.5,1.5,1.5,1.5
3.42,f27c2278f5bdb77b,49.9687091721765,49.987378918941,50.0135845913244,50.0215144916181,-0.0312908278235469,-0.0126210810589527,0.0135845913243671,0.0215144916180776,1.5,1.5,1.5,1.5
3.425,f27c2278f5bdb77b,49.9687182626932,49.9873743725405,50.0135682169444,50.0215057565186,-0.031281737306827,-0.0126256274594709,0.0135682169444209,0.021505756518593,1.5,1.5,1.5,1.5
3.43,f27c2278f5bdb77b,49.9687273494763,49.9873698300789,50.0135518509535,50.02149701685,-0.031272650523654,-0.0126301699210885,0.0135518509534691,0.0214970168499562,1.5,1.5,1.5,1.5
3.435,f27c2278f5bdb77b,49.9687364324767,49.9873652915632,50.0135354933883,50.0214882726432,-0.0312635675233466,-0.0126347084368348,0.0135354933882539,0.0214882726431966,1.5,1.5,1.5,1.5
3.44,f27c2278f5bdb77b,49.9687455116457,49.9873607570006,50.0135191442854,50.0214795239295,-0.0312544883542785,-0.0126392429993771,0.0135191442853539,0.0214795239294503,1.5,1.5,1.5,1.5
3.445,f27c2278f5bdb77b,49.9687545869361,49.987356226399,50.0135028036812,50.0214707707399,-0.0312454130638997,-0.0126437736009919,0.013502803681213,0.0214707707399242,1.5,1.5,1.5,1.5
3.45,f27c2278f5bdb77b,49.9687636583013,49.9873516997664,50.0134864716121,50.0214620131059,-0.0312363416987438,-0.0126483002336144,0.0134864716121115,0.021462013105932,1.5,1.5,1.5,1.5
3.455,f27c2278f5bdb77b,49.9687727256956,49.9873471771112,50.0134701481142,50.0214532510589,-0.0312272743044133,-0.0126528228888176,0.0134701481142159,0.0214532510588796,1.5,1.5,1.5,1.5
3.46,f27c2278f5bdb77b,49.9687817890744,49.9873426584422,50.0134538332235,50.0214444846302,-0.0312182109256085,-0.0126573415578264,0.0134538332235081,0.0214444846302442,1.5,1.5,1.5,1.5
3.465,f27c2278f5bdb77b,49.9687908483939,49.9873381437685,50.0134375269759,50.0214357138516,-0.0312091516061486,-0.012661856231496,0.0134375269758706,0.0214357138516093,1.5,1.5,1.5,1.5
3.47,f27c2278f5bdb77b,49.968799903611,49.9873336330996,50.013421229407,50.0214269387546,-0.0312000963889503,-0.0126663669003548,0.0134212294070153,0.0214269387546437,1.5,1.5,1.5,1.5
3.475,f27c2278f5bdb77b,49.968808954684,49.9873291264454,50.0134049405525,50.0214181593711,-0.0311910453160422,-0.0126708735545833,0.0134049405525261,0.0214181593710876,1.5,1.5,1.5,1.5
3.48,f27c2278f5bdb77b,49.9688180015714,49.987324623816,50.0133886604478,50.0214093757328,-0.0311819984286075,-0.0126753761840206,0.0133886604478377,0.0214093757327802,1.5,1.5,1.5,1.5
3.485,f27c2278f5bdb77b,49.9688270442331,49.9873201252218,50.0133723891283,50.0214005878716,-0.031172955766948,-0.0126798747781791,0.0133723891282642,0.0214005878716463,1.5,1.5,1.5,1.5
3.49,f27c2278f5bdb77b,49.9688360826295,49.9873156306738,50.013356126629,50.0213917958197,-0.0311639173705061,-0.0126843693262231,0.0133561266289703,0.0213917958196745,1.5,1.5,1.5,1.5
3.495,f27c2278f5bdb77b,49.9688451167221,49.987311140183,50.013339872985,50.021382999609,-0.0311548832778996,-0.0126888598170183,0.0133398729849858,0.0213829996089672,1.5,1.5,1.5,1.5
3.5,f27c2278f5bdb77b,49.9688541464731,49.9873066537609,50.0133236282312,50.0213741992717,-0.0311458535268869,-0.0126933462390753,0.0133236282312197,0.0213741992716905,1.5,1.5,1.5,1.5
3.505,f27c2278f5bdb77b,49.9688631718456,49.9873021714194,50.0133073924024,50.0213653948401,-0.0311368281544091,-0.0126978285806061,0.0133073924024245,0.0213653948400747,1.5,1.5,1.5,1.5
3.51,f27c2278f5bdb77b,49.9688721928034,49.9872976931705,50.0132911655332,50.0213565863465,-0.0311278071965901,-0.012702306829496,0.0132911655332393,0.0213565863464638,1.5,1.5,1.5,1.5
3.515,f27c2278f5bdb77b,49.9688812093113,49.9872932190267,50.0132749476582,50.0213477738233,-0.0311187906887298,-0.0127067809733319,0.0132749476581608,0.0213477738232584,1.5,1.5,1.5,1.5
3.52,f27c2278f5bdb77b,49.9688902213347,49.9872887490006,50.0132587388116,50.0213389573029,-0.0311097786653178,-0.0127112509993665,0.0132587388115653,0.0213389573029374,1.5,1.5,1.5,1.5
3.525,f27c2278f5bdb77b,49.9688992288399,49.9872842831054,50.0132425390277,50.0213301368181,-0.0311007711600695,-0.0127157168945686,0.0132425390276936,0.0213301368180723,1.5,1.5,1.5,1.5
3.53,f27c2278f5bdb77b,49.9689082317941,49.9872798213544,50.0132263483407,50.0213213124013,-0.03109176820589,-0.0127201786456013,0.013226348340666,0.021321312401291,1.5,1.5,1.5,1.5
3.535,f27c2278f5bdb77b,49.9689172301651,49.9872753637612,50.0132101667845,50.0213124840853,-0.031082769834903,-0.0127246362388149,0.0132101667844609,0.0213124840853069,1.5,1.5,1.5,1.5
3.54,f27c2278f5bdb77b,49.9689262239215,49.9872709103397,50.0131939943929,50.0213036519029,-0.0310737760784647,-0.012729089660283,0.0131939943929424,0.0213036519029117,1.5,1.5,1.5,1.5
3.545,f27c2278f5bdb77b,49.9689352130328,49.9872664611042,50.0131778311998,50.021294815887,-0.0310647869671641,-0.0127335388957732,0.0131778311998474,0.0212948158869537,1.5,1.5,1.5,1.5
3.55,f27c2278f5bdb77b,49.9689441974692,49.9872620160692,50.0131616772388,50.0212859760704,-0.0310558025308296,-0.0127379839307693,0.0131616772387844,0.0212859760703807,1.5,1.5,1.5,1.5
3.555,f27c2278f5bdb77b,49.9689531772015,49.9872575752495,50.0131455325433,50.0212771324862,-0.0310468227985368,-0.0127424247504777,0.0131455325432555,0.0212771324861762,1.5,1.5,1.5,1.5
3.56,f27c2278f5bdb77b,49.9689621522014,49.9872531386602,50.0131293971466,50.0212682851674,-0.0310378477986148,-0.0127468613398065,0.0131293971466135,0.0212682851674373,1.5,1.5,1.5,1.5
3.565,f27c2278f5bdb77b,49.9689711224413,49.9872487063166,50.0131132710821,50.0212594341473,-0.0310288775586685,-0.0127512936833867,0.013113271082112,0.0212594341472894,1.5,1.5,1.5,1.5
3.57,f27c2278f5bdb77b,49.9689800878945,49.9872442782344,50.0130971543829,50.021250579459,-0.0310199121055419,-0.0127557217656005,0.0130971543828835,0.0212505794589646,1.5,1.5,1.5,1.5
3.575,f27c2278f5bdb77b,49.9689890485346,49.9872398544295,50.0130810470819,50.0212417211357,-0.0310109514653973,-0.0127601455705175,0.0130810470819185,0.0212417211357234,1.5,1.5,1.5,1.5
3.58,f27c2278f5bdb77b,49.9689980043363,49.987235434918,50.0130649492121,50.0212328592109,-0.0310019956636509,-0.0127645650819659,0.0130649492121222,0.021232859210933,1.5,1.5,1.5,1.5
3.585,f27c2278f5bdb77b,49.969006955275,49.9872310197165,50.0130488608063,50.021223993718,-0.0309930447250153,-0.0127689802834965,0.0130488608062578,0.021223993718003,1.5,1.5,1.5,1.5
3.59,f27c2278f5bdb77b,49.9690159013265,49.9872266088416,50.013032781897,50.0212151246904,-0.0309840986735139,-0.0127733911584045,0.0130327818969889,0.0212151246904071,1.5,1.5,1.5,1.5
3.595,f27c2278f5bdb77b,49.9690248424675,49.9872222023103,50.0130167125168,50.0212062521617,-0.0309751575324668,-0.012777797689715,0.0130167125168441,0.0212062521617042,1.5,1.5,1.5,1.5
3.6,f27c2278f5bdb77b,49.9690337786755,49.9872178001398,50.0130006526983,50.0211973761655,-0.0309662213244977,-0.0127821998601974,0.0130006526982527,0.0211973761655031,1.5,1.5,1.5,1.5
3.605,f27c2278f5bdb77b,49.9690427099284,49.9872134023476,50.0129846024735,50.0211884967355,-0.0309572900715693,-0.0127865976523793,0.0129846024735372,0.0211884967354692,1.5,1.5,1.5,1.5
3.61,f27c2278f5bdb77b,49.9690516362051,49.9872090089515,50.0129685618749,50.0211796139053,-0.0309483637949484,-0.0127909910485258,0.0129685618748852,0.0211796139053462,1.5,1.5,1.5,1.5
3.615,f27c2278f5bdb77b,49.9690605574847,49.9872046199694,50.0129525309344,50.0211707277089,-0.0309394425152547,-0.0127953800306457,0.0129525309343919,0.0211707277089346,1.5,1.5,1.5,1.5
3.62,f27c2278f5bdb77b,49.9690694737476,49.9872002354195,50.012936509684,50.0211618381801,-0.0309305262524333,-0.0127997645805351,0.0129365096840317,0.0211618381800847,1.5,1.5,1.5,1.5
3.625,f27c2278f5bdb77b,49.9690783849742,49.9871958553203,50.0129204981557,50.0211529453527,-0.0309216150257683,-0.0128041446797056,0.0129204981556654,0.0211529453527177,1.5,1.5,1.5,1.5
3.63,f27c2278f5bdb77b,49.9690872911461,49.9871914796905,50.0129044963811,50.0211440492608,-0.0309127088539114,-0.0128085203094557,0.0129044963810614,0.021144049260819,1.5,1.5,1.5,1.5
3.635,f27c2278f5bdb77b,49.9690961922451,49.9871871085492,50.0128885043919,50.0211351499384,-0.0309038077548749,-0.0128128914508494,0.0128885043918601,0.0211351499384165,1.5,1.5,1.5,1.5
3.64,f27c2278f5bdb77b,49.969105088254,49.9871827419153,50.0128725222196,50.0211262474196,-0.0308949117460102,-0.012817258084695,0.0128725222196096,0.021126247419609,1.5,1.5,1.5,1.5
3.645,f27c2278f5bdb77b,49.9691139791559,49.9871783798084,50.0128565498958,50.0211173417385,-0.030886020844072,-0.0128216201915947,0.0128565498957514,0.0211173417385453,1.5,1.5,1.5,1.5
3.65,f27c2278f5bdb77b,49.9691228649348,49.9871740222481,50.0128405874516,50.0211084329294,-0.0308771350651611,-0.0128259777519091,0.0128405874515991,0.021108432929438,1.5,1.5,1.5,1.5
3.655,f27c2278f5bdb77b,49.9691317455752,49.9871696692542,50.0128246349184,50.0210995210265,-0.0308682544247887,-0.0128303307457713,0.0128246349183883,0.0210995210265423,1.5,1.5,1.5,1.5
3.66,f27c2278f5bdb77b,49.9691406210622,49.9871653208469,50.0128086923272,50.0210906060642,-0.0308593789378406,-0.0128346791531015,0.0128086923272335,0.0210906060641847,1.5,1.5,1.5,1.5
3.665,f27c2278f5bdb77b,49.9691494913814,49.9871609770464,50.0127927597092,50.0210816880767,-0.0308505086186059,-0.0128390229535924,0.0127927597091571,0.0210816880767339,1.5,1.5,1.5,1.5
3.67,f27c2278f5bdb77b,49.9691583565192,49.9871566378733,50.0127768370951,50.0210727670986,-0.0308416434807626,-0.0128433621267163,0.0127768370950747,0.0210727670986088,1.5,1.5,1.5,1.5
3.675,f27c2278f5bdb77b,49.9691672164626,49.9871523033483,50.0127609245158,50.0210638431643,-0.0308327835374129,-0.0128476966517326,0.0127609245157956,0.021063843164292,1.5,1.5,1.5,1.5
3.68,f27c2278f5bdb77b,49.9691760711989,49.9871479734923,50.012745022002,50.0210549163083,-0.0308239288010554,-0.0128520265077015,0.0127450220020364,0.0210549163083158,1.5,1.5,1.5,1.5
3.685,f27c2278f5bdb77b,49.9691849207164,49.9871436483265,50.0127291295844,50.0210459865652,-0.0308150792836202,-0.012856351673463,0.0127291295844074,0.0210459865652481,1.5,1.5,1.5,1.5
3.69,f27c2278f5bdb77b,49.9691937650035,49.9871393278724,50.0127132472934,50.0210370539697,-0.0308062349964615,-0.0128606721276441,0.0127132472934122,0.021037053969728,1.5,1.5,1.5,1.5
3.695,f27c2278f5bdb77b,49.9692026040496,49.9871350121513,50.0126973751595,50.0210281185564,-0.0307973959503656,-0.0128649878486726,0.0126973751594832,0.0210281185564369,1.5,1.5,1.5,1.5
3.7,f27c2278f5bdb77b,49.9692114378445,49.9871307011852,50.0126815132129,50.0210191803601,-0.0307885621555428,-0.0128692988147847,0.0126815132129252,0.0210191803600921,1.5,1.5,1.5,1.5
3.705,f27c2278f5bdb77b,49.9692202663783,49.987126394996,50.012665661484,50.0210102394155,-0.0307797336216566,-0.0128736050039961,0.0126656614839575,0.0210102394154745,1.5,1.5,1.5,1.5
3.71,f27c2278f5bdb77b,49.9692290896422,49.9871220936059,50.0126498200027,50.0210012957574,-0.0307709103578304,-0.0128779063941451,0.0126498200027072,0.0210012957574151,1.5,1.5,1.5,1.5
3.715,f27c2278f5bdb77b,49.9692379076274,49.9871177970371,50.0126339887992,50.0209923494208,-0.0307620923726049,-0.0128822029628708,0.0126339887991946,0.0209923494207658,1.5,1.5,1.5,1.5
3.72,f27c2278f5bdb77b,49.969246720326,49.9871135053124,50.0126181679034,50.0209834004405,-0.0307532796740233,-0.0128864946876064,0.0126181679033621,0.0209834004404641,1.5,1.5,1.5,1.5
3.725,f27c2278f5bdb77b,49.9692555277304,49.9871092184544,50.012602357345,50.0209744488515,-0.0307444722695536,-0.0128907815456145,0.0126023573450382,0.0209744488514545,1.5,1.5,1.5,1.5
3.73,f27c2278f5bdb77b,49.9692643298338,49.987104936486,50.012586557154,50.0209654946887,-0.0307356701661661,-0.0128950635139589,0.0125865571539734,0.0209654946887454,1.5,1.5,1.5,1.5
3.735,f27c2278f5bdb77b,49.9692731266297,49.9871006594305,50.0125707673598,50.0209565379874,-0.0307268733702841,-0.0128993405695184,0.0125707673598185,0.0209565379873879,1.5,1.5,1.5,1.5
3.74,f27c2278f5bdb77b,49.9692819181122,49.987096387311,50.0125549879921,50.0209475787825,-0.0307180818878194,-0.0129036126890014,0.0125549879921394,0.0209475787824758,1.5,1.5,1.5,1.5
3.745,f27c2278f5bdb77b,49.9692907042758,49.9870921201511,50.0125392190804,50.0209386171091,-0.0307092957241721,-0.0129078798489175,0.012539219080395,0.0209386171091381,1.5,1.5,1.5,1.5
3.75,f27c2278f5bdb77b,49.9692994851158,49.9870878579744,50.012523460654,50.0209296530026,-0.0307005148842308,-0.0129121420256197,0.0125234606539664,0.020929653002554,1.5,1.5,1.5,1.5
3.755,f27c2278f5bdb77b,49.9693082606276,49.9870836008047,50.0125077127421,50.0209206864979,-0.0306917393723722,-0.0129163991952623,0.0125077127421491,0.0209206864979379,1.5,1.5,1.5,1.5
3.76,f27c2278f5bdb77b,49.9693170308075,49.9870793486662,50.0124919753741,50.0209117176306,-0.0306829691924904,-0.012920651333836,0.0124919753741324,0.020911717630554,1.5,1.5,1.5,1.5
3.765,f27c2278f5bdb77b,49.969325795652,49.9870751015828,50.012476248579,50.0209027464357,-0.0306742043479744,-0.0129248984171753,0.0124762485790342,0.0209027464356879,1.5,1.5,1.5,1.5
3.77,f27c2278f5bdb77b,49.9693345551583,49.9870708595791,50.0124605323859,50.0208937729487,-0.0306654448417234,-0.0129291404209226,0.0124605323858731,0.020893772948682,1.5,1.5,1.5,1.5
3.775,f27c2278f5bdb77b,49.9693433093238,49.9870666226794,50.0124448268236,50.0208847972049,-0.0306566906761603,-0.0129333773205644,0.0124448268235824,0.0208847972049142,1.5,1.5,1.5,1.5
3.78,f27c2278f5bdb77b,49.9693520581468,49.9870623909086,50.012429131921,50.0208758192398,-0.0306479418532248,-0.0129376090914164,0.0124291319210101,0.0208758192397909,1.5,1.5,1.5,1.5
3.785,f27c2278f5bdb77b,49.9693608016256,49.9870581642913,50.0124134477069,50.0208668390888,-0.0306391983743737,-0.0129418357086521,0.0124134477069333,0.020866839088761,1.5,1.5,1.5,1.5
3.79,f27c2278f5bdb77b,49.9693695397594,49.9870539428527,50.01239777421,50.0208578567873,-0.0306304602406158,-0.0129460571472535,0.0123977742100081,0.020857856787309,1.5,1.5,1.5,1.5
3.795,f27c2278f5bdb77b,49.9693782725475,49.9870497266179,50.0123821114588,50.020848872371,-0.0306217274524769,-0.0129502733820743,0.0123821114588409,0.020848872370955,1.5,1.5,1.5,1.5
3.8,f27c2278f5bdb77b,49.96938699999,49.9870455156122,50.0123664594819,50.0208398858753,-0.0306130000100353,-0.0129544843877838,0.0123664594819317,0.0208398858752616,1.5,1.5,1.5,1.5
3.805,f27c2278f5bdb77b,49.9693957220871,49.9870413098611,50.0123508183077,50.0208308973358,-0.0306042779129001,-0.0129586901389231,0.0123508183077163,0.0208308973358129,1.5,1.5,1.5,1.5
3.81,f27c2278f5bdb77b,49.9694044388398,49.9870371093901,50.0123351879645,50.0208219067882,-0.0305955611602471,-0.0129628906098702,0.0123351879645242,0.0208219067882354,1.5,1.5,1.5,1.5
3.815,f27c2278f5bdb77b,49.9694131502492,49.9870329142252,50.0123195684806,50.0208129142682,-0.0305868497507902,-0.0129670857748465,0.0123195684806277,0.020812914268177,1.5,1.5,1.5,1.5
3.82,f27c2278f5bdb77b,49.9694218563172,49.9870287243921,50.0123039598842,50.0208039198113,-0.030578143682817,-0.0129712756079314,0.0123039598841927,0.0208039198113426,1.5,1.5,1.5,1.5
3.825,f27c2278f5bdb77b,49.9694305570458,49.9870245399169,50.0122883622033,50.0207949234534,-0.0305694429541674,-0.0129754600830694,0.0122883622033214,0.0207949234534439,1.5,1.5,1.5,1.5
3.83,f27c2278f5bdb77b,49.9694392524377,49.987020360826,50.012272775466,50.0207859252302,-0.0305607475622551,-0.0129796391740484,0.0122727754660303,0.0207859252302356,1.5,1.5,1.5,1.5
3.835,f27c2278f5bdb77b,49.9694479424959,49.9870161871455,50.0122571997003,50.0207769251775,-0.0305520575040674,-0.0129838128545146,0.0122571997002652,0.0207769251775005,1.5,1.5,1.5,1.5
3.84,f27c2278f5bdb77b,49.9694566272238,49.987012018902,50.0122416349339,50.0207679233311,-0.0305433727761653,-0.0129879810979787,0.012241634933865,0.0207679233310571,1.5,1.5,1.5,1.5
3.845,f27c2278f5bdb77b,49.9694653066253,49.9870078561222,50.0122260811946,50.0207589197267,-0.0305346933746904,-0.0129921438778098,0.0122260811946262,0.0207589197267382,1.5,1.5,1.5,1.5
3.85,f27c2278f5bdb77b,49.9694739807046,49.9870036988328,50.0122105385102,50.0207499144004,-0.0305260192953725,-0.0129963011672487,0.0122105385102387,0.0207499144004188,1.5,1.5,1.5,1.5
3.855,f27c2278f5bdb77b,49.9694826494665,49.9869995470606,50.0121950069083,50.020740907388,-0.0305173505335219,-0.0130004529393872,0.0121950069083283,0.0207409073880029,1.5,1.5,1.5,1.5
3.86,f27c2278f5bdb77b,49.9694913129159,49.9869954008328,50.0121794864164,50.0207318987254,-0.0305086870840654,-0.0130045991672034,0.0121794864164357,0.0207318987254155,1.5,1.5,1.5,1.5
3.865,f27c2278f5bdb77b,49.9694999710585,49.9869912601765,50.012163977062,50.0207228884486,-0.0305000289415105,-0.0130087398235403,0.0121639770620376,0.0207228884486028,1.5,1.5,1.5,1.5
3.87,f27c2278f5bdb77b,49.9695086239,49.9869871251189,50.0121484788725,50.0207138765936,-0.0304913760999597,-0.0130128748810918,0.0121484788725255,0.0207138765935539,1.5,1.5,1.5,1.5
3.875,f27c2278f5bdb77b,49.9695172714469,49.9869829956875,50.0121329918752,50.0207048631963,-0.0304827285531459,-0.0130170043124522,0.0121329918752124,0.0207048631962721,1.5,1.5,1.5,1.5
3.88,f27c2278f5bdb77b,49.9695259137056,49.9869788719099,50.0121175160973,50.0206958482928,-0.0304740862943973,-0.0130211280900809,0.0121175160973479,0.0206958482927959,1.5,1.5,1.5,1.5
3.885,f27c2278f5bdb77b,49.9695345506833,49.9869747538137,50.0121020515661,50.0206868319192,-0.0304654493166581,-0.0130252461863094,0.0121020515660959,0.0206868319191642,1.5,1.5,1.5,1.5
3.89,f27c2278f5bdb77b,49.9695431823875,49.9869706414267,50.0120865983086,50.0206778141115,-0.030456817612496,-0.0130293585733483,0.0120865983085565,0.0206778141114725,1.5,1.5,1.5,1.5
3.895,f27c2278f5bdb77b,49.9695518088259,49.9869665347767,50.0120711563517,50.0206687949058,-0.0304481911741021,-0.0130334652233088,0.0120711563517375,0.0206687949058164,1.5,1.5,1.5,1.5
3.9,f27c2278f5bdb77b,49.9695604300067,49.9869624338918,50.0120557257226,50.0206597743383,-0.030439569993284,-0.013037566108153,0.0120557257226039,0.020659774338327,1.5,1.5,1.5,1.5
3.905,f27c2278f5bdb77b,49.9695690459385,49.9869583388002,50.012040306448,50.0206507524451,-0.0304309540614938,-0.0130416611997504,0.0120403064480143,0.0206507524451496,1.5,1.5,1.5,1.5
3.91,f27c2278f5bdb77b,49.9695776566302,49.9869542495302,50.0120248985548,50.0206417292625,-0.030422343369807,-0.0130457504698427,0.0120248985547917,0.0206417292624508,1.5,1.5,1.5,1.5
3.915,f27c2278f5bdb77b,49.9695862620911,49.9869501661099,50.0120095020697,50.0206327048264,-0.030413737908944,-0.0130498338900722,0.0120095020696525,0.0206327048264257,1.5,1.5,1.5,1.5
3.92,f27c2278f5bdb77b,49.9695948623307,49.986946088568,50.0119941170193,50.0206236791733,-0.0304051376692769,-0.0130539114319603,0.0119941170192703,0.0206236791732906,1.5,1.5,1.5,1.5
3.925,f27c2278f5bdb77b,49.9696034573592,49.9869420169331,50.0119787434302,50.0206146523393,-0.0303965426408013,-0.0130579830669149,0.0119787434302268,0.0206146523392619,1.5,1.5,1.5,1.5
3.93,f27c2278f5bdb77b,49.9696120471868,49.9869379512337,50.011963381329,50.0206056243606,-0.0303879528131787,-0.0130620487662583,0.0119633813290463,0.0206056243606056,1.5,1.5,1.5,1.5
3.935,f27c2278f5bdb77b,49.9696206318243,49.9869338914988,50.0119480307422,50.0205965952736,-0.0303793681757298,-0.013066108501171,0.0119480307421824,0.020596595273588,1.5,1.5,1.5,1.5
3.94,f27c2278f5bdb77b,49.9696292112826,49.9869298377572,50.011932691696,50.0205875651145,-0.0303707887174127,-0.0130701622427765,0.0119326916960176,0.0205875651144964,1.5,1.5,1.5,1.5
3.945,f27c2278f5bdb77b,49.9696377855731,49.986925790038,50.0119173642169,50.0205785339196,-0.0303622144268658,-0.0130742099620491,0.0119173642168633,0.0205785339196396,1.5,1.5,1.5,1.5
3.95,f27c2278f5bdb77b,49.9696463547076,49.9869217483701,50.011902048331,50.0205695017253,-0.0303536452923794,-0.0130782516298922,0.0119020483309669,0.0205695017253333,1.5,1.5,1.5,1.5
3.955,f27c2278f5bdb77b,49.9696549186981,49.9869177127829,50.0118867440645,50.0205604685679,-0.0303450813019239,-0.0130822872170953,0.0118867440645118,0.0205604685679219,1.5,1.5,1.5,1.5
3.96,f27c2278f5bdb77b,49.9696634775569,49.9869136833056,50.0118714514436,50.0205514344838,-0.0303365224431289,-0.0130863166943627,0.0118714514436036,0.0205514344837567,1.5,1.5,1.5,1.5
3.965,f27c2278f5bdb77b,49.9696720312967,49.9869096599677,50.0118561704943,50.0205423995092,-0.0303279687033111,-0.0130903400322993,0.0118561704942906,0.0205423995092175,1.5,1.5,1.5,1.5
3.97,f27c2278f5bdb77b,49.9696805799305,49.9869056427986,50.0118409012426,50.0205333636807,-0.0303194200694534,-0.0130943572013962,0.0118409012425502,0.0205333636806913,1.5,1.5,1.5,1.5
3.975,f27c2278f5bdb77b,49.9696891234718,49.9869016318279,50.0118256437143,50.0205243270346,-0.0303108765282332,-0.0130983681720807,0.0118256437142961,0.0205243270345719,1.5,1.5,1.5,1.5
3.98,f27c2278f5bdb77b,49.969697661934,49.9868976270853,50.0118103979354,50.0205152896073,-0.030302338066015,-0.0131023729146662,0.0118103979353705,0.0205152896072818,1.5,1.5,1.5,1.5
3.985,f27c2278f5bdb77b,49.9697061953312,49.9868936286006,50.0117951639316,50.0205062514352,-0.0302938046688297,-0.0131063713993953,0.0117951639315521,0.0205062514352434,1.5,1.5,1.5,1.5
3.99,f27c2278f5bdb77b,49.9697147236776,49.9868896364036,50.0117799417286,50.0204972125549,-0.0302852763224308,-0.0131103635963967,0.0117799417285696,0.0204972125549006,1.5,1.5,1.5,1.5
3.995,f27c2278f5bdb77b,49.9697232469877,49.9868856505243,50.0117647313521,50.0204881730027,-0.0302767530122594,-0.0131143494757424,0.0117647313520663,0.020488173002704,1.5,1.5,1.5,1.5
4,f27c2278f5bdb77b,49.9697317652766,49.9868816709926,50.0117495328276,50.0204791328151,-0.0302682347234366,-0.0131183290073977,0.0117495328276362,0.0204791328151259,1.5,1.5,1.5,1.5
4.005,f27c2278f5bdb77b,49.9697402785592,49.9868776978388,50.0117343461808,50.0204700920286,-0.0302597214408067,-0.0131223021612428,0.0117343461808019,0.0204700920286456,1.5,1.5,1.5,1.5
4.01,f27c2278f5bdb77b,49.9697487868511,49.9868737310929,50.011719171437,50.0204610506797,-0.0302512131489152,-0.0131262689070937,0.0117191714370293,0.0204610506797422,1.5,1.5,1.5,1.5
4.015,f27c2278f5bdb77b,49.969757290168,49.9868697707853,50.0117040086217,50.0204520088049,-0.0302427098320166,-0.0131302292146671,0.0117040086217202,0.0204520088049236,1.5,1.5,1.5,1.5
4.02,f27c2278f5bdb77b,49.9697657885259,49.9868658169464,50.0116888577602,50.0204429664407,-0.0302342114740739,-0.0131341830536087,0.0116888577602055,0.0204429664406831,1.5,1.5,1.5,1.5
4.025,f27c2278f5bdb77b,49.9697742819412,49.9868618696065,50.0116737188778,50.0204339236236,-0.0302257180587731,-0.0131381303934788,0.0116737188777591,0.0204339236235569,1.5,1.5,1.5,1.5
4.03,f27c2278f5bdb77b,49.9697827704305,49.9868579287962,50.0116585919996,50.0204248803901,-0.0302172295695087,-0.0131420712037738,0.0116585919996055,0.0204248803900597,1.5,1.5,1.5,1.5
4.035,f27c2278f5bdb77b,49.9697912540106,49.9868539945461,50.0116434771509,50.0204158367767,-0.0302087459893983,-0.0131460054538977,0.0116434771508906,0.0204158367767349,1.5,1.5,1.5,1.5
4.04,f27c2278f5bdb77b,49.9697997326987,49.9868500668868,50.0116283743567,50.0204067928201,-0.0302002673012964,-0.0131499331132048,0.011628374356718,0.0204067928201184,1.5,1.5,1.5,1.5
4.045,f27c2278f5bdb77b,49.9698082065122,49.9868461458491,50.0116132836421,50.0203977485568,-0.0301917934877807,-0.0131538541509428,0.0116132836420988,0.0203977485567606,1.5,1.5,1.5,1.5
4.05,f27c2278f5bdb77b,49.9698166754689,49.9868422314637,50.011598205032,50.0203887040232,-0.0301833245311443,-0.0131577685363169,0.0115982050320227,0.0203887040232189,1.5,1.5,1.5,1.5
4.055,f27c2278f5bdb77b,49.9698251395866,49.9868383237615,50.0115831385514,50.0203796592561,-0.0301748604134318,-0.0131616762384539,0.0115831385514014,0.0203796592560579,1.5,1.5,1.5,1.5
4.06,f27c2278f5bdb77b,49.9698335988836,49.9868344227736,50.0115680842251,50.0203706142918,-0.0301664011164249,-0.0131655772264025,0.0115680842250754,0.0203706142918492,1.5,1.5,1.5,1.5
4.065,f27c2278f5bdb77b,49.9698420533784,49.9868305285309,50.0115530420778,50.0203615691672,-0.0301579466216282,-0.0131694714691477,0.0115530420778498,0.0203615691671573,1.5,1.5,1.5,1.5
4.07,f27c2278f5bdb77b,49.9698505030897,49.9868266410644,50.0115380121345,50.0203525239186,-0.0301494969103118,-0.0131733589356244,0.0115380121344586,0.0203525239185751,1.5,1.5,1.5,1.5
4.075,f27c2278f5bdb77b,49.9698589480365,49.9868227604053,50.0115229944196,50.0203434785827,-0.0301410519634828,-0.0131772395946896,0.0115229944195789,0.0203434785826815,1.5,1.5,1.5,1.5
4.08,f27c2278f5bdb77b,49.9698673882381,49.9868188865849,50.0115079889578,50.0203344331961,-0.0301326117618785,-0.0131811134151292,0.011507988957824,0.0203344331960622,1.5,1.5,1.5,1.5
4.085,f27c2278f5bdb77b,49.969875823714,49.9868150196343,50.0114929957738,50.0203253877953,-0.0301241762860158,-0.0131849803656792,0.0114929957737573,0.0203253877953102,1.5,1.5,1.5,1.5
4.09,f27c2278f5bdb77b,49.9698842544838,49.986811159585,50.0114780148919,50.020316342417,-0.0301157455161558,-0.0131888404150047,0.0114780148918925,0.0203163424170185,1.5,1.5,1.5,1.5
4.095,f27c2278f5bdb77b,49.9698926805677,49.9868073064683,50.0114630463367,50.0203072970978,-0.0301073194323038,-0.0131926935317281,0.0114630463366652,0.02030729709778,1.5,1.5,1.5,1.5
4.1,f27c2278f5bdb77b,49.9699011019858,49.9868034603156,50.0114480901325,50.0202982518742,-0.0300988980142449,-0.0131965396844009,0.0114480901324754,0.0202982518742019,1.5,1.5,1.5,1.5
4.105,f27c2278f5bdb77b,49.9699095187585,49.9867996211585,50.0114331463036,50.0202892067829,-0.0300904812415226,-0.0132003788415105,0.011433146303645,0.0202892067828842,1.5,1.5,1.5,1.5
4.11,f27c2278f5bdb77b,49.9699179309066,49.9867957890285,50.0114182148745,50.0202801618604,-0.0300820690934245,-0.0132042109715016,0.0114182148744675,0.0202801618604198,1.5,1.5,1.5,1.5
4.115,f27c2278f5bdb77b,49.969926338451,49.9867919639572,50.0114032958692,50.0202711171434,-0.0300736615490393,-0.0132080360427551,0.011403295869151,0.020271117143416,1.5,1.5,1.5,1.5
4.12,f27c2278f5bdb77b,49.9699347414128,49.9867881459764,50.0113883893119,50.0202620726685,-0.0300652585872072,-0.0132118540236164,0.0113883893118754,0.0202620726684799,1.5,1.5,1.5,1.5
4.125,f27c2278f5bdb77b,49.9699431398135,49.9867843351176,50.0113734952267,50.0202530284722,-0.0300568601865407,-0.0132156648823525,0.0113734952267421,0.0202530284722044,1.5,1.5,1.5,1.5
4.13,f27c2278f5bdb77b,49.9699515336746,49.9867805314128,50.0113586136378,50.0202439845912,-0.0300484663254323,-0.013219468587188,0.0113586136378103,0.0202439845911968,1.5,1.5,1.5,1.5
4.135,f27c2278f5bdb77b,49.9699599230179,49.9867767348937,50.0113437445691,50.0202349410621,-0.0300400769820612,-0.013223265106312,0.0113437445690892,0.0202349410620641,1.5,1.5,1.5,1.5
4.14,f27c2278f5bdb77b,49.9699683078656,49.9867729455922,50.0113288880445,50.0202258979214,-0.0300316921343722,-0.0132270544078494,0.0113288880445239,0.0202258979213852,1.5,1.5,1.5,1.5
4.145,f27c2278f5bdb77b,49.9699766882399,49.9867691635401,50.011314044088,50.0202168552058,-0.030023311760111,-0.0132308364598828,0.0113140440880031,0.0202168552057813,1.5,1.5,1.5,1.5
4.15,f27c2278f5bdb77b,49.9699850641632,49.9867653887695,50.0112992127234,50.0202078129518,-0.0300149358367889,-0.0132346112304518,0.0112992127233724,0.0202078129518242,1.5,1.5,1.5,1.5
4.155,f27c2278f5bdb77b,49.9699934356583,49.9867616213125,50.0112843939744,50.0201987711961,-0.0300065643417327,-0.0132383786875323,0.0112843939744209,0.0201987711961209,1.5,1.5,1.5,1.5
4.16,f27c2278f5bdb77b,49.970001802748,49.9867578612009,50.0112695878649,50.0201897299753,-0.0299981972520413,-0.013242138799086,0.0112695878648736,0.0201897299752503,1.5,1.5,1.5,1.5
4.165,f27c2278f5bdb77b,49.9700101654554,49.986754108467,50.0112547944184,50.0201806893258,-0.0299898345446081,-0.0132458915330034,0.01125479441842,0.0201806893258052,1.5,1.5,1.5,1.5
4.17,f27c2278f5bdb77b,49.9700185238039,49.9867503631428,50.0112400136587,50.0201716492844,-0.0299814761961272,-0.0132496368571537,0.0112400136586928,0.0201716492843573,1.5,1.5,1.5,1.5
4.175,f27c2278f5bdb77b,49.9700268778169,49.9867466252607,50.0112252456093,50.0201626098875,-0.029973122183101,-0.0132533747393495,0.0112252456092534,0.0201626098874854,1.5,1.5,1.5,1.5
4.18,f27c2278f5bdb77b,49.9700352275182,49.9867428948526,50.0112104902936,50.0201535711718,-0.0299647724818186,-0.0132571051473747,0.0112104902936352,0.020153571171754,1.5,1.5,1.5,1.5
4.185,f27c2278f5bdb77b,49.9700435729316,49.986739171951,50.0111957477353,50.0201445331737,-0.0299564270683774,-0.0132608280489706,0.0111957477353073,0.0201445331737347,1.5,1.5,1.5,1.5
4.19,f27c2278f5bdb77b,49.9700519140813,49.9867354565882,50.0111810179577,50.02013549593,-0.0299480859186829,-0.013264543411843,0.0111810179576963,0.0201354959299778,1.5,1.5,1.5,1.5
4.195,f27c2278f5bdb77b,49.9700602509916,49.9867317487964,50.0111663009842,50.020126459477,-0.0299397490084488,-0.0132682512036482,0.0111663009841649,0.0201264594770478,1.5,1.5,1.5,1.5
4.2,f27c2278f5bdb77b,49.9700685836868,49.986728048608,50.011151596838,50.0201174238515,-0.0299314163132038,-0.013271951392035,0.0111515968380331,0.020117423851481,1.5,1.5,1.5,1.5
4.205,f27c2278f5bdb77b,49.9700769121917,49.9867243560554,50.0111369055426,50.0201083890898,-0.0299230878082781,-0.0132756439445814,0.0111369055425641,0.0201083890898133,1.5,1.5,1.5,1.5
4.21,f27c2278f5bdb77b,49.9700852365312,49.9867206711711,50.011122227121,50.0200993552286,-0.0299147634688239,-0.0132793288288653,0.0111222271209783,0.0200993552285809,1.5,1.5,1.5,1.5
4.215,f27c2278f5bdb77b,49.9700935567302,49.9867169939876,50.0111075615964,50.0200903223043,-0.0299064432698231,-0.0132830060124149,0.0111075615964467,0.0200903223043056,1.5,1.5,1.5,1.5
4.22,f27c2278f5bdb77b,49.9701018728139,49.9867133245373,50.0110929089921,50.0200812903535,-0.0298981271860512,-0.013286675462723,0.0110929089920759,0.0200812903534953,1.5,1.5,1.5,1.5
4.225,f27c2278f5bdb77b,49.9701101848079,49.9867096628527,50.0110782693309,50.0200722594127,-0.0298898151921279,-0.0132903371472679,0.0110782693309375,0.0200722594126574,1.5,1.5,1.5,1.5
4.23,f27c2278f5bdb77b,49.9701184927375,49.9867060089665,50.011063642636,50.0200632295183,-0.0298815072624876,-0.0132939910334855,0.0110636426360387,0.0200632295182928,1.5,1.5,1.5,1.5
4.235,f27c2278f5bdb77b,49.9701267966286,49.9867023629112,50.0110490289304,50.0200542007069,-0.0298732033713947,-0.0132976370887903,0.0110490289303584,0.0200542007068805,1.5,1.5,1.5,1.5
4.24,f27c2278f5bdb77b,49.9701350965071,49.9866987247194,50.0110344282368,50.0200451730149,-0.0298649034929426,-0.0133012752805612,0.0110344282368118,0.0200451730148927,1.5,1.5,1.5,1.5
4.245,f27c2278f5bdb77b,49.9701433923989,49.9866950944238,50.0110198405783,50.0200361464788,-0.0298566076010545,-0.0133049055761632,0.0110198405782569,0.0200361464788017,1.5,1.5,1.5,1.5
4.25,f27c2278f5bdb77b,49.9701516843305,49.9866914720571,50.0110052659775,50.0200271211351,-0.02984831566949,-0.0133085279429181,0.0110052659775235,0.0200271211350582,1.5,1.5,1.5,1.5
4.255,f27c2278f5bdb77b,49.9701599723282,49.9866878576519,50.0109907044574,50.0200180970201,-0.0298400276718311,-0.0133121423481484,0.0109907044573845,0.020018097020106,1.5,1.5,1.5,1.5
4.26,f27c2278f5bdb77b,49.9701682564185,49.9866842512409,50.0109761560405,50.0200090741704,-0.0298317435815179,-0.0133157487591262,0.0109761560405488,0.0200090741703747,1.5,1.5,1.5,1.5
4.265,f27c2278f5bdb77b,49.9701765366282,49.9866806528569,50.0109616207497,50.0200000526223,-0.0298234633718124,-0.0133193471431241,0.010961620749697,0.0200000526222865,1.5,1.5,1.5,1.5
4.27,f27c2278f5bdb77b,49.9701848129842,49.9866770625326,50.0109470986075,50.0199910324122,-0.0298151870158279,-0.0133229374673789,0.0109470986074598,0.0199910324122428,1.5,1.5,1.5,1.5
4.275,f27c2278f5bdb77b,49.9701930855135,49.9866734803009,50.0109325896364,50.0199820135766,-0.0298069144865138,-0.0133265196991061,0.0109325896364112,0.0199820135766373,1.5,1.5,1.5,1.5
4.28,f27c2278f5bdb77b,49.9702013542433,49.9866699061945,50.0109180938591,50.0199729961518,-0.0297986457566779,-0.0133300938055143,0.0109180938590754,0.01997299615185,1.5,1.5,1.5,1.5
4.285,f27c2278f5bdb77b,49.970209619201,49.9866663402462,50.0109036112979,50.0199639801742,-0.029790380798957,-0.0133336597537834,0.0109036112979481,0.0199639801742464,1.5,1.5,1.5,1.5
4.29,f27c2278f5bdb77b,49.9702178804141,49.9866627824889,50.0108891419755,50.0199549656802,-0.0297821195858532,-0.0133372175110651,0.0108891419754542,0.0199549656801778,1.5,1.5,1.5,1.5
4.295,f27c2278f5bdb77b,49.9702261379103,49.9866592329555,50.010874685914,50.019945952706,-0.0297738620897192,-0.0133407670445251,0.0108746859139899,0.0199459527059815,1.5,1.5,1.5,1.5
4.3,f27c2278f5bdb77b,49.9702343917172,49.9866556916787,50.0108602431359,50.019936941288,-0.0297656082827515,-0.0133443083212867,0.0108602431358875,0.0199369412879804,1.5,1.5,1.5,1.5
4.305,f27c2278f5bdb77b,49.970242641863,49.9866521586915,50.0108458136634,50.0199279314625,-0.0297573581370045,-0.0133478413084589,0.0108458136634439,0.0199279314624832,1.5,1.5,1.5,1.5
4.31,f27c2278f5bdb77b,49.9702508883756,49.9866486340268,50.0108313975189,50.0199189232658,-0.0297491116244046,-0.0133513659731506,0.0108313975189063,0.0199189232657844,1.5,1.5,1.5,1.5
4.315,f27c2278f5bdb77b,49.9702591312833,49.9866451177176,50.0108169947245,50.0199099167342,-0.0297408687167149,-0.0133548822824494,0.0108169947244861,0.0199099167341501,1.5,1.5,1.5,1.5
4.32,f27c2278f5bdb77b,49.9702673706144,49.9866416097966,50.0108026053023,50.0199009119038,-0.0297326293855775,-0.0133583902034218,0.0108026053023309,0.0199009119038465,1.5,1.5,1.5,1.5
4.325,f27c2278f5bdb77b,49.9702756063975,49.9866381102969,50.0107882292745,50.0198919088111,-0.0297243936024856,-0.0133618897031482,0.0107882292745458,0.0198919088111111,1.5,1.5,1.5,1.5
4.33,f27c2278f5bdb77b,49.9702838386612,49.9866346192513,50.0107738666632,50.0198829074922,-0.0297161613388113,-0.0133653807486738,0.0107738666632002,0.0198829074921676,1.5,1.5,1.5,1.5
4.335,f27c2278f5bdb77b,49.9702920674342,49.986631136693,50.0107595174903,50.0198739079832,-0.0297079325657847,-0.0133688633070363,0.0107595174903068,0.0198739079832322,1.5,1.5,1.5,1.5
4.34,f27c2278f5bdb77b,49.9703002927455,49.9866276626547,50.0107451817778,50.0198649103205,-0.0296997072545011,-0.0133723373452739,0.0107451817778355,0.0198649103204858,1.5,1.5,1.5,1.5
4.345,f27c2278f5bdb77b,49.9703085146241,49.9866241971696,50.0107308595477,50.0198559145401,-0.0296914853759347,-0.0133758028304172,0.0107308595477207,0.019855914540102,1.5,1.5,1.5,1.5
4.35,f27c2278f5bdb77b,49.9703167330991,49.9866207402705,50.0107165508218,50.0198469206782,-0.0296832669009319,-0.0133792597294757,0.0107165508218401,0.0198469206782335,1.5,1.5,1.5,1.5
4.355,f27c2278f5bdb77b,49.9703249481998,49.9866172919905,50.010702255622,50.019837928771,-0.0296750518002042,-0.0133827080094733,0.0107022556220286,0.0198379287710182,1.5,1.5,1.5,1.5
4.36,f27c2278f5bdb77b,49.9703331599557,49.9866138523626,50.0106879739701,50.0198289388546,-0.0296668400443494,-0.0133861476374051,0.0106879739700716,0.0198289388545589,1.5,1.5,1.5,1.5
4.365,f27c2278f5bdb77b,49.9703413683962,49.9866104214197,50.0106737058877,50.019819950965,-0.0296586316038372,-0.0133895785802807,0.0106737058877187,0.0198199509649584,1.5,1.5,1.5,1.5
4.37,f27c2278f5bdb77b,49.970349573551,49.9866069991949,50.0106594513967,50.0198109651383,-0.0296504264490167,-0.0133930008050953,0.0106594513966769,0.0198109651382836,1.5,1.5,1.5,1.5
4.375,f27c2278f5bdb77b,49.9703577754499,49.9866035857212,50.0106452105186,50.0198019814106,-0.0296422245501233,-0.0133964142788372,0.0106452105185966,0.0198019814106019,1.5,1.5,1.5,1.5
4.38,f27c2278f5bdb77b,49.9703659741227,49.9866001810315,50.0106309832751,50.0197929998179,-0.0296340258772716,-0.0133998189685016,0.0106309832750853,0.0197929998179305,1.5,1.5,1.5,1.5
4.385,f27c2278f5bdb77b,49.9703741695995,49.9865967851589,50.0106167696877,50.0197840203963,-0.0296258304004553,-0.0134032148410839,0.0106167696877151,0.0197840203962869,1.5,1.5,1.5,1.5
4.39,f27c2278f5bdb77b,49.9703823619104,49.9865933981364,50.010602569778,50.0197750431817,-0.0296176380895758,-0.0134066018635579,0.0106025697780083,0.0197750431816672,1.5,1.5,1.5,1.5
4.395,f27c2278f5bdb77b,49.9703905510856,49.9865900199971,50.0105883835674,50.01976606821,-0.0296094489143925,-0.0134099800029333,0.0105883835674376,0.019766068210032,1.5,1.5,1.5,1.5
4.4,f27c2278f5bdb77b,49.9703987371554,49.9865866507738,50.0105742110775,50.0197570955173,-0.0296012628445794,-0.0134133492261768,0.0105742110774543,0.0197570955173276,1.5,1.5,1.5,1.5
4.405,f27c2278f5bdb77b,49.9704069201503,49.9865832904997,50.0105600523294,50.0197481251395,-0.0295930798496826,-0.0134167095002979,0.0105600523294385,0.019748125139472,1.5,1.5,1.5,1.5
4.41,f27c2278f5bdb77b,49.9704151001008,49.9865799392077,50.0105459073447,50.0197391571124,-0.029584899899163,-0.0134200607922779,0.0105459073447349,0.0197391571123831,1.5,1.5,1.5,1.5
4.415,f27c2278f5bdb77b,49.9704232770376,49.9865765969309,50.0105317761446,50.0197301914719,-0.0295767229623607,-0.0134234030691118,0.0105317761446457,0.0197301914719219,1.5,1.5,1.5,1.5
4.42,f27c2278f5bdb77b,49.9704314509915,49.9865732637022,50.0105176587504,50.0197212282539,-0.0295685490085091,-0.0134267362978093,0.0105176587504445,0.0197212282539425,1.5,1.5,1.5,1.5
4.425,f27c2278f5bdb77b,49.9704396219933,49.9865699395546,50.0105035551833,50.0197122674943,-0.0295603780067495,-0.0134300604453657,0.0105035551833339,0.0197122674942776,1.5,1.5,1.5,1.5
4.43,f27c2278f5bdb77b,49.9704477900739,49.9865666245212,50.0104894654645,50.0197033092287,-0.0295522099261163,-0.0134333754787903,0.0104894654645022,0.0197033092287384,1.5,1.5,1.5,1.5
4.435,f27c2278f5bdb77b,49.9704559552644,49.9865633186349,50.0104753896151,50.0196943534931,-0.0295440447355517,-0.0134366813650999,0.0104753896150598,0.0196943534930938,1.5,1.5,1.5,1.5
4.44,f27c2278f5bdb77b,49.9704641175961,49.9865600219287,50.0104613276561,50.0196854003231,-0.0295358824038985,-0.013439978071311,0.0104613276561096,0.0196854003231053,1.5,1.5,1.5,1.5
4.445,f27c2278f5bdb77b,49.9704722771001,49.9865567344355,50.0104472796087,50.0196764497545,-0.0295277228998998,-0.0134432655644616,0.010447279608691,0.019676449754499,1.5,1.5,1.5,1.5
4.45,f27c2278f5bdb77b,49.9704804338078,49.9865534561884,50.0104332454938,50.019667501823,-0.0295195661922065,-0.0134465438115754,0.0104332454938003,0.0196675018229868,1.5,1.5,1.5,1.5
4.455,f27c2278f5bdb77b,49.9704885877506,49.9865501872203,50.0104192253324,50.0196585565642,-0.0295114122493771,-0.0134498127797116,0.0104192253324058,0.019658556564238,1.5,1.5,1.5,1.5
4.46,f27c2278f5bdb77b,49.9704967389601,49.9865469275641,50.0104052191454,50.0196496140139,-0.0295032610398707,-0.0134530724359081,0.0104052191454187,0.0196496140139075,1.5,1.5,1.5,1.5
4.465,f27c2278f5bdb77b,49.9705048874679,49.9865436772528,50.0103912269537,50.0196406742076,-0.029495112532075,-0.0134563227472455,0.0103912269537076,0.0196406742076221,1.5,1.5,1.5,1.5
4.47,f27c2278f5bdb77b,49.9705130333057,49.9865404363192,50.0103772487781,50.019631737181,-0.0294869666942716,-0.0134595636807973,0.0103772487781129,0.0196317371809727,1.5,1.5,1.5,1.5
4.475,f27c2278f5bdb77b,49.9705211765053,49.9865372047964,50.0103632846394,50.0196228029695,-0.0294788234946708,-0.0134627952036439,0.0103632846394106,0.0196228029695362,1.5,1.5,1.5,1.5
4.48,f27c2278f5bdb77b,49.9705293170986,49.9865339827171,50.0103493345584,50.0196138716089,-0.0294706829013833,-0.0134660172828873,0.0103493345583558,0.0196138716088612,1.5,1.5,1.5,1.5
4.485,f27c2278f5bdb77b,49.9705374551176,49.9865307701144,50.0103353985556,50.0196049431344,-0.0294625448824348,-0.0134692298856365,0.0103353985556467,0.0196049431344463,1.5,1.5,1.5,1.5
4.49,f27c2278f5bdb77b,49.9705455905942,49.986527567021,50.0103214766519,50.0195960175818,-0.0294544094057869,-0.0134724329790217,0.0103214766519457,0.0195960175817973,1.5,1.5,1.5,1.5
4.495,f27c2278f5bdb77b,49.9705537235607,49.9865243734698,50.0103075688679,50.0195870949864,-0.0294462764393018,-0.0134756265301874,0.01030756886788,0.0195870949863561,1.5,1.5,1.5,1.5
4.5,f27c2278f5bdb77b,49.9705618540492,49.9865211894937,50.010293675224,50.0195781753836,-0.0294381459507775,-0.0134788105062782,0.0102936752240197,0.0195781753835576,1.5,1.5,1.5,1.5
4.505,f27c2278f5bdb77b,49.9705699820921,49.9865180151255,50.0102797957409,50.0195692588088,-0.029430017907913,-0.0134819848744741,0.0102797957408995,0.0195692588088008,1.5,1.5,1.5,1.5
4.51,f27c2278f5bdb77b,49.9705781077216,49.986514850398,50.010265930439,50.0195603452975,-0.02942189227835,-0.013485149601955,0.0102659304390116,0.0195603452974566,1.5,1.5,1.5,1.5
4.515,f27c2278f5bdb77b,49.9705862309704,49.9865116953441,50.0102520793388,50.0195514348849,-0.0294137690296452,-0.0134883046559295,0.0102520793388123,0.0195514348848675,1.5,1.5,1.5,1.5
4.52,f27c2278f5bdb77b,49.9705943518707,49.9865085499964,50.0102382424607,50.0195425276063,-0.0294056481292913,-0.0134914500036132,0.0102382424607086,0.0195425276063403,1.5,1.5,1.5,1.5
4.525,f27c2278f5bdb77b,49.9706024704553,49.9865054143877,50.0102244198251,50.0195336234972,-0.0293975295446884,-0.013494585612257,0.0102244198250716,0.0195336234971535,1.5,1.5,1.5,1.5
4.53,f27c2278f5bdb77b,49.9706105867568,49.9865022885509,50.0102106114522,50.0195247225926,-0.0293894132431802,-0.0134977114491051,0.0102106114522229,0.019524722592557,1.5,1.5,1.5,1.5
4.535,f27c2278f5bdb77b,49.970618700808,49.9864991725186,50.0101968173624,50.0195158249278,-0.0293812991920461,-0.0135008274814368,0.0101968173624485,0.0195158249277654,1.5,1.5,1.5,1.5
4.54,f27c2278f5bdb77b,49.9706268126415,49.9864960663234,50.010183037576,50.019506930538,-0.0293731873584804,-0.0135039336765601,0.0101830375759988,0.0195069305379647,1.5,1.5,1.5,1.5
4.545,f27c2278f5bdb77b,49.9706349222904,49.9864929699982,50.0101692721131,50.0194980394583,-0.0293650777096133,-0.0135070300017901,0.0101692721130746,0.0194980394583055,1.5,1.5,1.5,1.5
4.55,f27c2278f5bdb77b,49.9706430297875,49.9864898835755,50.0101555209938,50.0194891517239,-0.0293569702125254,-0.0135101164244631,0.0101555209938269,0.0194891517239171,1.5,1.5,1.5,1.5
4.555,f27c2278f5bdb77b,49.9706511351658,49.9864868070881,50.0101417842384,50.0194802673699,-0.029348864834212,-0.0135131929119368,0.0101417842383853,0.019480267369886,1.5,1.5,1.5,1.5
4.56,f27c2278f5bdb77b,49.9706592384584,49.9864837405684,50.0101280618668,50.0194713864313,-0.0293407615416115,-0.0135162594316043,0.0101280618668298,0.0194713864312703,1.5,1.5,1.5,1.5
4.565,f27c2278f5bdb77b,49.9706673396984,49.9864806840491,50.0101143538992,50.0194625089431,-0.0293326603016055,-0.013519315950866,0.0101143538991835,0.0194625089430858,1.5,1.5,1.5,1.5
4.57,f27c2278f5bdb77b,49.970675438919,49.9864776375628,50.0101006603555,50.0194536349403,-0.0293245610810118,-0.0135223624371577,0.0101006603554552,0.0194536349403336,1.5,1.5,1.5,1.5
4.575,f27c2278f5bdb77b,49.9706835361534,49.9864746011421,50.0100869812556,50.019444764458,-0.029316463846591,-0.0135253988579365,0.010086981255597,0.0194447644579583,1.5,1.5,1.5,1.5
4.58,f27c2278f5bdb77b,49.970691631435,49.9864715748193,50.0100733166195,50.0194358975309,-0.0293083685650259,-0.0135284251806738,0.0100733166195184,0.019435897530883,1.5,1.5,1.5,1.5
4.585,f27c2278f5bdb77b,49.970699724797,49.9864685586271,50.0100596664671,50.019427034194,-0.0293002752029778,-0.0135314413728835,0.0100596664670931,0.0194270341940097,1.5,1.5,1.5,1.5
4.59,f27c2278f5bdb77b,49.970707816273,49.9864655525979,50.0100460308182,50.0194181744822,-0.0292921837270157,-0.013534447402094,0.0100460308181596,0.0194181744821762,1.5,1.5,1.5,1.5
4.595,f27c2278f5bdb77b,49.9707159058963,49.9864625567641,50.0100324096925,50.0194093184302,-0.02928409410368,-0.0135374432358688,0.0100324096925064,0.0194093184302062,1.5,1.5,1.5,1.5
4.6,f27c2278f5bdb77b,49.9707239937006,49.9864595711582,50.0100188031099,50.0194004660729,-0.0292760062994475,-0.013540428841786,0.0100188031098725,0.0194004660728879,1.5,1.5,1.5,1.5
4.605,f27c2278f5bdb77b,49.9707320797193,49.9864565958125,50.01000521109,50.019391617445,-0.0292679202807378,-0.013543404187466,0.0100052110899824,0.0193916174449669,1.5,1.5,1.5,1.5
4.61,f27c2278f5bdb77b,49.9707401639861,49.9864536307595,50.0099916336525,50.0193827725812,-0.0292598360139209,-0.0135463692405438,0.009991633652497,0.0193827725811531,1.5,1.5,1.5,1.5
4.615,f27c2278f5bdb77b,49.9707482465347,49.9864506760313,50.009978070817,50.0193739315161,-0.0292517534653243,-0.0135493239687037,0.00997807081704138,0.0193739315161281,1.5,1.5,1.5,1.5
4.62,f27c2278f5bdb77b,49.9707563273988,49.9864477316604,50.0099645226032,50.0193650942845,-0.0292436726012255,-0.0135522683396303,0.00996452260320524,0.0193650942845167,1.5,1.5,1.5,1.5
4.625,f27c2278f5bdb77b,49.9707644066122,49.9864447976789,50.0099509890305,50.0193562609209,-0.0292355933878454,-0.013555202321065,0.0099509890305356,0.0193562609209437,1.5,1.5,1.5,1.5
4.63,f27c2278f5bdb77b,49.9707724842086,49.9864418741192,50.0099374701185,50.01934743146,-0.0292275157913622,-0.0135581258807633,0.00993747011852975,0.0193474314599626,1.5,1.5,1.5,1.5
4.635,f27c2278f5bdb77b,49.9707805602221,49.9864389610135,50.0099239658867,50.0193386059361,-0.0292194397779184,-0.0135610389865235,0.00992396588667077,0.019338605936106,1.5,1.5,1.5,1.5
4.64,f27c2278f5bdb77b,49.9707886346864,49.9864360583938,50.0099104763544,50.0193297843839,-0.0292113653135928,-0.0135639416061721,0.0099104763543636,0.0193297843838636,1.5,1.5,1.5,1.5
4.645,f27c2278f5bdb77b,49.9707967076356,49.9864331662924,50.009897001541,50.0193209668377,-0.0292032923644356,-0.0135668337075572,0.00989700154099893,0.0193209668376895,1.5,1.5,1.5,1.5
4.65,f27c2278f5bdb77b,49.9708047791035,49.9864302847414,50.0098835414659,50.019312153332,-0.0291952208964545,-0.0135697152585692,0.00988354146591774,0.0193121533320024,1.5,1.5,1.5,1.5
4.655,f27c2278f5bdb77b,49.9708128491244,49.9864274137729,50.0098700961484,50.0193033439012,-0.0291871508756074,-0.0135725862271343,0.00987009614841838,0.0193033439011785,1.5,1.5,1.5,1.5
4.66,f27c2278f5bdb77b,49.9708209177322,49.9864245534188,50.0098566656078,50.0192945385796,-0.0291790822678237,-0.0135754465812141,0.00985666560777787,0.0192945385795582,1.5,1.5,1.5,1.5
4.665,f27c2278f5bdb77b,49.970828984961,49.9864217037112,50.0098432498632,50.0192857374014,-0.0291710150389903,-0.0135782962887916,0.00984324986320217,0.0192857374014395,1.5,1.5,1.5,1.5
4.67,f27c2278f5bdb77b,49.9708370508451,49.9864188646821,50.0098298489339,50.0192769404011,-0.0291629491549372,-0.0135811353178923,0.00982984893387595,0.0192769404010775,1.5,1.5,1.5,1.5
4.675,f27c2278f5bdb77b,49.9708451154185,49.9864160363634,50.0098164628389,50.0192681476127,-0.0291548845814944,-0.0135839636365844,0.00981646283893411,0.0192681476127063,1.5,1.5,1.5,1.5
4.68,f27c2278f5bdb77b,49.9708531787156,49.986413218787,50.0098030915975,50.0192593590705,-0.0291468212844279,-0.0135867812129646,0.00980309159749027,0.019259359070503,1.5,1.5,1.5,1.5
4.685,f27c2278f5bdb77b,49.9708612407705,49.9864104119848,50.0097897352286,50.0192505748086,-0.0291387592294683,-0.0135895880151651,0.00978973522858695,0.0192505748086091,1.5,1.5,1.5,1.5
4.69,f27c2278f5bdb77b,49.9708693016177,49.9864076159886,50.0097763937513,50.0192417948611,-0.0291306983823389,-0.0135923840113534,0.0097763937512525,0.0192417948611237,1.5,1.5,1.5,1.5
4.695,f27c2278f5bdb77b,49.9708773612913,49.9864048308303,50.0097630671845,50.0192330192621,-0.0291226387087065,-0.01359516916974,0.00976306718446551,0.0192330192621029,1.5,1.5,1.5,1.5
4.7,f27c2278f5bdb77b,49.9708854198258,49.9864020565414,50.0097497555472,50.0192242480456,-0.0291145801742019,-0.0135979434585778,0.00974975554715485,0.0192242480455818,1.5,1.5,1.5,1.5
4.705,f27c2278f5bdb77b,49.9708934772555,49.9863992931539,50.0097364588582,50.0192154812455,-0.0291065227444562,-0.013600706846141,0.00973645885822094,0.0192154812455243,1.5,1.5,1.5,1.5
4.71,f27c2278f5bdb77b,49.970901533615,49.9863965406992,50.0097231771365,50.0192067188959,-0.0290984663850367,-0.0136034593007608,0.0097231771365287,0.0192067188958802,1.5,1.5,1.5,1.5
4.715,f27c2278f5bdb77b,49.9709095889385,49.9863937992092,50.0097099104009,50.0191979610305,-0.0290904110615031,-0.0136062007908038,0.0097099104008862,0.0191979610305353,1.5,1.5,1.5,1.5
4.72,f27c2278f5bdb77b,49.9709176432606,49.9863910687153,50.0096966586701,50.0191892076834,-0.0290823567393801,-0.013608931284665,0.00969665867006597,0.019189207683354,1.5,1.5,1.5,1.5
4.725,f27c2278f5bdb77b,49.9709256966158,49.9863883492492,50.0096834219628,50.0191804588881,-0.0290743033841707,-0.0136116507507893,0.00968342196280503,0.0191804588881368,1.5,1.5,1.5,1.5
4.73,f27c2278f5bdb77b,49.9709337490387,49.9863856408423,50.0096702002978,50.0191717146787,-0.0290662509613497,-0.0136143591576712,0.00967020029780485,0.019171714678663,1.5,1.5,1.5,1.5
4.735,f27c2278f5bdb77b,49.9709418005636,49.9863829435262,50.0096569936937,50.0191629750887,-0.0290581994363563,-0.0136170564738265,0.00965699369371009,0.0191629750886548,1.5,1.5,1.5,1.5
4.74,f27c2278f5bdb77b,49.9709498512254,49.9863802573322,50.0096438021691,50.0191542401518,-0.0290501487746297,-0.0136197426678351,0.00964380216914407,0.0191542401517992,1.5,1.5,1.5,1.5
4.745,f27c2278f5bdb77b,49.9709579010584,49.9863775822917,50.0096306257427,50.0191455099017,-0.0290420989415665,-0.0136224177082909,0.00963062574267326,0.0191455099017332,1.5,1.5,1.5,1.5
4.75,f27c2278f5bdb77b,49.9709659500975,49.9863749184361,50.0096174644328,50.0191367843721,-0.029034049902549,-0.0136250815638661,0.00961746443282863,0.0191367843720585,1.5,1.5,1.5,1.5
4.755,f27c2278f5bdb77b,49.9709739983771,49.9863722657968,50.0096043182581,50.0191280635963,-0.0290260016229453,-0.01362773420324,0.0096043182581127,0.0191280635963196,1.5,1.5,1.5,1.5
4.76,f27c2278f5bdb77b,49.9709820459319,49.9863696244048,50.009591187237,50.019119347608,-0.0290179540680882,-0.0136303755951701,0.00959118723696406,0.01911934760804,1.5,1.5,1.5,1.5
4.765,f27c2278f5bdb77b,49.9709900927967,49.9863669942916,50.0095780713878,50.0191106364407,-0.029009907203303,-0.013633005708428,0.00957807138779998,0.0191106364406721,1.5,1.5,1.5,1.5
4.77,f27c2278f5bdb77b,49.9709981390061,49.9863643754882,50.009564970729,50.0191019301276,-0.029001860993894,-0.0136356245118492,0.00956497072898799,0.0191019301276398,1.5,1.5,1.5,1.5
4.775,f27c2278f5bdb77b,49.9710061845948,49.9863617680257,50.0095518852789,50.0190932287023,-0.0289938154051512,-0.0136382319743049,0.00955188527886719,0.0190932287023244,1.5,1.5,1.5,1.5
4.78,f27c2278f5bdb77b,49.9710142295977,49.9863591719353,50.0095388150557,50.0190845321981,-0.0289857704023362,-0.013640828064716,0.00953881505571275,0.0190845321980504,1.5,1.5,1.5,1.5
4.785,f27c2278f5bdb77b,49.9710222740493,49.9863565872479,50.0095257600778,50.0190758406481,-0.0289777259507247,-0.0136434127520602,0.00952576007778561,0.0190758406481137,1.5,1.5,1.5,1.5
4.79,f27c2278f5bdb77b,49.9710303179845,49.9863540139947,50.0095127203633,50.0190671540857,-0.0289696820155427,-0.0136459860053364,0.00951272036328987,0.0190671540857394,1.5,1.5,1.5,1.5
4.795,f27c2278f5bdb77b,49.971038361438,49.9863514522064,50.0094996959304,50.0190584725441,-0.0289616385620235,-0.0136485477936077,0.00949969593038702,0.0190584725441312,1.5,1.5,1.5,1.5
4.8,f27c2278f5bdb77b,49.9710464044446,49.986348901914,50.0094866867972,50.0190497960564,-0.0289535955553859,-0.0136510980859796,0.0094866867972172,0.0190497960564358,1.5,1.5,1.5,1.5
4.805,f27c2278f5bdb77b,49.9710544470392,49.9863463631484,50.0094736929819,50.0190411246558,-0.0289455529608276,-0.0136536368516147,0.00947369298185663,0.0190411246557574,1.5,1.5,1.5,1.5
4.81,f27c2278f5bdb77b,49.9710624892565,49.9863438359403,50.0094607145024,50.0190324583751,-0.0289375107435461,-0.0136561640597179,0.00946071450235308,0.0190324583751433,1.5,1.5,1.5,1.5
4.815,f27c2278f5bdb77b,49.9710705311313,49.9863413203205,50.0094477513767,50.0190237972476,-0.0289294688687249,-0.0136586796795299,0.00944775137671172,0.0190237972476126,1.5,1.5,1.5,1.5
4.82,f27c2278f5bdb77b,49.9710785726985,49.9863388163196,50.0094348036229,50.0190151413061,-0.0289214273015403,-0.0136611836803553,0.00943480362289506,0.0190151413061201,1.5,1.5,1.5,1.5
4.825,f27c2278f5bdb77b,49.9710866139928,49.9863363239684,50.0094218712588,50.0190064905836,-0.0289133860071615,-0.0136636760315554,0.00942187125883009,0.0190064905835783,1.5,1.5,1.5,1.5
4.83,f27c2278f5bdb77b,49.9710946550493,49.9863338432975,50.0094089543024,50.0189978451129,-0.0289053449507364,-0.0136661567025129,0.00940895430239408,0.0189978451128638,1.5,1.5,1.5,1.5
4.835,f27c2278f5bdb77b,49.9711026959026,49.9863313743373,50.0093960527714,50.0189892049268,-0.0288973040974199,-0.0136686256626959,0.00939605277143585,0.0189892049267826,1.5,1.5,1.5,1.5
4.84,f27c2278f5bdb77b,49.9711107365876,49.9863289171184,50.0093831666837,50.0189805700581,-0.028889263412367,-0.0136710828815936,0.00938316668374739,0.0189805700581189,1.5,1.5,1.5,1.5
4.845,f27c2278f5bdb77b,49.9711187771393,49.9863264716712,50.0093702960571,50.0189719405396,-0.0288812228607185,-0.0136735283287663,0.00937029605709938,0.0189719405395863,1.5,1.5,1.5,1.5
4.85,f27c2278f5bdb77b,49.9711268175924,49.9863240380262,50.0093574409092,50.0189633164039,-0.028873182407601,-0.0136759619738172,0.00935744090919854,0.0189633164038696,1.5,1.5,1.5,1.5
4.855,f27c2278f5bdb77b,49.9711348579818,49.9863216162136,50.0093446012577,50.0189546976836,-0.0288651420181552,-0.0136783837864058,0.00934460125773029,0.0189546976835757,1.5,1.5,1.5,1.5
4.86,f27c2278f5bdb77b,49.9711428983425,49.9863192062638,50.0093317771203,50.0189460844113,-0.0288571016575148,-0.0136807937362349,0.00933177712033739,0.0189460844112972,1.5,1.5,1.5,1.5
4.865,f27c2278f5bdb77b,49.9711509387092,49.9863168082069,50.0093189685146,50.0189374766196,-0.0288490612908134,-0.0136831917930778,0.00931896851460579,0.0189374766195556,1.5,1.5,1.5,1.5
4.87,f27c2278f5bdb77b,49.9711589791168,49.9863144220733,50.0093061754581,50.0189288743408,-0.0288410208831635,-0.0136855779267364,0.00930617545809298,0.0189288743408369,1.5,1.5,1.5,1.5
4.875,f27c2278f5bdb77b,49.9711670196003,49.9863120478929,50.0092933979683,50.0189202776076,-0.0288329803997129,-0.0136879521070838,0.00929339796831385,0.0189202776075561,1.5,1.5,1.5,1.5
4.88,f27c2278f5bdb77b,49.9711750601944,49.986309685696,50.0092806360627,50.0189116864521,-0.0288249398055811,-0.0136903143040499,0.00928063606274065,0.0189116864520926,1.5,1.5,1.5,1.5
4.885,f27c2278f5bdb77b,49.9711831009341,49.9863073355124,50.0092678897588,50.0189031009068,-0.0288168990659017,-0.0136926644875999,0.0092678897588101,0.0189031009067833,1.5,1.5,1.5,1.5
4.89,f27c2278f5bdb77b,49.9711911418542,49.9863049973722,50.0092551590739,50.0188945210039,-0.0288088581458084,-0.0136950026277773,0.00925515907390206,0.018894521003908,1.5,1.5,1.5,1.5
4.895,f27c2278f5bdb77b,49.9711991829896,49.9863026713053,50.0092424440254,50.0188859467757,-0.0288008170104419,-0.0136973286946684,0.00924244402537511,0.0188859467756828,1.5,1.5,1.5,1.5
4.9,f27c2278f5bdb77b,49.9712072243751,49.9863003573416,50.0092297446305,50.0188773782543,-0.0287927756249289,-0.0136996426584162,0.00922974463053805,0.0188773782542881,1.5,1.5,1.5,1.5
4.905,f27c2278f5bdb77b,49.9712152660456,49.9862980555108,50.0092170609066,50.0188688154718,-0.0287847339544243,-0.0137019444892132,0.00921706090664287,0.0188688154718477,1.5,1.5,1.5,1.5
4.91,f27c2278f5bdb77b,49.9712233080359,49.9862957658427,50.0092043928709,50.0188602584604,-0.028776691964076,-0.0137042341573235,0.00920439287093444,0.0188602584604425,1.5,1.5,1.5,1.5
4.915,f27c2278f5bdb77b,49.971231350381,49.9862934883669,50.0091917405406,50.0188517072521,-0.0287686496190389,-0.0137065116330533,0.00919174054058658,0.0188517072520895,1.5,1.5,1.5,1.5
4.92,f27c2278f5bdb77b,49.9712393931155,49.9862912231132,50.0091791039327,50.0188431618788,-0.0287606068844752,-0.0137087768867801,0.00917910393273758,0.0188431618787561,1.5,1.5,1.5,1.5
4.925,f27c2278f5bdb77b,49.9712474362744,49.9862889701111,50.0091664830645,50.0188346223724,-0.0287525637255541,-0.013711029888924,0.0091664830644973,0.018834622372367,1.5,1.5,1.5,1.5
4.93,f27c2278f5bdb77b,49.9712554798925,49.98628672939,50.0091538779529,50.0188260887648,-0.0287445201074519,-0.0137132706099692,0.00915387795291878,0.01882608876479,1.5,1.5,1.5,1.5
4.935,f27c2278f5bdb77b,49.9712635240046,49.9862845009795,50.009141288615,50.0188175610878,-0.0287364759953661,-0.0137154990204635,0.0091412886150195,0.0188175610878289,1.5,1.5,1.5,1.5
4.94,f27c2278f5bdb77b,49.9712715686455,49.986282284909,50.0091287150678,50.0188090393733,-0.0287284313544731,-0.0137177150910048,0.00912871506777435,0.0188090393732523,1.5,1.5,1.5,1.5
4.945,f27c2278f5bdb77b,49.97127961385,49.9862800812077,50.0091161573281,50.0188005236528,-0.0287203861499989,-0.0137199187922548,0.00911615732812265,0.0188005236527644,1.5,1.5,1.5,1.5
4.95,f27c2278f5bdb77b,49.9712876596529,49.9862778899051,50.009103615413,50.018792013958,-0.0287123403471483,-0.013722110094939,0.00910361541295401,0.0187920139580271,1.5,1.5,1.5,1.5
4.955,f27c2278f5bdb77b,49.9712957060888,49.9862757110302,50.0090910893391,50.0187835103206,-0.0287042939111544,-0.0137242889698328,0.0090910893391225,0.0187835103206382,1.5,1.5,1.5,1.5
4.96,f27c2278f5bdb77b,49.9713037531927,49.9862735446122,50.0090785791234,50.0187750127721,-0.0286962468072645,-0.0137264553877827,0.00907857912343246,0.0187750127721458,1.5,1.5,1.5,1.5
4.965,f27c2278f5bdb77b,49.9713118009993,49.9862713906803,50.0090660847826,50.018766521344,-0.0286881990007259,-0.0137286093196778,0.00906608478264559,0.0187665213440482,1.5,1.5,1.5,1.5
4.97,f27c2278f5bdb77b,49.9713198495432,49.9862692492635,50.0090536063335,50.0187580360678,-0.0286801504568075,-0.0137307507364852,0.00905360633349517,0.0187580360677799,1.5,1.5,1.5,1.5
4.975,f27c2278f5bdb77b,49.9713278988592,49.9862671203908,50.0090411437927,50.0187495569747,-0.0286721011407991,-0.0137328796092291,0.00904114379266474,0.0187495569747256,1.5,1.5,1.5,1.5
4.98,f27c2278f5bdb77b,49.971335948982,49.986265004091,50.0090286971768,50.0187410840962,-0.0286640510179907,-0.0137349959089974,0.00902869717678811,0.0187410840962272,1.5,1.5,1.5,1.5
4.985,f27c2278f5bdb77b,49.9713439999463,49.9862629003931,50.0090162665025,50.0187326174635,-0.0286560000537008,-0.0137370996069208,0.00901626650247067,0.0187326174635487,1.5,1.5,1.5,1.5
4.99,f27c2278f5bdb77b,49.9713520517867,49.9862608093258,50.0090038517863,50.0187241571079,-0.0286479482132549,-0.0137391906742224,0.00900385178626095,0.0187241571079255,1.5,1.5,1.5,1.5
4.995,f27c2278f5bdb77b,49.971360104538,49.9862587309178,50.0089914530447,50.0187157030605,-0.0286398954620068,-0.0137412690821677,0.00899145304467908,0.018715703060515,1.5,1.5,1.5,1.5
5,f27c2278f5bdb77b,49.9713681582347,49.9862566651979,50.0089790702942,50.0187072553524,-0.0286318417653177,-0.0137433348020934,0.00897907029419542,0.0187072553524317,1.5,1.5,1.5,1.5
5.005,f27c2278f5bdb77b,49.9713950053473,49.9862628342463,50.0089600472399,50.0186848115166,-0.0286049946527385,-0.0137371657537031,0.00896004723988142,0.0186848115166072,1.499985421112,1.499985421112,1.499985421112,1.499985421112
5.01,f27c2278f5bdb77b,49.971455799802,49.9862838738103,50.0089290108532,50.0186370881836,-0.0285442001980343,-0.0137161261897063,0.00892901085322251,0.0186370881835956,1.499885123584,1.499885123584,1.499885123584,1.499885123584
5.015,f27c2278f5bdb77b,49.9715458166743,49.9863177317805,50.0088876359663,50.0185676310317,-0.0284541833256782,-0.0136822682195188,0.00888763596628905,0.0185676310316794,1.499618166216,1.499618166216,1.499618166216,1.499618166216
5.02,f27c2278f5bdb77b,49.9716611854453,49.9863627373215,50.0088373052911,50.0184793636022,-0.028338814554715,-0.0136372626785004,0.00883730529106685,0.0184793636022249,1.499108722688,1.499108722688,1.499108722688,1.499108722688
5.025,f27c2278f5bdb77b,49.9717987541278,49.9864175397822,50.0087791552416,50.0183746853297,-0.0282012458721681,-0.0135824602177763,0.00877915524157658,0.0183746853297322,1.498285975,1.498285975,1.498285975,1.498285975
5.03,f27c2278f5bdb77b,49.9719559722682,49.9864810561193,50.0087141154666,50.0182555559841,-0.0280440277317879,-0.0135189438806549,0.00871411546657441,0.0182555559840623,1.497084006912,1.497084006912,1.497084006912,1.497084006912
5.035,f27c2278f5bdb77b,49.9721307905037,49.9865524257833,50.0086429428513,50.0181235681906,-0.0278692094962594,-0.01344757421667,0.00864294285134548,0.0181235681906102,1.495441697384,1.495441697384,1.495441697384,1.495441697384
5.04,f27c2278f5bdb77b,49.972321574583,49.9866309721187,50.0085662506763,50.0179800095336,-0.0276784254169513,-0.013369027881275,0.00856625067628869,0.0179800095335594,1.493302614016,1.493302614016,1.493302614016,1.493302614016
5.045,f27c2278f5bdb77b,49.9725270319686,49.9867161694282,50.0084845335523,50.0178259155941,-0.0274729680313612,-0.0132838305717655,0.00848453355228429,0.0178259155941447,1.490614906488,1.490614906488,1.490614906488,1.490614906488
5.05,f27c2278f5bdb77b,49.9727461493516,49.9868076149458,50.0083981886855,50.0176621151252,-0.0272538506484068,-0.0131923850541611,0.00839818868554687,0.0176621151252121,1.4873312,1.4873312,1.4873312,1.4873312
5.055,f27c2278f5bdb77b,49.972978139601,49.986905005052,50.0083075339621,50.017489268425,-0.0270218603989534,-0.0130949949479984,0.00830753396211037,0.0174892684249812,1.483408488712,1.483408488712,1.483408488712,1.483408488712
5.06,f27c2278f5bdb77b,49.973222396848,49.9870081151442,50.008212823285,50.017307899846,-0.0267776031520057,-0.0129918848557864,0.0082128232849854,0.017307899845953,1.478808029184,1.478808029184,1.478808029184,1.478808029184
5.065,f27c2278f5bdb77b,49.9734784585648,49.9871167826496,50.0081142595439,50.0171184252586,-0.0265215414352369,-0.0128832173504279,0.00811425954385925,0.0171184252585732,1.473495233816,1.473495233816,1.473495233816,1.473495233816
5.07,f27c2278f5bdb77b,49.9737459736466,49.987230892732,50.0080120055499,50.0169211751852,-0.0262540263533779,-0.012769107268042,0.00801200554985115,0.0169211751852458,1.467439564288,1.467439564288,1.467439564288,1.467439564288
5.075,f27c2278f5bdb77b,49.9740246756325,49.9873503663053,50.0079061932248,50.0167164142262,-0.025975324367451,-0.0126496336947284,0.00790619322477681,0.0167164142262166,1.460614425,1.460614425,1.460614425,1.460614425
5.08,f27c2278f5bdb77b,49.9743143603178,49.9874751500165,50.007796931296,50.0165043573157,-0.0256856396822229,-0.0125248499835209,0.00779693129604198,0.0165043573157178,1.452997056512,1.452997056512,1.452997056512,1.452997056512
5.085,f27c2278f5bdb77b,49.9746148671126,49.9876052079085,50.0076843117147,50.0162851832739,-0.0253851328873793,-0.0123947920915484,0.00768431171466233,0.0162851832738795,1.444568428984,1.444568428984,1.444568428984,1.444568428984
5.09,f27c2278f5bdb77b,49.9749260635911,49.9877405145126,50.0075684149847,50.0160590460558,-0.0250739364089227,-0.0122594854873839,0.00756841498468219,0.0160590460558225,1.435313135616,1.435313135616,1.435313135616,1.435313135616
5.095,f27c2278f5bdb77b,49.9752478327511,49.9878810491562,50.0074493145646,50.0158260840414,-0.0247521672489128,-0.0121189508438064,0.00744931456456044,0.0158260840414428,1.425219286088,1.425219286088,1.425219286088,1.425219286088
5.1,f27c2278f5bdb77b,49.975580062581,49.9880267913033,50.0073270804798,50.0155864276609,-0.0244199374189833,-0.0119732086966522,0.00732708047981134,0.0155864276608924,1.4142784,1.4142784,1.4142784,1.4142784
5.105,f27c2278f5bdb77b,49.9759226375744,49.9881777167679,50.007201782266,50.0153402056106,-0.0240773624256221,-0.0118222832321351,0.00720178226604418,0.0153402056105989,1.402485300312,1.402485300312,1.402485300312,1.402485300312
5.11,f27c2278f5bdb77b,49.9762754319025,49.9883337946695,50.0070734913439,50.0150875498735,-0.0237245680974851,-0.0116662053305276,0.00707349134385282,0.0150875498734706,1.389838006784,1.389838006784,1.389838006784,1.389838006784
5.115,f27c2278f5bdb77b,49.9766383039823,49.9884949850138,50.0069422829124,50.014828599729,-0.0233616960177443,-0.011505014986156,0.00694228291242638,0.0148285997289506,1.376337629416,1.376337629416,1.376337629416,1.376337629416
5.12,f27c2278f5bdb77b,49.977011092227,49.9886612368033,50.0068082374364,50.0145635049092,-0.0229889077730334,-0.0113387631967399,0.00680823743638115,0.0145635049092121,1.361988261888,1.361988261888,1.361988261888,1.361988261888
5.125,f27c2278f5bdb77b,49.9773936117928,49.9888324865927,50.0066714417888,50.0142924280355,-0.0226063882072225,-0.011167513407301,0.00667144178876811,0.0142924280354748,1.346796875,1.346796875,1.346796875,1.346796875
5.13,f27c2278f5bdb77b,49.9777856521646,49.9890086574224,50.006531990104,50.0140155464474,-0.0222143478354297,-0.0109913425776469,0.00653199010401551,0.0140155464473537,1.330773210112,1.330773210112,1.330773210112,1.330773210112
5.135,f27c2278f5bdb77b,49.9781869754481,49.9891896580666,50.0063899843866,50.0137330535219,-0.021813024551868,-0.0108103419333858,0.00638998438657978,0.0137330535219462,1.313929672584,1.313929672584,1.313929672584,1.313929672584
5.14,f27c2278f5bdb77b,49.9785973152555,49.9893753825492,50.006245534914,50.013445159564,-0.0214026847445012,-0.0106246174507874,0.00624553491398672,0.0134451595640499,1.296281225216,1.296281225216,1.296281225216,1.296281225216
5.145,f27c2278f5bdb77b,49.9790163760881,49.9895657098818,50.0060987604672,50.0131520923367,-0.0209836239118886,-0.0104342901181553,0.0060987604672178,0.0131520923367319,1.277845281688,1.277845281688,1.277845281688,1.277845281688
5.15,f27c2278f5bdb77b,49.9794438331366,49.9897605039901,50.0059497884163,50.0128540972908,-0.0205561668634431,-0.0102394960099232,0.00594978841633065,0.0128540972908198,1.2586416,1.2586416,1.2586416,1.2586416
5.155,f27c2278f5bdb77b,49.9798793324286,49.9899596137961,50.005798754685,50.0125514375429,-0.0201206675713905,-0.0100403862038974,0.00579875468495317,0.0125514375428892,1.238692175912,1.238692175912,1.238692175912,1.238692175912
5.16,f27c2278f5bdb77b,49.9803224912677,49.9901628734324,50.0056458036136,50.0122443936436,-0.019677508732336,-0.0098371265675965,0.00564580361361067,0.0122443936435701,1.218021136384,1.218021136384,1.218021136384,1.218021136384
5.165,f27c2278f5bdb77b,49.9807728989127,49.9903701025647,50.0054910877388,50.0119332631715,-0.0192271010873029,-0.00962989743527487,0.00549108773876128,0.0119332631714855,1.196654633016,1.196654633016,1.196654633016,1.196654633016
5.17,f27c2278f5bdb77b,49.981230117459,49.990581106806,50.0053347675017,50.0116183601823,-0.0187698825409655,-0.00941889319398825,0.00533476750165818,0.0116183601822826,1.174620735488,1.174620735488,1.174620735488,1.174620735488
5.175,f27c2278f5bdb77b,49.9816936828842,49.9907956782057,50.0051770108995,50.0113000145388,-0.0183063171158011,-0.00920432179434982,0.00517701089950151,0.0113000145387829,1.151949325,1.151949325,1.151949325,1.151949325
5.18,f27c2278f5bdb77b,49.9821631062297,49.9910135958008,50.005017993089,50.0109785711432,-0.01783689377028,-0.00898640419919161,0.00501799308896977,0.0109785711432266,1.128671987712,1.128671987712,1.128671987712,1.128671987712
5.185,f27c2278f5bdb77b,49.9826378748961,49.9912346262198,50.0048578959498,50.0106543890879,-0.0173621251039009,-0.00876537378018583,0.00485789594984709,0.0106543890878896,1.104821908184,1.104821908184,1.104821908184,1.104821908184
5.19,f27c2278f5bdb77b,49.9831174540276,49.9914585243272,50.0046969076172,50.0103278407413,-0.016882545972436,-0.00854147567275021,0.00469690761716635,0.0103278407413043,1.080433762816,1.080433762816,1.080433762816,1.080433762816
5.195,f27c2278f5bdb77b,49.983601287969,49.9916850339029,50.0045352219879,50.0099993107827,-0.0163987120309628,-0.00831496609713867,0.00453522198790779,0.00999931078271743,1.055543613288,1.055543613288,1.055543613288,1.055543613288
5.2,f27c2278f5bdb77b,49.9840888017871,49.9919138883505,50.0043730382047,50.0096691951903,-0.0159111982128906,-0.00808611164951145,0.00437303820471868,0.00966919519026277,1.0301888,1.0301888,1.0301888,1.0301888
5.205,f27c2278f5bdb77b,49.984579402829,49.9921448114258,50.0042105601266,50.0093379002026,-0.0154205971710155,-0.00785518857415468,0.00421056012659449,0.00933790020259551,1.004407835512,1.004407835512,1.004407835512,1.004407835512
5.21,f27c2278f5bdb77b,49.9850724823298,49.9923775179872,50.0040479957816,50.0090058412451,-0.0149275176701735,-0.00762248201283455,0.00404799578159754,0.00900584124509862,0.978240297984,0.978240297984,0.978240297984,0.978240297984
5.215,f27c2278f5bdb77b,49.9855674170351,49.9926117147545,50.0038855568147,50.0086734418462,-0.0144325829649219,-0.00738828524549717,0.00388555681474401,0.00867344184620578,0.951726724616001,0.951726724616001,0.951726724616001,0.951726724616001
5.22,f27c2278f5bdb77b,49.9860635708536,49.9928471010842,50.0037234579241,50.0083411325311,-0.0139364291463835,-0.0071528989158125,0.00372345792408879,0.0083411325311431,0.924908505088001,0.924908505088001,0.924908505088001,0.924908505088001
5.225,f27c2278f5bdb77b,49.9865602965256,49.9930833697515,50.0035619162915,50.0080093497053,-0.0134397034744254,-0.00691663024853995,0.00356191629153102,0.00800934970528999,0.897827774999997,0.897827774999997,0.897827774999997,0.897827774999997
5.23,f27c2278f5bdb77b,49.9870569372953,49.9933202077371,50.0034011510115,50.0076785345342,-0.0129430627047498,-0.00667979226290782,0.00340115101147376,0.00767853453415768,0.870527309311998,0.870527309311998,0.870527309311998,0.870527309311998
5.235,f27c2278f5bdb77b,49.9875528285943,49.9935572970201,50.0032413825152,50.0073491318157,-0.0124471714056895,-0.00644270297986793,0.00324138251523465,0.00734913181570818,0.843050415783998,0.843050415783998,0.843050415783998,0.843050415783998
5.24,f27c2278f5bdb77b,49.988047299728,49.9937943153735,50.0030828319939,50.0070215888505,-0.0119527002720332,-0.00620568462647242,0.0030828319939431,0.00702158885047766,0.815440828415999,0.815440828415999,0.815440828415999,0.815440828415999
5.245,f27c2278f5bdb77b,49.988539675566,49.9940309371635,50.002925720819,50.0066963543079,-0.0114603244339904,-0.00596906283652743,0.00292572081903586,0.00669635430792681,0.787742600887999,0.787742600887999,0.787742600887999,0.787742600887999
5.25,f27c2278f5bdb77b,49.989029278237,49.9942668341516,50.002770269961,50.0063738770903,-0.0109707217630302,-0.00573316584839034,0.00277026996096197,0.00637387709026882,0.76,0.76,0.76,0.76
5.255,f27c2278f5bdb77b,49.9895154288084,49.9945016762927,50.0026166994122,50.006054605206,-0.0104845711916468,-0.0054983237073003,0.00261669941218656,0.00605460520604595,0.732257399112,0.732257399112,0.732257399112,0.732257399112
5.26,f27c2278f5bdb77b,49.9899974489777,49.9947351325383,50.0024652276054,50.0057389846351,-0.0100025510223247,-0.00526486746165489,0.00246522760536294,0.005738984635137,0.704559171584001,0.704559171584001,0.704559171584001,0.704559171584001
5.265,f27c2278f5bdb77b,49.9904746627634,49.9949668716422,50.0023160708305,50.0054274581932,-0.00952533723656046,-0.00503312835775915,0.00231607083054541,0.00542745819318213,0.676949584216002,0.676949584216002,0.676949584216002,0.676949584216002
5.27,f27c2278f5bdb77b,49.9909463981809,49.9951965629599,50.0021694426568,50.0051204644061,-0.00905360181913295,-0.00480343704008845,0.00216944265675778,0.00512046440609737,0.649472690687998,0.649472690687998,0.649472690687998,0.649472690687998
5.275,f27c2278f5bdb77b,49.9914119889408,49.9954238772602,50.002025553344,50.0048184363668,-0.00858801105921714,-0.00457612273980601,0.00202555334398369,0.00481843636677581,0.622172224999998,0.622172224999998,0.622172224999998,0.622172224999998
5.28,f27c2278f5bdb77b,49.9918707761222,49.9956484875261,50.0018846092631,50.0045218006093,-0.00812922387778059,-0.00435151247390309,0.00188460926307954,0.00452180060930374,0.595091494911999,0.595091494911999,0.595091494911999,0.595091494911999
5.285,f27c2278f5bdb77b,49.9923221098778,49.9958700697717,50.0017468123024,50.0042309759581,-0.00767789012217435,-0.00412993022833774,0.00174681230238605,0.0042309759580661,0.568273275383999,0.568273275383999,0.568273275383999,0.568273275383999
5.29,f27c2278f5bdb77b,49.9927653511175,49.99608830385,50.0016123592801,50.0039463723904,-0.00723464888253744,-0.00391169614997011,0.0016123592801236,0.00394637239042339,0.541759702016,0.541759702016,0.541759702016,0.541759702016
5.295,f27c2278f5bdb77b,49.9931998732198,49.9963028742751,50.0014814413447,50.003668389877,-0.00680012678019182,-0.00369712572486236,0.00148144134467287,0.00366838987701357,0.515592164488001,0.515592164488001,0.515592164488001,0.515592164488001
5.3,f27c2278f5bdb77b,49.9936250637502,49.996513471047,50.0013542433701,50.0033974172148,-0.0063749362498271,-0.00348652895296198,0.00135424337011614,0.00339741721484899,0.489811200000001,0.489811200000001,0.489811200000001,0.489811200000001
5.305,f27c2278f5bdb77b,49.994040326181,49.996719790479,50.0012309433478,50.0031338308548,-0.00595967381897822,-0.00328020952095187,0.00123094334775686,0.00313383085479302,0.464456386712001,0.464456386712001,0.464456386712001,0.464456386712001
5.31,f27c2278f5bdb77b,49.9944450816615,49.9969215360477,50.001111711757,50.0028779936904,-0.00555491833850397,-0.00307846395233469,0.00111171175697677,0.00287799369041153,0.439566237183998,0.439566237183998,0.439566237183998,0.439566237183998
5.315,f27c2278f5bdb77b,49.9948387707847,49.9971184192415,50.0009967109327,50.0026302538432,-0.00516122921534645,-0.00288158075846923,0.000996710932703593,0.00263025384322191,0.415178091815999,0.415178091815999,0.415178091815999,0.415178091815999
5.32,f27c2278f5bdb77b,49.9952208553944,49.9973101604283,50.0008860944139,50.0023909434137,-0.00477914460555695,-0.0026898395716799,0.000886094413900196,0.00239094341367974,0.391328012287998,0.391328012287998,0.391328012287998,0.391328012287998
5.325,f27c2278f5bdb77b,49.9955908204491,49.9974964897468,50.0007800062668,50.0021603771854,-0.00440917955092601,-0.00250351025315609,0.000780006266829503,0.00216037718535489,0.368050675,0.368050675,0.368050675,0.368050675
5.33,f27c2278f5bdb77b,49.9959481759169,49.997677148013,50.0006785803898,50.0019388512971,-0.00405182408311333,-0.00232285198702442,0.000678580389809724,0.0019388512971048,0.345379264512,0.345379264512,0.345379264512,0.345379264512
5.335,f27c2278f5bdb77b,49.9962924587305,49.9978518876505,50.0005819397893,50.0017266418635,-0.00370754126951311,-0.00214811234954482,0.000581939789327635,0.00172664186349181,0.323345366984,0.323345366984,0.323345366984,0.323345366984
5.34,f27c2278f5bdb77b,49.996623234819,49.9980204736551,50.0004901958192,50.0015240035273,-0.0033767651810237,-0.00197952634493959,0.000490195819168093,0.00152400352732229,0.301978863616,0.301978863616,0.301978863616,0.301978863616
5.345,f27c2278f5bdb77b,49.996940101225,49.9981826845944,50.0004034473781,50.0013311679367,-0.00305989877496415,-0.00181731540561003,0.000403447378054977,0.00133116793668364,0.281307824088001,0.281307824088001,0.281307824088001,0.281307824088001
5.35,f27c2278f5bdb77b,49.9972426883249,49.9983383136503,50.0003217800572,50.0011483421306,-0.0027573116751185,-0.001661686349685,0.000321780057205956,0.00114834213059112,0.261358399999998,0.261358399999998,0.261358399999998,0.261358399999998
5.355,f27c2278f5bdb77b,49.9975306621649,49.998487169709,50.00024526523,50.0009757068191,-0.00246933783514436,-0.00151283029097016,0.000245265230013558,0.000975706819083655,0.242154718311999,0.242154718311999,0.242154718311999,0.242154718311999
5.36,f27c2278f5bdb77b,49.9978037269445,49.9986290785107,50.00017395907,50.000813414532,-0.00219627305553871,-0.00137092148929696,0.000173959069989849,0.000813414532004231,0.223718774783999,0.223718774783999,0.223718774783999,0.223718774783999
5.365,f27c2278f5bdb77b,49.9980616276703,49.9987638838678,50.000107901484,50.0006615876127,-0.00193837232973237,-0.00123611613219055,0.000107901484021511,0.000661587612675874,0.206070327416,0.206070327416,0.206070327416,0.206070327416
5.37,f27c2278f5bdb77b,49.9983041530095,49.9988914489627,50.0000471149457,50.0005203160285,-0.00169584699052905,-0.00110855103732632,4.71149456728881e-05,0.000520316028541856,0.189226789888,0.189226789888,0.189226789888,0.189226789888
5.375,f27c2278f5bdb77b,49.9985311383791,49.9990116577375,49.9999916032095,50.0003896549637,-0.00146886162089999,-0.000988342262537856,-8.39679054109865e-06,0.000389654963655062,0.173203125,0.173203125,0.173203125,0.173203125
5.38,f27c2278f5bdb77b,49.9987424693108,49.9991244163909,49.9999413498844,50.0002696221531,-0.00125753068922307,-0.000875583609115438,-5.86501156192298e-05,0.000269622153076909,0.158011738112,0.158011738112,0.158011738112,0.158011738112
5.385,f27c2278f5bdb77b,49.9989380851333,49.9992296549961,49.9998963168426,50.0001601949149,-0.00106191486665352,-0.000770345003942907,-0.000103683157384182,0.000160194914869294,0.143662370584001,0.143662370584001,0.143662370584001,0.143662370584001
5.39,f27c2278f5bdb77b,49.9991179830205,49.999327329255,49.9998564424359,50.0000613068288,-0.000882016979474542,-0.000672670744961579,-0.000143557564143748,6.1306828825991e-05,0.130161993216,0.130161993216,0.130161993216,0.130161993216
5.395,f27c2278f5bdb77b,49.9992822224549,49.9994174224066,49.9998216394887,49.999972844005,-0.000717777545055753,-0.000582577593405631,-0.000178360511348785,-2.71559950419942e-05,0.117514699687998,0.117514699687998,0.117514699687998,0.117514699687998
5.4,f27c2278f5bdb77b,49.9994309301465,49.9994999472959,49.9997917930413,49.9998946408905,-0.000569069853455062,-0.000500052704055065,-0.000208206958745905,-0.000105359109525693,0.1057216,0.1057216,0.1057216,0.1057216
5.405,f27c2278f5bdb77b,49.9995643054374,49.9995749486121,49.9997667578159,49.9998264755655,-0.000435694562582967,-0.000425051387878739,-0.000233242184052074,-0.000173524434522676,0.0947807139120002,0.0947807139120002,0.0947807139120002,0.0947807139120002
5.41,f27c2278f5bdb77b,49.9996826261897,49.9996425052813,49.9997463553941,49.9997680645012,-0.000317373810268862,-0.000357494718691953,-0.000253644605926695,-0.00023193549877476,0.0846868643840009,0.0846868643840009,0.0846868643840009,0.0846868643840009
5.415,f27c2278f5bdb77b,49.9997862551035,49.9997027329831,49.9997303711127,49.9997190567922,-0.000213744896491619,-0.000297267016932778,-0.000269628887252793,-0.000280943207755513,0.0754315710159992,0.0754315710159992,0.0754315710159992,0.0754315710159992
5.42,f27c2278f5bdb77b,49.9998756463145,49.9997557867155,49.9997185507343,49.9996790279515,-0.000124353685478695,-0.000244213284517514,-0.000281449265735034,-0.000320972048463375,0.0670029434880012,0.0670029434880012,0.0670029434880012,0.0670029434880012
5.425,f27c2278f5bdb77b,49.9999513519689,49.9998018632727,49.9997105970148,49.9996474734884,-4.86480310968318e-05,-0.000198136727256326,-0.000289402985174547,-0.000352526511612439,0.0593855750000006,0.0593855750000006,0.0593855750000006,0.0593855750000006
5.43,f27c2278f5bdb77b,50.0000140282358,49.9998412034066,49.9997061664167,49.9996238026975,1.40282357534716e-05,-0.000158796593353827,-0.000293833583278058,-0.000376197302543346,0.0525604357119996,0.0525604357119996,0.0525604357119996,0.0525604357119996
5.435,f27c2278f5bdb77b,50.0000644398787,49.9998740933145,49.9997048663853,49.9996073334024,6.44398787414957e-05,-0.000125906685511268,-0.000295133614748977,-0.000392666597647917,0.0465047661840001,0.0465047661840001,0.0465047661840001,0.0465047661840001
5.44,f27c2278f5bdb77b,50.0001034620575,49.9999008649327,49.9997062538561,49.999597288834,0.000103462057495562,-9.91350673018587e-05,-0.000293746143896101,-0.000402711165975234,0.0411919708159988,0.0411919708159988,0.0411919708159988,0.0411919708159988
5.445,f27c2278f5bdb77b,50.0001320775063,49.9999218943381,49.9997098359622,49.9995927983645,0.000132077506343364,-7.81056619132414e-05,-0.000290164037785701,-0.000407201635503895,0.0365915112879999,0.0365915112879999,0.0365915112879999,0.0365915112879999
5.45,f27c2278f5bdb77b,50.0001513667676,49.9999375974218,49.9997150742153,49.9995929043648,0.000151366767553895,-6.2402578215881e-05,-0.000284925784725942,-0.000407095635175381,0.0326688000000002,0.0326688000000002,0.0326688000000002,0.0326688000000002
5.455,f27c2278f5bdb77b,50.000162489006,49.9999484220127,49.9997213936191,49.9995965777816,0.000162489005973043,-5.15779873211386e-05,-0.000278606380859969,-0.000403422218383298,0.0293850935120012,0.0293850935120012,0.0293850935120012,0.0293850935120012
5.46,f27c2278f5bdb77b,50.000166651506,49.9999548359392,49.9997281980184,49.9996027447499,0.000166651506027904,-4.51640607721515e-05,-0.000271801981561737,-0.000397255250071282,0.0266973859839979,0.0266973859839979,0.0266973859839979,0.0266973859839979
5.465,f27c2278f5bdb77b,50.0001650676613,49.9999573112637,49.9997348922485,49.9996103252405,0.000165067661335172,-4.26887363005335e-05,-0.000265107751509674,-0.000389674759524894,0.0245583026160034,0.0245583026160034,0.0245583026160034,0.0245583026160034
5.47,f27c2278f5bdb77b,50.0001589062393,49.999956306113,49.9997409102122,49.9996182821515,0.000158906239278167,-4.3693887000984e-05,-0.000259089787810751,-0.000381717848476626,0.0229159930880023,0.0229159930880023,0.0229159930880023,0.0229159930880023
5.475,f27c2278f5bdb77b,50.0001492382736,49.9999522468545,49.9997457461206,49.999625675859,0.000149238273621677,-4.77531455445046e-05,-0.000254253879425903,-0.000374324141034776,0.0217140249999985,0.0217140249999985,0.0217140249999985,0.0217140249999985
5.48,f27c2278f5bdb77b,50.0001369905924,49.9999455142245,49.999748984543,49.999631716362,0.000136990592409347,-5.44857755286898e-05,-0.000251015456989023,-0.00036828363801078,0.0208912773119996,0.0208912773119996,0.0208912773119996,0.0208912773119996
5.485,f27c2278f5bdb77b,50.0001229149666,49.9999364367857,49.9997503245916,49.9996358045482,0.000122914966638632,-6.35632143115572e-05,-0.000249675408383609,-0.000364195451751925,0.0203818337840003,0.0203818337840003,0.0203818337840003,0.0203818337840003
5.49,f27c2278f5bdb77b,50.0001075784959,49.9999252936274,49.9997495950367,49.9996375566898,0.000107578495935456,-7.47063726365127e-05,-0.000250404963260564,-0.000362443310180538,0.0201148764160011,0.0201148764160011,0.0201148764160011,0.0201148764160011
5.495,f27c2278f5bdb77b,50.0000913754084,49.9999123261484,49.9997467599559,49.999636811241,9.13754084308493e-05,-8.7673851609793e-05,-0.000253240044109759,-0.000363188759024524,0.0200145788880009,0.0200145788880009,0.0200145788880009,0.0200145788880009
5.5,f27c2278f5bdb77b,50.0000745555073,49.9998977571013,49.9997419174161,49.9996336221095,7.45555072896309e-05,-0.00010224289870564,-0.000258082583890484,-0.000366377890529179,0.02,0.02,0.02,0.02
5.505,f27c2278f5bdb77b,50.0000572638434,49.999881811634,49.999735288624,49.9996282359963,5.72638434164219e-05,-0.000118188365988203,-0.000264711376033233,-0.000371764003659791,0.02,0.02,0.02,0.02
5.51,f27c2278f5bdb77b,50.0000395957831,49.9998647079111,49.9997271383474,49.9996209725659,3.95957830932048e-05,-0.000135292088884853,-0.000272861652625522,-0.000379027434071588,0.02,0.02,0.02,0.02
5.515,f27c2278f5bdb77b,50.0000216308191,49.9998466358972,49.9997177004108,49.9996121156843,2.16308190843506e-05,-0.000153364102757791,-0.000282299589223101,-0.00038788431572101,0.02,0.02,0.02,0.02
5.52,f27c2278f5bdb77b,50.0000034368471,49.9998277590097,49.9997071758834,49.9996019096401,3.43684706649583e-06,-0.000172240990259809,-0.000292824116620238,-0.000398090359944092,0.02,0.02,0.02,0.02
5.525,f27c2278f5bdb77b,49.9999850718328,49.9998082177846,49.9996957376123,49.9995905645943,-1.49281672108259e-05,-0.000191782215431147,-0.000304262387665233,-0.000409435405678948,0.02,0.02,0.02,0.02
5.53,f27c2278f5bdb77b,49.9999665852301,49.999788133046,49.9996835341573,49.9995782613208,-3.3414769895046e-05,-0.000211866953982565,-0.000316465842693958,-0.000421738679172279,0.02,0.02,0.02,0.02
5.535,f27c2278f5bdb77b,49.9999480191971,49.9997676086374,49.9996706931768,49.9995651552881,-5.19808028869306e-05,-0.000232391362580131,-0.000329306823189768,-0.000434844711911353,0.02,0.02,0.02,0.02
5.54,f27c2278f5bdb77b,49.9999294096391,49.9997467337738,49.9996573243427,49.9995513801746,-7.05903609201641e-05,-0.000253266226152959,-0.000342675657272196,-0.000448619825434093,0.02,0.02,0.02,0.02
5.545,f27c2278f5bdb77b,49.9999107871027,49.9997255850689,49.9996435218487,49.9995370508959,-8.92128972580508e-05,-0.000274414931070055,-0.000356478151260831,-0.000462949104083066,0.02,0.02,0.02,0.02
5.55,f27c2278f5bdb77b,49.9998921775432,49.9997042282812,49.9996293665693,49.9995222662118,-0.000107822456769213,-0.000295771718839433,-0.000370633430748057,-0.000477733788237344,0.02,0.02,0.02,0.02
5.555,f27c2278f5bdb77b,49.9998736029816,49.9996827198183,49.9996149279175,49.9995071109706,-0.000126397018377133,-0.000317280181661772,-0.000385072082501381,-0.000492889029359844,0.02,0.02,0.02,0.02
5.56,f27c2278f5bdb77b,49.9998550820688,49.9996611080338,49.9996002654447,49.9994916580431,-0.000144917931159227,-0.00033889196619441,-0.000399734555344367,-0.000508341956859226,0.02,0.02,0.02,0.02
5.565,f27c2278f5bdb77b,49.999836630569,49.9996394343432,49.9995854302162,49.9994759699868,-0.000163369430985938,-0.000360565656791323,-0.000414569783785623,-0.000524030013231425,0.02,0.02,0.02,0.02
5.57,f27c2278f5bdb77b,49.999818261774,49.9996177341867,49.9995704659965,49.9994601004795,-0.000181738225975892,-0.000382265813335891,-0.000429534003515641,-0.000539899520468623,0.02,0.02,0.02,0.02
5.575,f27c2278f5bdb77b,49.9997999868588,49.9995960378578,49.9995554102681,49.9994440955546,-0.000200013141196109,-0.000403962142229375,-0.000444589731948497,-0.000555904445448618,0.02,0.02,0.02,0.02
5.58,f27c2278f5bdb77b,49.999781815186,49.9995743712179,49.9995402951091,49.9994279946633,-0.000218184814016809,-0.000425628782146248,-0.000459704890886314,-0.00057200533674262,0.02,0.02,0.02,0.02
5.585,f27c2278f5bdb77b,49.999763754567,49.9995527563114,49.9995251479486,49.999411831591,-0.000236245432979842,-0.000447243688647347,-0.000474852051382868,-0.000588168409045409,0.02,0.02,0.02,0.02
5.59,f27c2278f5bdb77b,49.999745811486,49.9995312118961,49.9995099922161,49.9993956352453,-0.000254188513956422,-0.000468788103944462,-0.000490007783930935,-0.000604364754728692,0.02,0.02,0.02,0.02
5.595,f27c2278f5bdb77b,49.9997279912917,49.9995097538999,49.9994948479008,49.9993794303351,-0.000272008708250837,-0.000490246100085301,-0.000505152099187001,-0.000620569664853576,0.02,0.02,0.02,0.02
5.6,f27c2278f5bdb77b,49.9997102983618,49.9994883958147,49.9994797320333,49.9993632379555,-0.000289701638202189,-0.000511604185298609,-0.00052026796668514,-0.000636762044464945,0.02,0.02,0.02,0.02
5.605,f27c2278f5bdb77b,49.9996927362438,49.9994671490351,49.9994646590994,49.9993470760909,-0.000307263756198495,-0.000532850964901854,-0.000535340900583492,-0.00065292390905114,0.02,0.02,0.02,0.02
5.61,f27c2278f5bdb77b,49.9996753077761,49.999446023151,49.9994496413968,49.9993309600491,-0.000324692223905743,-0.000553976849026583,-0.000550358603234713,-0.000669039950949468,0.02,0.02,0.02,0.02
5.615,f27c2278f5bdb77b,49.9996580151913,49.9994250261991,49.9994346893416,49.9993149028341,-0.000341984808748919,-0.000574973800908651,-0.000565310658423357,-0.000685097165913362,0.02,0.02,0.02,0.02
5.62,f27c2278f5bdb77b,49.9996408602048,49.9994041648801,49.9994198117327,49.9992989154684,-0.000359139795236274,-0.00059583511993111,-0.000580188267342407,-0.000701084531570473,0.02,0.02,0.02,0.02
5.625,f27c2278f5bdb77b,49.999623844091,49.9993834447453,49.9994050159786,49.9992830072695,-0.000376155908952569,-0.000616555254701723,-0.000594984021439871,-0.000716992730509958,0.02,0.02,0.02,0.02
5.63,f27c2278f5bdb77b,49.9996069677485,49.999362870358,49.9993903082931,49.9992671860882,-0.000393032251459147,-0.000637129642029777,-0.00060969170691294,-0.000732813911838548,0.02,0.02,0.02,0.02
5.635,f27c2278f5bdb77b,49.9995902317555,49.9993424454318,49.9993756938635,49.9992514585142,-0.000409768244487907,-0.000657554568164187,-0.000624306136487007,-0.000748541485833698,0.02,0.02,0.02,0.02
5.64,f27c2278f5bdb77b,49.9995736364178,49.9993221729508,49.9993611769954,49.9992358300529,-0.000426363582207046,-0.000677827049237578,-0.000638823004642575,-0.000764169947117921,0.02,0.02,0.02,0.02
5.645,f27c2278f5bdb77b,49.9995571818098,49.9993020552717,49.9993467612369,49.9992203052776,-0.000442818190236949,-0.000697944728266009,-0.000653238763057118,-0.000779694722432112,0.02,0.02,0.02,0.02
5.65,f27c2278f5bdb77b,49.9995408678094,49.9992820942136,49.9993324494866,49.9992048879605,-0.000459132190641753,-0.000717905786380868,-0.000667550513419712,-0.000795112039490675,0.02,0.02,0.02,0.02
5.655,f27c2278f5bdb77b,49.9995246941281,49.9992622911336,49.9993182440848,49.9991895811859,-0.000475305871894705,-0.000737708866417108,-0.000681755915209692,-0.000810418814118918,0.02,0.02,0.02,0.02
5.66,f27c2278f5bdb77b,49.9995086603368,49.999242646993,49.9993041468937,49.999174387447,-0.000491339663163615,-0.000757353006981987,-0.00069585310632192,-0.000825612553022381,0.02,0.02,0.02,0.02
5.665,f27c2278f5bdb77b,49.9994927658877,49.9992231624143,49.9992901593652,49.9991593087299,-0.000507234112333776,-0.000776837585718226,-0.000709840634840475,-0.000840691270120431,0.02,0.02,0.02,0.02
5.67,f27c2278f5bdb77b,49.9994770101329,49.9992038377296,49.9992762825997,49.9991443465855,-0.000522989867114632,-0.000796162270447098,-0.000723717400262558,-0.000855653414468804,0.02,0.02,0.02,0.02
5.675,f27c2278f5bdb77b,49.999461392341,49.999184673023,49.999262517397,49.9991295021918,-0.000538607658981505,-0.000815326976990605,-0.000737482602993111,-0.000870497808222126,0.02,0.02,0.02,0.02
5.68,f27c2278f5bdb77b,49.9994459117107,49.9991656681671,49.9992488642991,49.9991147764068,-0.000554088289320021,-0.000834331832926694,-0.000751135700859606,-0.000885223593222406,0.02,0.02,0.02,0.02
5.685,f27c2278f5bdb77b,49.9994305673824,49.9991468228537,49.9992353236283,49.999100169815,-0.000569432617645305,-0.000853177146325379,-0.000764676371723283,-0.000899830185034034,0.02,0.02,0.02,0.02
5.69,f27c2278f5bdb77b,49.9994153584485,49.9991281366212,49.9992218955187,49.9990856827667,-0.000584641551505172,-0.000871863378833382,-0.000778104481334196,-0.000914317233323914,0.02,0.02,0.02,0.02
5.695,f27c2278f5bdb77b,49.9994002839622,49.9991096088775,49.9992085799444,49.9990713154122,-0.000599716037804399,-0.000890391122482015,-0.000791420055634262,-0.000928684587840678,0.02,0.02,0.02,0.02
5.7,f27c2278f5bdb77b,49.9993853429445,49.9990912389203,49.999195376743,49.9990570677309,-0.000614657055479029,-0.000908761079720932,-0.000804623257025128,-0.000942932269055063,0.02,0.02,0.02,0.02
5.705,f27c2278f5bdb77b,49.9993705343909,49.9990730259538,49.9991822856361,49.9990429395571,-0.000629465609122803,-0.000926974046244311,-0.000817714363854805,-0.000957060442949853,0.02,0.02,0.02,0.02
5.71,f27c2278f5bdb77b,49.9993558572764,49.9990549691038,49.9991693062471,49.9990289306007,-0.000644142723643881,-0.000945030896161825,-0.000830693752867262,-0.00097106939929148,0.02,0.02,0.02,0.02
5.715,f27c2278f5bdb77b,49.9993413105604,49.9990370674307,49.9991564381159,49.9990150404671,-0.000658689439617888,-0.000962932569279928,-0.000843561884074973,-0.000984959532928542,0.02,0.02,0.02,0.02
5.72,f27c2278f5bdb77b,49.9993268931906,49.9990193199399,49.9991436807123,49.9990012686722,-0.000673106809401247,-0.000980680060138184,-0.000856319287748875,-0.000998731327761959,0.02,0.02,0.02,0.02
5.725,f27c2278f5bdb77b,49.9993126041063,49.9990017255915,49.9991310334467,49.9989876146571,-0.000687395893727683,-0.00099827440854483,-0.000868966553269956,-0.00101238534286807,0.02,0.02,0.02,0.02
5.73,f27c2278f5bdb77b,49.9992984422411,49.9989842833085,49.9991184956805,49.9989740777994,-0.000701557758894467,-0.00101571669149791,-0.00088150431953693,-0.00102592220063968,0.02,0.02,0.02,0.02
5.735,f27c2278f5bdb77b,49.9992844065257,49.9989669919838,49.9991060667333,49.9989606574235,-0.000715593474303944,-0.00103300801617223,-0.000893933266695512,-0.00103934257654714,0.02,0.02,0.02,0.02
5.74,f27c2278f5bdb77b,49.9992704958896,49.998949850486,49.9990937458909,49.9989473528096,-0.000729504110410062,-0.00105014951395077,-0.000906254109075633,-0.00105264719035603,0.02,0.02,0.02,0.02
5.745,f27c2278f5bdb77b,49.9992567092631,49.9989328576648,49.9990815324109,49.9989341632014,-0.000743290736942015,-0.00106714233523775,-0.000918467589123395,-0.00106583679855987,0.02,0.02,0.02,0.02
5.75,f27c2278f5bdb77b,49.9992430455786,49.9989160123549,49.9990694255278,49.9989210878121,-0.000756954421426315,-0.00108398764505324,-0.000930574472171486,-0.00107891218790712,0.02,0.02,0.02,0.02
5.755,f27c2278f5bdb77b,49.9992295037721,49.9988993133808,49.999057424458,49.9989081258302,-0.000770496227929129,-0.00110068661921758,-0.000942575541962754,-0.00109187416979495,0.02,0.02,0.02,0.02
5.76,f27c2278f5bdb77b,49.999216082784,49.9988827595589,49.9990455284032,49.9988952764245,-0.000783917215969154,-0.00111724044110417,-0.000954471596806172,-0.00110472357551572,0.02,0.02,0.02,0.02
5.765,f27c2278f5bdb77b,49.9992027815604,49.9988663497012,49.9990337365537,49.9988825387479,-0.000797218439636538,-0.00113365029883994,-0.000966263446315452,-0.00111746125212164,0.02,0.02,0.02,0.02
5.77,f27c2278f5bdb77b,49.9991895990532,49.9988500826171,49.9990220480914,49.9988699119411,-0.000810400946839707,-0.0011499173828966,-0.000977951908566865,-0.00113008805892889,0.02,0.02,0.02,0.02
5.775,f27c2278f5bdb77b,49.9991765342213,49.9988339571159,49.9990104621923,49.9988573951356,-0.000823465778651666,-0.00116604288407984,-0.0009895378076763,-0.00114260486444806,0.02,0.02,0.02,0.02
5.78,f27c2278f5bdb77b,49.9991635860312,49.9988179720082,49.9989989780282,49.9988449874562,-0.000836413968819727,-0.00118202799175293,-0.00100102197177421,-0.00115501254384753,0.02,0.02,0.02,0.02
5.785,f27c2278f5bdb77b,49.9991507534567,49.9988021261076,49.9989875947688,49.9988326880233,-0.000849246543289439,-0.00119787389236592,-0.00101240523121504,-0.00116731197670816,0.02,0.02,0.02,0.02
5.79,f27c2278f5bdb77b,49.9991380354801,49.9987864182318,49.9989763115829,49.9988204959549,-0.00086196451988485,-0.00121358176815534,-0.00102368841706379,-0.00117950404511902,0.02,0.02,0.02,0.02
5.795,f27c2278f5bdb77b,49.999125431092,49.9987708472039,49.9989651276402,49.9988084103679,-0.000874568908002971,-0.00122915279611391,-0.00103487235983835,-0.00119158963207866,0.02,0.02,0.02,0.02
5.8,f27c2278f5bdb77b,49.9991129392916,49.998755411853,49.9989540421116,49.9987964303799,-0.000887060708365084,-0.00124458814703843,-0.0010459578883939,-0.00120356962010248,0.02,0.02,0.02,0.02
5.805,f27c2278f5bdb77b,49.9991005590871,49.9987401110152,49.998943054171,49.99878455511,-0.000899440912860427,-0.00125988898478369,-0.00105694582902771,-0.0012154448900219,0.02,0.02,0.02,0.02
5.81,f27c2278f5bdb77b,49.9990882894956,49.9987249435344,49.9989321629954,49.99877278368,-0.000911710504375662,-0.00127505646560166,-0.00106783700462643,-0.00122721632002509,0.02,0.02,0.02,0.02
5.815,f27c2278f5bdb77b,49.9990761295433,49.9987099082624,49.9989213677659,49.9987611152152,-0.000923870456702502,-0.00129009173759442,-0.00107863223409055,-0.00123888478476175,0.02,0.02,0.02,0.02
5.82,f27c2278f5bdb77b,49.9990640782655,49.9986950040597,49.9989106676683,49.9987495488454,-0.000935921734473766,-0.00130499594028777,-0.00108933233167363,-0.00125045115463962,0.02,0.02,0.02,0.02
5.825,f27c2278f5bdb77b,49.9990521347069,49.9986802297958,49.9989000618934,49.9987380837048,-0.00094786529307811,-0.00131977020421914,-0.00109993810659148,-0.00126191629521344,0.02,0.02,0.02,0.02
5.83,f27c2278f5bdb77b,49.9990402979213,49.9986655843493,49.9988895496374,49.9987267189333,-0.000959702078667135,-0.00133441565067471,-0.00111045036257451,-0.00127328106665914,0.02,0.02,0.02,0.02
5.835,f27c2278f5bdb77b,49.9990285669719,49.9986510666086,49.9988791301024,49.9987154536767,-0.00097143302810565,-0.00134893339139097,-0.00112086989756222,-0.00128454632334751,0.02,0.02,0.02,0.02
5.84,f27c2278f5bdb77b,49.999016940931,49.9986366754716,49.9988688024966,49.9987042870865,-0.000983059069021408,-0.00136332452840549,-0.00113119750341895,-0.00129571291349606,0.02,0.02,0.02,0.02
5.845,f27c2278f5bdb77b,49.9990054188802,49.9986224098461,49.9988585660343,49.9986932183212,-0.00099458111981221,-0.00137759015387218,-0.00114143396570654,-0.00130678167884213,0.02,0.02,0.02,0.02
5.85,f27c2278f5bdb77b,49.9989939999104,49.9986082686501,49.9988484199365,49.9986822465456,-0.00100600008964591,-0.00139173134993342,-0.00115158006351379,-0.00131775345441554,0.02,0.02,0.02,0.02
5.855,f27c2278f5bdb77b,49.9989826831215,49.9985942508113,49.9988383634307,49.9986713709317,-0.00101731687854567,-0.00140574918867742,-0.00116163656929302,-0.00132862906831832,0.02,0.02,0.02,0.02
5.86,f27c2278f5bdb77b,49.9989714676226,49.998580355268,49.9988283957512,49.9986605906584,-0.0010285323774113,-0.00141964473202449,-0.00117160424876772,-0.00133940934158971,0.02,0.02,0.02,0.02
5.865,f27c2278f5bdb77b,49.9989603525319,49.9985665809683,49.9988185161392,49.998649904912,-0.00103964746810448,-0.00143341903172001,-0.00118148386079753,-0.00135009508804274,0.02,0.02,0.02,0.02
5.87,f27c2278f5bdb77b,49.9989493369765,49.9985529268707,49.9988087238426,49.9986393128858,-0.00105066302345591,-0.00144707312931303,-0.00119127615737824,-0.00136068711417892,0.02,0.02,0.02,0.02
5.875,f27c2278f5bdb77b,49.9989384200926,49.9985393919439,49.9987990181165,49.9986288137809,-0.0010615799074003,-0.00146060805614923,-0.00120098188352102,-0.00137118621911725,0.02,0.02,0.02,0.02
5.88,f27c2278f5bdb77b,49.998927601025,49.9985259751666,49.9987893982227,49.9986184068055,-0.00107239897499056,-0.00147402483339221,-0.00121060177728083,-0.00138159319452313,0.02,0.02,0.02,0.02
5.885,f27c2278f5bdb77b,49.9989168789275,49.998512675528,49.9987798634303,49.9986080911754,-0.00108312107250441,-0.0014873244720448,-0.00122013656969955,-0.00139190882457996,0.02,0.02,0.02,0.02
5.89,f27c2278f5bdb77b,49.9989062529625,49.998499492027,49.9987704130152,49.998597866114,-0.00109374703750831,-0.00150050797299883,-0.00122958698482734,-0.00140213388598198,0.02,0.02,0.02,0.02
5.895,f27c2278f5bdb77b,49.9988957223011,49.998486423673,49.9987610462603,49.9985877308521,-0.00110427769893562,-0.00151357632704929,-0.00123895373970129,-0.00141226914788461,0.02,0.02,0.02,0.02
5.9,f27c2278f5bdb77b,49.9988852861228,49.998473469485,49.9987517624556,49.9985776846281,-0.00111471387715767,-0.00152653051500096,-0.00124823754438808,-0.00142231537194704,0.02,0.02,0.02,0.02
5.905,f27c2278f5bdb77b,49.9988749436159,49.9984606284923,49.998742560898,49.9985677266877,-0.00112505638407612,-0.00153937150766126,-0.00125743910199816,-0.0014322733123393,0.02,0.02,0.02,0.02
5.91,f27c2278f5bdb77b,49.9988646939768,49.998447899734,49.9987334408913,49.9985578562843,-0.00113530602320822,-0.0015521002659753,-0.00126655910869999,-0.00144214371574947,0.02,0.02,0.02,0.02
5.915,f27c2278f5bdb77b,49.9988545364103,49.998435282259,49.9987244017462,49.9985480726786,-0.00114546358972945,-0.00156471774103295,-0.00127559825376977,-0.00145192732141197,0.02,0.02,0.02,0.02
5.92,f27c2278f5bdb77b,49.9988444701294,49.9984227751258,49.9987154427804,49.9985383751388,-0.00115552987061562,-0.00157722487418255,-0.00128455721962695,-0.00146162486117873,0.02,0.02,0.02,0.02
5.925,f27c2278f5bdb77b,49.9988344943553,49.9984103774029,49.9987065633181,49.9985287629405,-0.00116550564465712,-0.00158962259709483,-0.00129343668186976,-0.00147123705951202,0.02,0.02,0.02,0.02
5.93,f27c2278f5bdb77b,49.9988246083174,49.9983980881682,49.9986977626907,49.9985192353665,-0.00117539168259384,-0.00160191183184111,-0.0013022373093321,-0.0014807646335484,0.02,0.02,0.02,0.02
5.935,f27c2278f5bdb77b,49.9988148112528,49.998385906509,49.9986890402359,49.9985097917068,-0.001185188747165,-0.00161409349097141,-0.0013109597641332,-0.00149020829316981,0.02,0.02,0.02,0.02
5.94,f27c2278f5bdb77b,49.9988051024068,49.9983738315224,49.9986803952983,49.998500431259,-0.00119489759319436,-0.00162616847759267,-0.00131960470172032,-0.00149956874102486,0.02,0.02,0.02,0.02
5.945,f27c2278f5bdb77b,49.9987954810323,49.9983618623145,49.9986718272291,49.9984911533274,-0.00120451896766838,-0.00163813768548238,-0.00132817277091846,-0.00150884667259987,0.02,0.02,0.02,0.02
5.95,f27c2278f5bdb77b,49.9987859463902,49.9983499980009,49.998663335386,49.9984819572237,-0.00121405360982152,-0.00165000199911702,-0.0013366646140085,-0.00151804277628287,0.02,0.02,0.02,0.02
5.955,f27c2278f5bdb77b,49.9987764977488,49.9983382377062,49.9986549191332,49.9984728422666,-0.00122350225119305,-0.00166176229381421,-0.00134508086676277,-0.00152715773340617,0.02,0.02,0.02,0.02
5.96,f27c2278f5bdb77b,49.9987671343843,49.9983265805642,49.9986465778415,49.9984638077817,-0.00123286561573366,-0.00167341943578236,-0.00135342215849477,-0.00153619221831747,0.02,0.02,0.02,0.02
5.965,f27c2278f5bdb77b,49.9987578555801,49.9983150257178,49.9986383108878,49.9984548531015,-0.00124214441986936,-0.00168497428221315,-0.00136168911216572,-0.00154514689845087,0.02,0.02,0.02,0.02
5.97,f27c2278f5bdb77b,49.9987486606275,49.9983035723186,49.9986301176556,49.9984459775656,-0.00125133937254418,-0.00169642768137379,-0.00136988234437041,-0.00155402243437663,0.02,0.02,0.02,0.02
5.975,f27c2278f5bdb77b,49.9987395488247,49.9982922195273,49.9986219975345,49.9984371805201,-0.00126045117534801,-0.00170778047270659,-0.00137800246546504,-0.00156281947986514,0.02,0.02,0.02,0.02
5.98,f27c2278f5bdb77b,49.9987305194774,49.9982809665131,49.9986139499204,49.998428461318,-0.00126948052255926,-0.00171903348686442,-0.00138605007958859,-0.00157153868197923,0.02,0.02,0.02,0.02
5.985,f27c2278f5bdb77b,49.9987215718988,49.9982698124541,49.9986059742153,49.9984198193189,-0.00127842810120882,-0.00173018754586707,-0.00139402578472669,-0.00158018068109556,0.02,0.02,0.02,0.02
5.99,f27c2278f5bdb77b,49.9987127054088,49.9982587565369,49.9985980698272,49.998411253889,-0.00128729459118659,-0.00174124346311544,-0.00140193017278989,-0.00158874611101822,0.02,0.02,0.02,0.02
5.995,f27c2278f5bdb77b,49.9987039193347,49.9982477979565,49.9985902361704,49.998402764401,-0.00129608066526288,-0.00175220204353366,-0.00140976382964908,-0.00159723559900016,0.02,0.02,0.02,0.02
6,f27c2278f5bdb77b,49.9986952130108,49.9982369359164,49.9985824726648,49.9983943502342,-0.00130478698922332,-0.00176306408361171,-0.00141752733522083,-0.00160564976584254,0.02,0.02,0.02,0.02
6.005,f27c2278f5bdb77b,49.9986865857781,49.9982261696285,49.9985747787365,49.998386010774,-0.00131341422186892,-0.00177383037152623,-0.00142522126349576,-0.00161398922595879,0.02,0.02,0.02,0.02
6.01,f27c2278f5bdb77b,49.9986780369849,49.9982154983128,49.9985671538174,49.9983777454126,-0.00132196301513687,-0.00178450168719735,-0.00143284618263806,-0.00162225458741716,0.02,0.02,0.02,0.02
6.015,f27c2278f5bdb77b,49.9986695659859,49.9982049211976,49.998559597345,49.998369553548,-0.00133043401414312,-0.00179507880236685,-0.00144040265501388,-0.00163044645201893,0.02,0.02,0.02,0.02
6.02,f27c2278f5bdb77b,49.9986611721427,49.9981944375193,49.9985521087627,49.9983614345846,-0.00133882785727479,-0.00180556248071184,-0.00144789123726241,-0.00163856541536944,0.02,0.02,0.02,0.02
6.025,f27c2278f5bdb77b,49.9986528548238,49.9981840465221,49.9985446875197,49.9983533879331,-0.00134714517621859,-0.00181595347789454,-0.00145531248034558,-0.00164661206694916,0.02,0.02,0.02,0.02
6.03,f27c2278f5bdb77b,49.9986446134039,49.9981737474583,49.9985373330704,49.9983454130099,-0.00135538659606738,-0.00182625254166879,-0.00146266692961916,-0.0016545869901492,0.02,0.02,0.02,0.02
6.035,f27c2278f5bdb77b,49.9986364472646,49.9981635395881,49.9985300448751,49.9983375092376,-0.00136355273536282,-0.00183646041194407,-0.00146995512488246,-0.00166249076236369,0.02,0.02,0.02,0.02
6.04,f27c2278f5bdb77b,49.9986283557938,49.9981534221791,49.9985228223996,49.998329676045,-0.00137164420618063,-0.00184657782087783,-0.0014771776004352,-0.00167032395503952,0.02,0.02,0.02,0.02
6.045,f27c2278f5bdb77b,49.9986203383858,49.9981433945071,49.9985156651149,49.9983219128663,-0.00137966161417324,-0.00185660549293942,-0.00148433488514144,-0.00167808713374029,0.02,0.02,0.02,0.02
6.05,f27c2278f5bdb77b,49.9986123944413,49.998133455855,49.9985085724975,49.9983142191418,-0.00138760555866924,-0.00186654414500964,-0.00149142750246511,-0.00168578085821025,0.02,0.02,0.02,0.02
6.055,f27c2278f5bdb77b,49.9986045233673,49.9981236055136,49.9985015440294,49.9983065943176,-0.00139547663268758,-0.0018763944864375,-0.00149845597055531,-0.00169340568242404,0.02,0.02,0.02,0.02
6.06,f27c2278f5bdb77b,49.9985967245769,49.9981138427809,49.9984945791977,49.9982990378453,-0.00140327542306551,-0.00188615721914687,-0.00150542080228178,-0.00170096215467197,0.02,0.02,0.02,0.02
6.065,f27c2278f5bdb77b,49.9985889974895,49.9981041669623,49.9984876774947,49.9982915491824,-0.00141100251045856,-0.00189583303769325,-0.00151232250528466,-0.00170845081760262,0.02,0.02,0.02,0.02
6.07,f27c2278f5bdb77b,49.9985813415305,49.9980945773707,49.9984808384179,49.9982841277917,-0.00141865846947553,-0.00190542262933491,-0.00151916158205267,-0.00171587220826552,0.02,0.02,0.02,0.02
6.075,f27c2278f5bdb77b,49.9985737561313,49.9980850733259,49.9984740614701,49.9982767731418,-0.0014262438686643,-0.00191492667413229,-0.00152593852994443,-0.00172322685821058,0.02,0.02,0.02,0.02
6.08,f27c2278f5bdb77b,49.9985662407294,49.998075654155,49.9984673461587,49.9982694847065,-0.00143375927064682,-0.00192434584500489,-0.00153265384126655,-0.00173051529349522,0.02,0.02,0.02,0.02
6.085,f27c2278f5bdb77b,49.9985587947679,49.9980663191922,49.9984606919967,49.9982622619652,-0.00144120523214042,-0.00193368080781653,-0.00153930800331636,-0.00173773803479804,0.02,0.02,0.02,0.02
6.09,f27c2278f5bdb77b,49.998551417696,49.9980570677785,49.9984540985016,49.9982551044026,-0.00144858230402889,-0.00194293222146058,-0.00154590149841738,-0.00174489559740465,0.02,0.02,0.02,0.02
6.095,f27c2278f5bdb77b,49.9985441089686,49.9980478992621,49.998447565196,49.9982480115087,-0.00145589103143351,-0.00195210073790975,-0.00155243480400458,-0.00175198849134262,0.02,0.02,0.02,0.02
6.1,f27c2278f5bdb77b,49.9985368680462,49.9980388129977,49.9984410916074,49.9982409827786,-0.0014631319537699,-0.00196118700228709,-0.00155890839264572,-0.00175901722136729,0.02,0.02,0.02,0.02
6.105,f27c2278f5bdb77b,49.9985296943952,49.998029808347,49.9984346772679,49.998234017713,-0.00147030560480488,-0.00197019165298684,-0.0015653227320982,-0.00176598228704705,0.02,0.02,0.02,0.02
6.11,f27c2278f5bdb77b,49.9985225874873,49.9980208846783,49.9984283217146,49.9982271158172,-0.00147741251273459,-0.0019791153216957,-0.00157167828536586,-0.00177288418282018,0.02,0.02,0.02,0.02
6.115,f27c2278f5bdb77b,49.9985155467998,49.9980120413665,49.9984220244893,49.998220276602,-0.00148445320022716,-0.00198795863347101,-0.00157797551074879,-0.00177972339803034,0.02,0.02,0.02,0.02
6.12,f27c2278f5bdb77b,49.9985085718155,49.9980032777931,49.9984157851381,49.998213499583,-0.00149142818447956,-0.00199672220685443,-0.00158421486185745,-0.00178650041699058,0.02,0.02,0.02,0.02
6.125,f27c2278f5bdb77b,49.9985016620227,49.9979945933461,49.9984096032123,49.998206784281,-0.00149833797730992,-0.00200540665388615,-0.00159039678772643,-0.00179321571903301,0.02,0.02,0.02,0.02
6.13,f27c2278f5bdb77b,49.9984948169148,49.9979859874198,49.9984034782672,49.9982001302214,-0.00150518308518599,-0.0020140125802115,-0.00159652173279312,-0.00179986977855151,0.02,0.02,0.02,0.02
6.135,f27c2278f5bdb77b,49.9984880359907,49.9979774594149,49.998397409863,49.9981935369349,-0.001511964009282,-0.00202254058513773,-0.00160259013698294,-0.00180646306507271,0.02,0.02,0.02,0.02
6.14,f27c2278f5bdb77b,49.9984813187544,49.9979690087383,49.9983913975643,49.9981870039567,-0.00151868124556387,-0.00203099126169803,-0.0016086024357449,-0.00181299604327023,0.02,0.02,0.02,0.02
6.145,f27c2278f5bdb77b,49.9984746647152,49.9979606348033,49.9983854409399,49.998180530827,-0.00152533528482479,-0.00203936519674386,-0.00161455906010843,-0.00181946917304998,0.02,0.02,0.02,0.02
6.15,f27c2278f5bdb77b,49.9984680733873,49.997952337029,49.9983795395633,49.9981741170904,-0.00153192661273494,-0.00204766297096626,-0.00162046043671182,-0.00182588290958563,0.02,0.02,0.02,0.02
6.155,f27c2278f5bdb77b,49.9984615442901,49.997944114841,49.9983736930121,49.9981677622967,-0.00153845570993383,-0.00205588515900246,-0.00162630698785193,-0.00183223770334706,0.02,0.02,0.02,0.02
6.16,f27c2278f5bdb77b,49.998455076948,49.9979359676705,49.9983679008685,49.9981614659998,-0.00154492305203746,-0.00206403232949981,-0.00163209913152684,-0.00183853400019274,0.02,0.02,0.02,0.02
6.165,f27c2278f5bdb77b,49.9984486708903,49.9979278949549,49.9983621627185,49.9981552277586,-0.00155132910973776,-0.00207210504514421,-0.0016378372815069,-0.0018447722413768,0.02,0.02,0.02,0.02
6.17,f27c2278f5bdb77b,49.9984423256512,49.9979198961372,49.9983564781527,49.9981490471364,-0.00155767434880971,-0.00208010386276669,-0.00164352184734184,-0.00185095286362014,0.02,0.02,0.02,0.02
6.175,f27c2278f5bdb77b,49.9984360407698,49.9979119706666,49.9983508467656,49.9981429237009,-0.0015639592302179,-0.00208802933337893,-0.00164915323441051,-0.00185707629913168,0.02,0.02,0.02,0.02
6.18,f27c2278f5bdb77b,49.9984298157899,49.9979041179978,49.998345268156,49.9981368570243,-0.00157018421012367,-0.00209588200224431,-0.0016547318439919,-0.00186314297570789,0.02,0.02,0.02,0.02
6.185,f27c2278f5bdb77b,49.9984236502601,49.997896337591,49.9983397419267,49.9981308466833,-0.00157634973994902,-0.0021036624089561,-0.0016602580732723,-0.00186915331671145,0.02,0.02,0.02,0.02
6.19,f27c2278f5bdb77b,49.9984175437336,49.9978886289125,49.9983342676846,49.9981248922588,-0.0015824562664406,-0.00211137108746584,-0.00166573231542344,-0.00187510774117072,0.02,0.02,0.02,0.02
6.195,f27c2278f5bdb77b,49.9984114957683,49.9978809914338,49.9983288450404,49.9981189933362,-0.0015885042316981,-0.00211900856616154,-0.00167115495959536,-0.00188100666380109,0.02,0.02,0.02,0.02
6.2,f27c2278f5bdb77b,49.9984055059268,49.9978734246321,49.998323473609,49.9981131495049,-0.0015944940732453,-0.00212657536793159,-0.001676526391023,-0.00188685049506176,0.02,0.02,0.02,0.02
6.205,f27c2278f5bdb77b,49.9983995737759,49.9978659279898,49.998318153009,49.9981073603588,-0.00160042622405854,-0.00213407201021454,-0.00168184699101204,-0.00189263964119135,0.02,0.02,0.02,0.02
6.21,f27c2278f5bdb77b,49.9983936988874,49.9978585009949,49.998312882863,49.9981016254957,-0.0016063011126235,-0.002141499005063,-0.00168711713700986,-0.00189837450426467,0.02,0.02,0.02,0.02
6.215,f27c2278f5bdb77b,49.998387880837,49.9978511431408,49.9983076627974,49.9980959445178,-0.00161211916297788,-0.00214885685918631,-0.00169233720263406,-0.00190405548222827,0.02,0.02,0.02,0.02
6.22,f27c2278f5bdb77b,49.9983821192052,49.997843853926,49.9983024924423,49.998090317031,-0.00161788079477532,-0.00215614607404291,-0.00169750755771503,-0.00190968296895022,0.02,0.02,0.02,0.02
6.225,f27c2278f5bdb77b,49.9983764135767,49.9978366328541,49.9982973714317,49.9980847426457,-0.00162358642328542,-0.00216336714585452,-0.00170262856834569,-0.00191525735426978,0.02,0.02,0.02,0.02
6.23,f27c2278f5bdb77b,49.9983707635405,49.9978294794343,49.9982922994031,49.998079220976,-0.00162923645948609,-0.00217052056567724,-0.00170770059690994,-0.00192077902402588,0.02,0.02,0.02,0.02
6.235,f27c2278f5bdb77b,49.9983651686899,49.9978223931805,49.9982872759979,49.9980737516399,-0.00163483131009912,-0.00217760681947254,-0.0017127240021253,-0.0019262483601139,0.02,0.02,0.02,0.02
6.24,f27c2278f5bdb77b,49.9983596286224,49.9978153736119,49.9982823008609,49.9980683342595,-0.00164037137759721,-0.00218462638812866,-0.00171769913907127,-0.00193166574053549,0.02,0.02,0.02,0.02
6.245,f27c2278f5bdb77b,49.9983541429397,49.9978084202524,49.9982773736407,49.9980629684606,-0.00164585706029641,-0.00219157974755291,-0.00172262635926757,-0.00193703153941271,0.02,0.02,0.02,0.02
6.25,f27c2278f5bdb77b,49.9983487112476,49.9978015326313,49.9982724939893,49.9980576538729,-0.00165128875237031,-0.002198467368693,-0.00172750601065985,-0.00194234612707334,0.02,0.02,0.02,0.02
6.255,f27c2278f5bdb77b,49.9983433331561,49.9977947102824,49.9982676615623,49.9980523901299,-0.00165666684388555,-0.00220528971760103,-0.00173233843768372,-0.00194760987005083,0.02,0.02,0.02,0.02
6.26,f27c2278f5bdb77b,49.9983380082791,49.9977879527445,49.9982628760187,49.9980471768688,-0.0016619917208871,-0.00221204725548318,-0.00173712398130732,-0.00195282313115541,0.02,0.02,0.02,0.02
6.265,f27c2278f5bdb77b,49.9983327362346,49.9977812595612,49.9982581370209,49.9980420137305,-0.00166726376536985,-0.00221874043877079,-0.00174186297905976,-0.00195798626948829,0.02,0.02,0.02,0.02
6.27,f27c2278f5bdb77b,49.9983275166446,49.9977746302809,49.9982534442349,49.9980369003595,-0.00167248335539938,-0.00222536971914167,-0.00174655576507377,-0.00196309964050556,0.02,0.02,0.02,0.02
6.275,f27c2278f5bdb77b,49.9983223491349,49.9977680644564,49.9982487973299,49.9980318364039,-0.00167765086509064,-0.00223193554357692,-0.00175120267009987,-0.00196816359606089,0.02,0.02,0.02,0.02
6.28,f27c2278f5bdb77b,49.9983172333353,49.9977615616456,49.9982441959784,49.9980268215156,-0.00168276666467193,-0.00223843835443205,-0.00175580402157038,-0.00197317848441259,0.02,0.02,0.02,0.02
6.285,f27c2278f5bdb77b,49.9983121688795,49.9977551214105,49.9982396398564,49.9980218553497,-0.00168783112054882,-0.00224487858946532,-0.00176036014362779,-0.00197814465029467,0.02,0.02,0.02,0.02
6.29,f27c2278f5bdb77b,49.9983071554047,49.9977487433181,49.9982351286429,49.9980169375651,-0.00169284459530417,-0.00225125668190884,-0.00176487135713899,-0.00198306243493818,0.02,0.02,0.02,0.02
6.295,f27c2278f5bdb77b,49.9983021925522,49.9977424269395,49.9982306620202,49.9980120678239,-0.00169780744776205,-0.00225757306047569,-0.0017693379797592,-0.00198793217610671,0.02,0.02,0.02,0.02
6.3,f27c2278f5bdb77b,49.998297279967,49.9977361718505,49.9982262396741,49.9980072457918,-0.0017027200330304,-0.00226382814946646,-0.00177376032593912,-0.00199275420815326,0.02,0.02,0.02,0.02
6.305,f27c2278f5bdb77b,49.9982924172975,49.9977299776312,49.998221861293,49.998002471138,-0.00170758270252946,-0.00227002236878349,-0.00177813870698884,-0.00199752886202731,0.02,0.02,0.02,0.02
6.31,f27c2278f5bdb77b,49.998287604196,49.997723843866,49.9982175265689,49.9979977435347,-0.00171239580404858,-0.00227615613395926,-0.00178247343106364,-0.00200225646532459,0.02,0.02,0.02,0.02
6.315,f27c2278f5bdb77b,49.9982828403182,49.9977177701437,49.9982132351968,49.9979930626577,-0.00171715968177466,-0.00228222985626303,-0.00178676480324924,-0.00200693734233681,0.02,0.02,0.02,0.02
6.32,f27c2278f5bdb77b,49.9982781253237,49.9977117560573,49.9982089868744,49.997988428186,-0.00172187467633478,-0.00228824394268656,-0.00179101312556185,-0.00201157181403744,0.02,0.02,0.02,0.02
6.325,f27c2278f5bdb77b,49.9982734588752,49.997705801204,49.998204781303,49.9979838398018,-0.00172654112482462,-0.00229419879603654,-0.00179521869697652,-0.00201616019818829,0.02,0.02,0.02,0.02
6.33,f27c2278f5bdb77b,49.9982688406391,49.9976999051851,49.9982006181865,49.9979792971907,-0.00173115936088664,-0.00230009481494875,-0.00179938181347694,-0.00202070280929689,0.02,0.02,0.02,0.02
6.335,f27c2278f5bdb77b,49.9982642702853,49.997694067606,49.9981964972319,49.9979748000413,-0.00173572971469582,-0.00230593239395915,-0.00180350276808383,-0.00202519995870176,0.02,0.02,0.02,0.02
6.34,f27c2278f5bdb77b,49.998259747487,49.9976882880765,49.9981924181491,49.9979703480454,-0.00174025251304499,-0.00231171192353941,-0.00180758185087626,-0.0020296519545937,0.02,0.02,0.02,0.02
6.345,f27c2278f5bdb77b,49.9982552719206,49.9976825662099,49.998188380651,49.997965940898,-0.00174472807935189,-0.00231743379012528,-0.00181161934901297,-0.00203405910203003,0.02,0.02,0.02,0.02
6.35,f27c2278f5bdb77b,49.9982508432663,49.9976769016238,49.9981843844532,49.997961578297,-0.00174915673372311,-0.00232309837619482,-0.00181561554678211,-0.00203842170297008,0.02,0.02,0.02,0.02
6.355,f27c2278f5bdb77b,49.998246461207,49.9976712939397,49.9981804292744,49.9979572599437,-0.00175353879297546,-0.00232870606028968,-0.00181957072563677,-0.00204274005633209,0.02,0.02,0.02,0.02
6.36,f27c2278f5bdb77b,49.9982421254293,49.9976657427829,49.9981765148358,49.997952985542,-0.00175787457067145,-0.00233425721705061,-0.00182348516418074,-0.00204701445800026,0.02,0.02,0.02,0.02
6.365,f27c2278f5bdb77b,49.9982378356228,49.9976602477827,49.9981726408617,49.9979487547991,-0.00176216437716192,-0.00233975221728855,-0.00182735913825383,-0.00205124520086031,0.02,0.02,0.02,0.02
6.37,f27c2278f5bdb77b,49.9982335914804,49.997654808572,49.9981688070791,49.9979445674252,-0.00176640851962873,-0.00234519142800593,-0.0018311929209176,-0.00205543257482077,0.02,0.02,0.02,0.02
6.375,f27c2278f5bdb77b,49.9982293926979,49.9976494247875,49.9981650132175,49.9979404231331,-0.00177060730211309,-0.00235057521245352,-0.00183498678250515,-0.00205957686687697,0.02,0.02,0.02,0.02
6.38,f27c2278f5bdb77b,49.9982252389745,49.9976440960699,49.9981612590094,49.9979363216389,-0.00177476102554408,-0.00235590393014462,-0.00183874099064951,-0.00206367836110388,0.02,0.02,0.02,0.02
6.385,f27c2278f5bdb77b,49.9982211300122,49.9976388220631,49.9981575441897,49.9979322626613,-0.00177886998778121,-0.00236117793694035,-0.00184245581030495,-0.00206773733870591,0.02,0.02,0.02,0.02
6.39,f27c2278f5bdb77b,49.9982170655163,49.997633602415,49.9981538684962,49.997928245922,-0.00178293448365707,-0.00236639758503543,-0.00184613150376833,-0.00207175407804527,0.02,0.02,0.02,0.02
6.395,f27c2278f5bdb77b,49.998213045195,49.997628436777,49.9981502316693,49.9979242711453,-0.00178695480498448,-0.00237156322304344,-0.0018497683307217,-0.00207572885465623,0.02,0.02,0.02,0.02
6.4,f27c2278f5bdb77b,49.9982090687594,49.997623324804,49.9981466334517,49.9979203380587,-0.00179093124061325,-0.00237667519601104,-0.00185336654826074,-0.00207966194131615,0.02,0.02,0.02,0.02
6.405,f27c2278f5bdb77b,49.9982051359235,49.9976182661545,49.9981430735891,49.997916446392,-0.00179486407645157,-0.0023817338454748,-0.00185692641090895,-0.00208355360802415,0.02,0.02,0.02,0.02
6.41,f27c2278f5bdb77b,49.9982012464045,49.9976132604905,49.9981395518294,49.9979125958779,-0.00179875359548731,-0.00238673950947543,-0.00186044817064612,-0.0020874041220722,0.02,0.02,0.02,0.02
6.415,f27c2278f5bdb77b,49.9981973999222,49.9976083074774,49.998136067923,49.9979087862519,-0.00180260007783772,-0.00239169252261462,-0.0018639320769509,-0.00209121374805221,0.02,0.02,0.02,0.02
6.42,f27c2278f5bdb77b,49.9981935961992,49.9976034067839,49.9981326216232,49.9979050172521,-0.00180640380076369,-0.00239659321608343,-0.00186737837681505,-0.00209498274789865,0.02,0.02,0.02,0.02
6.425,f27c2278f5bdb77b,49.9981898349613,49.9975985580823,49.9981292126852,49.9979012886191,-0.00181016503871945,-0.00240144191770497,-0.00187078731476475,-0.00209871138090278,0.02,0.02,0.02,0.02
6.43,f27c2278f5bdb77b,49.9981861159367,49.9975937610481,49.9981258408671,49.9978976000962,-0.00181388406333838,-0.00240623895194858,-0.00187415913291744,-0.00210239990376238,0.02,0.02,0.02,0.02
6.435,f27c2278f5bdb77b,49.9981824388565,49.99758901536,49.998122505929,49.9978939514294,-0.00181756114350407,-0.002410984640008,-0.0018774940709676,-0.00210604857060304,0.02,0.02,0.02,0.02
6.44,f27c2278f5bdb77b,49.9981788034546,49.9975843207002,49.9981192076338,49.997890342367,-0.00182119654537161,-0.00241567929979425,-0.0018807923662294,-0.00210965763299242,0.02,0.02,0.02,0.02
6.445,f27c2278f5bdb77b,49.9981752094676,49.997579676754,49.9981159457463,49.99788677266,-0.00182479053237472,-0.00242032324599251,-0.00188405425367932,-0.00211322733998998,0.02,0.02,0.02,0.02
6.45,f27c2278f5bdb77b,49.9981716566347,49.9975750832099,49.998112720034,49.9978832420618,-0.00182834336525417,-0.00242491679008339,-0.00188727996596327,-0.00211675793817534,0.02,0.02,0.02,0.02
6.455,f27c2278f5bdb77b,49.9981681446979,49.9975705397596,49.9981095302666,49.9978797503283,-0.00183185530212171,-0.00242946024039981,-0.00189046973341789,-0.00212024967165547,0.02,0.02,0.02,0.02
6.46,f27c2278f5bdb77b,49.9981646734016,49.9975660460979,49.9981063762159,49.9978762972179,-0.00183532659843877,-0.00243395390213408,-0.00189362378410607,-0.00212370278212148,0.02,0.02,0.02,0.02
6.465,f27c2278f5bdb77b,49.9981612424929,49.9975616019226,49.9981032576561,49.9978728824912,-0.00183875750706619,-0.00243839807738055,-0.00189674234385251,-0.00212711750884864,0.02,0.02,0.02,0.02
6.47,f27c2278f5bdb77b,49.9981578517217,49.9975572069348,49.9981001743638,49.9978695059113,-0.00184214827829976,-0.00244279306517825,-0.00189982563624369,-0.002130494088739,0.02,0.02,0.02,0.02
6.475,f27c2278f5bdb77b,49.9981545008401,49.9975528608385,49.9980971261173,49.9978661672437,-0.0018454991598702,-0.00244713916153216,-0.00190287388265631,-0.00213383275634982,0.02,0.02,0.02,0.02
6.48,f27c2278f5bdb77b,49.998151189603,49.9975485633406,49.9980941126977,49.9978628662561,-0.00184881039701423,-0.0024514366594488,-0.0019058873022999,-0.00213713374389357,0.02,0.02,0.02,0.02
6.485,f27c2278f5bdb77b,49.9981479177676,49.997544314151,49.9980911338878,49.9978596027187,-0.00185208223243905,-0.00245568584897882,-0.00190886611222396,-0.0021403972813161,0.02,0.02,0.02,0.02
6.49,f27c2278f5bdb77b,49.9981446850936,49.9975401129828,49.9980881894727,49.9978563764037,-0.00185531490640045,-0.00245988701723832,-0.00191181052733924,-0.00214362359626108,0.02,0.02,0.02,0.02
6.495,f27c2278f5bdb77b,49.9981414913433,49.9975359595516,49.9980852792395,49.9978531870859,-0.00185850865672421,-0.00246404044843018,-0.00191472076045329,-0.00214681291414109,0.02,0.02,0.02,0.02
6.5,f27c2278f5bdb77b,49.9981383362812,49.9975318535761,49.9980824029777,49.9978500345419,-0.00186166371879182,-0.00246814642390802,-0.00191759702227756,-0.0021499654581234,0.02,0.02,0.02,0.02
6.505,f27c2278f5bdb77b,49.9981352196744,49.9975277947778,49.9980795604785,49.9978469185508,-0.00186478032562576,-0.00247220522218328,-0.00192043952146292,-0.0021530814491868,0.02,0.02,0.02,0.02
6.51,f27c2278f5bdb77b,49.9981321412921,49.9975237828811,49.9980767515354,49.9978438388939,-0.00186785870787531,-0.00247621711894652,-0.00192324846461389,-0.0021561611061216,0.02,0.02,0.02,0.02
6.515,f27c2278f5bdb77b,49.9981291009061,49.9975198176129,49.9980739759437,49.9978407953544,-0.00187089909385918,-0.00248018238714565,-0.00192602405630282,-0.00215920464557229,0.02,0.02,0.02,0.02
6.52,f27c2278f5bdb77b,49.9981260982904,49.997515898703,49.9980712335009,49.997837787718,-0.00187390170959389,-0.00248410129696452,-0.00192876649911256,-0.0021622122820304,0.02,0.02,0.02,0.02
6.525,f27c2278f5bdb77b,49.9981231332212,49.9975120258841,49.9980685240064,49.9978348157721,-0.00187686677880095,-0.00248797411588697,-0.0019314759936222,-0.00216518422787715,0.02,0.02,0.02,0.02
6.53,f27c2278f5bdb77b,49.998120205477,49.9975081988913,49.9980658472615,49.9978318793066,-0.00187979452297782,-0.00249180110871094,-0.00193415273846398,-0.00216812069341188,0.02,0.02,0.02,0.02
6.535,f27c2278f5bdb77b,49.9981173148386,49.9975044174624,49.9980632030697,49.9978289781131,-0.00188268516136958,-0.00249558253758408,-0.00193679693033033,-0.00217102188685203,0.02,0.02,0.02,0.02
6.54,f27c2278f5bdb77b,49.998114461089,49.997500681338,49.998060591236,49.9978261119857,-0.00188553891103993,-0.00249931866203923,-0.00193940876398102,-0.00217388801434737,0.02,0.02,0.02,0.02
6.545,f27c2278f5bdb77b,49.9981116440131,49.997496990261,49.9980580115677,49.99782328072,-0.0018883559868712,-0.00250300973901574,-0.00194198843226445,-0.00217671928004393,0.02,0.02,0.02,0.02
6.55,f27c2278f5bdb77b,49.9981088633984,49.9974933439771,49.9980554638738,49.9978204841139,-0.00189113660161411,-0.00250665602290212,-0.0019445361261603,-0.00217951588606269,0.02,0.02,0.02,0.02
6.555,f27c2278f5bdb77b,49.9981061190341,49.9974897422345,49.9980529479652,49.9978177219675,-0.00189388096588772,-0.00251025776554314,-0.00194705203477952,-0.00218227803252091,0.02,0.02,0.02,0.02
6.56,f27c2278f5bdb77b,49.9981034107118,49.9974861847837,49.9980504636546,49.9978149940824,-0.00189658928820791,-0.00251381521629668,-0.00194953634538564,-0.00218500591757476,0.02,0.02,0.02,0.02
6.565,f27c2278f5bdb77b,49.998100738225,49.997482671378,49.9980480107566,49.9978123002626,-0.00189926177503708,-0.00251732862201948,-0.001951989243409,-0.00218769973743349,0.02,0.02,0.02,0.02
6.57,f27c2278f5bdb77b,49.9980981013692,49.9974792017728,49.9980455890875,49.9978096403136,-0.00190189863077705,-0.00252079822715956,-0.00195441091248227,-0.0021903596863595,0.02,0.02,0.02,0.02
6.575,f27c2278f5bdb77b,49.9980954999422,49.9974757757263,49.9980431984656,49.9978070140433,-0.00190450005781884,-0.00252422427372068,-0.00195680153444044,-0.00219298595671091,0.02,0.02,0.02,0.02
6.58,f27c2278f5bdb77b,49.9980929337435,49.9974723929987,49.9980408387106,49.997804421261,-0.00190706625654258,-0.00252760700132626,-0.00195916128935636,-0.00219557873895582,0.02,0.02,0.02,0.02
6.585,f27c2278f5bdb77b,49.9980904025746,49.9974690533528,49.9980385096445,49.9978018617783,-0.00190959742536023,-0.00253094664721942,-0.00196149035554072,-0.00219813822167936,0.02,0.02,0.02,0.02
6.59,f27c2278f5bdb77b,49.9980879062393,49.9974657565537,49.9980362110904,49.9977993354084,-0.00191209376072266,-0.00253424344632691,-0.00196378890958471,-0.00220066459161927,0.02,0.02,0.02,0.02
6.595,f27c2278f5bdb77b,49.9980854445429,49.9974625023687,49.9980339428737,49.9977968419663,-0.00191455545714092,-0.00253749763125199,-0.00196605712633868,-0.0022031580336801,0.02,0.02,0.02,0.02
6.6,f27c2278f5bdb77b,49.9980830172928,49.9974592905677,49.998031704821,49.997794381269,-0.00191698270722895,-0.00254070943230289,-0.00196829517899033,-0.00220561873095448,0.02,0.02,0.02,0.02
6.605,f27c2278f5bdb77b,49.9980806242983,49.9974561209225,49.998029496761,49.9977919531353,-0.00191937570168932,-0.00254387907753539,-0.00197050323902204,-0.00220804686474452,0.02,0.02,0.02,0.02
6.61,f27c2278f5bdb77b,49.9980782653706,49.9974529932072,49.9980273185237,49.9977895573854,-0.00192173462935585,-0.00254700679276709,-0.00197268147627483,-0.00221044261458303,0.02,0.02,0.02,0.02
6.615,f27c2278f5bdb77b,49.9980759403228,49.9974499071984,49.9980251699411,49.9977871938418,-0.00192405967720788,-0.00255009280159157,-0.00197483005893417,-0.00221280615824071,0.02,0.02,0.02,0.02
6.62,f27c2278f5bdb77b,49.9980736489696,49.9974468626746,49.9980230508464,49.9977848623282,-0.00192635103038441,-0.00255313732542817,-0.0019769491535726,-0.00221513767176162,0.02,0.02,0.02,0.02
6.625,f27c2278f5bdb77b,49.9980713911278,49.9974438594165,49.9980209610748,49.9977825626705,-0.00192860887221968,-0.00255614058350062,-0.00197903892515683,-0.00221743732949164,0.02,0.02,0.02,0.02
6.63,f27c2278f5bdb77b,49.9980691666158,49.9974408972071,49.9980189004629,49.9977802946959,-0.00193083338421474,-0.00255910279292237,-0.00198109953705483,-0.00221970530406423,0.02,0.02,0.02,0.02
6.635,f27c2278f5bdb77b,49.9980669752539,49.9974379758313,49.9980168688489,49.9977780582335,-0.00193302474612977,-0.00256202416866103,-0.00198313115107851,-0.0022219417664644,0.02,0.02,0.02,0.02
6.64,f27c2278f5bdb77b,49.9980648168641,49.9974350950764,49.9980148660725,49.997775853114,-0.00193518313591312,-0.00256490492359518,-0.00198513392747657,-0.00222414688600736,0.02,0.02,0.02,0.02
6.645,f27c2278f5bdb77b,49.9980626912702,49.9974322547315,49.998012891975,49.9977736791696,-0.00193730872980069,-0.00256774526851444,-0.00198710802498425,-0.00222632083039542,0.02,0.02,0.02,0.02
6.65,f27c2278f5bdb77b,49.9980605982977,49.9974294545878,49.9980109463992,49.9977715362343,-0.00193940170227336,-0.00257054541216917,-0.00198905360078783,-0.00222846376569663,0.02,0.02,0.02,0.02
6.655,f27c2278f5bdb77b,49.9980585377739,49.9974266944387,49.9980090291894,49.9977694241436,-0.00194146222609959,-0.00257330556126334,-0.00199097081059563,-0.00223057585641584,0.02,0.02,0.02,0.02
6.66,f27c2278f5bdb77b,49.9980565095276,49.9974239740795,49.9980071401914,49.9977673427345,-0.00194349047235676,-0.00257602592049722,-0.00199285980863095,-0.00223265726546629,0.02,0.02,0.02,0.02
6.665,f27c2278f5bdb77b,49.9980545133896,49.9974212933074,49.9980052792524,49.9977652918458,-0.00194548661043825,-0.00257870669257443,-0.00199472074763918,-0.00223470815419802,0.02,0.02,0.02,0.02
6.67,f27c2278f5bdb77b,49.9980525491919,49.9974186519218,49.9980034462211,49.9977632713176,-0.00194745080806769,-0.00258134807823751,-0.00199655377892327,-0.00223672868244762,0.02,0.02,0.02,0.02
6.675,f27c2278f5bdb77b,49.9980506167687,49.9974160497237,49.9980016409476,49.9977612809915,-0.00194938323131311,-0.002583950276275,-0.00199835905235091,-0.00223871900851691,0.02,0.02,0.02,0.02
6.68,f27c2278f5bdb77b,49.9980487159554,49.9974134865165,49.9979998632836,49.9977593207108,-0.00195128404463674,-0.00258651348354988,-0.00200013671636867,-0.00224067928920846,0.02,0.02,0.02,0.02
6.685,f27c2278f5bdb77b,49.9980468465891,49.997410962105,49.997998113082,49.9977573903202,-0.00195315341086655,-0.00258903789502796,-0.00200188691800918,-0.0022426096798398,0.02,0.02,0.02,0.02
6.69,f27c2278f5bdb77b,49.9980450085088,49.9974084762962,49.9979963901971,49.9977554896658,-0.00195499149124601,-0.0025915237037708,-0.00200360980293368,-0.00224451033424344,0.02,0.02,0.02,0.02
6.695,f27c2278f5bdb77b,49.9980432015546,49.997406028899,49.9979946944846,49.9977536185952,-0.00195679844544117,-0.00259397110100679,-0.00200530551542499,-0.0022463814048308,0.02,0.02,0.02,0.02
6.7,f27c2278f5bdb77b,49.9980414255685,49.9974036197239,49.9979930258016,49.9977517769575,-0.00195857443154779,-0.00259638027610265,-0.00200697419838747,-0.00224822304254246,0.02,0.02,0.02,0.02
6.705,f27c2278f5bdb77b,49.9980396803939,49.9974012485834,49.9979913840066,49.9977499646031,-0.00196031960613396,-0.00259875141660615,-0.00200861599339675,-0.00225003539691215,0.02,0.02,0.02,0.02
6.71,f27c2278f5bdb77b,49.9980379658757,49.9973989152917,49.9979897689593,49.9977481813839,-0.00196203412425433,-0.00260108470827447,-0.00201023104070686,-0.00225181861605961,0.02,0.02,0.02,0.02
6.715,f27c2278f5bdb77b,49.9980362818606,49.9973966196649,49.9979881805208,49.9977464271533,-0.00196371813943585,-0.00260338033508134,-0.0020118194792218,-0.0022535728467048,0.02,0.02,0.02,0.02
6.72,f27c2278f5bdb77b,49.9980346281963,49.9973943615208,49.9979866185534,49.9977447017658,-0.00196537180374179,-0.00260563847923834,-0.0020133814465737,-0.00225529823418924,0.02,0.02,0.02,0.02
6.725,f27c2278f5bdb77b,49.9980330047322,49.9973921406788,49.9979850829209,49.9977430050775,-0.00196699526776456,-0.00260785932122332,-0.00201491707907309,-0.00225699492249021,0.02,0.02,0.02,0.02
6.73,f27c2278f5bdb77b,49.9980314113194,49.9973899569602,49.9979835734882,49.9977413369458,-0.00196858868063998,-0.00261004303980172,-0.00201642651177991,-0.00225866305421363,0.02,0.02,0.02,0.02
6.735,f27c2278f5bdb77b,49.9980298478099,49.997387810188,49.9979820901215,49.9977396972294,-0.001970152190097,-0.00261218981204081,-0.00201790987846806,-0.00226030277063671,0.02,0.02,0.02,0.02
6.74,f27c2278f5bdb77b,49.9980283140576,49.9973857001867,49.9979806326883,49.9977380857883,-0.00197168594242925,-0.00261429981332384,-0.00201936731167507,-0.00226191421170086,0.02,0.02,0.02,0.02
6.745,f27c2278f5bdb77b,49.9980268099174,49.9973836267826,49.9979792010573,49.997736502484,-0.00197319008255903,-0.00261637321739272,-0.00202079894267371,-0.00226349751603294,0.02,0.02,0.02,0.02
6.75,f27c2278f5bdb77b,49.998025335246,49.9973815898037,49.9979777950985,49.9977349471791,-0.00197466475403019,-0.0026184101963409,-0.00202220490152882,-0.00226505282094536,0.02,0.02,0.02,0.02
6.755,f27c2278f5bdb77b,49.998023889901,49.9973795890794,49.9979764146829,49.9977334197375,-0.00197611009901522,-0.0026204109206418,-0.00202358531709024,-0.00226658026247861,0.02,0.02,0.02,0.02
6.76,f27c2278f5bdb77b,49.9980224737416,49.9973776244408,49.997975059683,49.9977319200246,-0.001977526258365,-0.00262237555918432,-0.00202494031699274,-0.00226807997535872,0.02,0.02,0.02,0.02
6.765,f27c2278f5bdb77b,49.9980210866284,49.9973756957207,49.9979737299723,49.9977304479069,-0.00197891337159462,-0.00262430427926574,-0.00202627002768452,-0.00226955209308244,0.02,0.02,0.02,0.02
6.77,f27c2278f5bdb77b,49.9980197284231,49.9973738027534,49.9979724254256,49.9977290032521,-0.00198027157693303,-0.00262619724662017,-0.00202757457444136,-0.00227099674786757,0.02,0.02,0.02,0.02
6.775,f27c2278f5bdb77b,49.9980183989887,49.9973719453745,49.9979711459186,49.9977275859293,-0.00198160101129474,-0.00262805462545401,-0.00202885408137377,-0.00227241407070267,0.02,0.02,0.02,0.02
6.78,f27c2278f5bdb77b,49.9980170981897,49.9973701234216,49.9979698913286,49.9977261958087,-0.00198290181033656,-0.00262987657842473,-0.00203010867142694,-0.00227380419132572,0.02,0.02,0.02,0.02
6.785,f27c2278f5bdb77b,49.9980158258916,49.9973683367333,49.9979686615336,49.9977248327617,-0.00198417410843632,-0.00263166326671183,-0.00203133846640924,-0.00227516723829524,0.02,0.02,0.02,0.02
6.79,f27c2278f5bdb77b,49.9980145819613,49.99736658515,49.997967456413,49.9977234966611,-0.00198541803873553,-0.00263341484996715,-0.00203254358700633,-0.00227650333894047,0.02,0.02,0.02,0.02
6.795,f27c2278f5bdb77b,49.9980133662669,49.9973648685136,49.9979662758472,49.9977221873806,-0.00198663373313934,-0.00263513148640016,-0.00203372415278125,-0.00227781261940407,0.02,0.02,0.02,0.02
6.8,f27c2278f5bdb77b,49.9980121786777,49.9973631866673,49.9979651197178,49.9977209047953,-0.00198782132233077,-0.00263681333274235,-0.00203488028219567,-0.00227909520467051,0.02,0.02,0.02,0.02
6.805,f27c2278f5bdb77b,49.9980110190642,49.9973615394557,49.9979639879074,49.9977196487814,-0.00198898093579203,-0.00263846054428285,-0.00203601209262416,-0.00228035121855186,0.02,0.02,0.02,0.02
6.81,f27c2278f5bdb77b,49.9980098872982,49.9973599267251,49.9979628802996,49.9977184192163,-0.00199011270179739,-0.00264007327489679,-0.00203711970035414,-0.00228158078371621,0.02,0.02,0.02,0.02
6.815,f27c2278f5bdb77b,49.9980087832526,49.997358348323,49.9979617967794,49.9977172159783,-0.00199121674744163,-0.00264165167703823,-0.00203820322060011,-0.00228278402169479,0.02,0.02,0.02,0.02
6.82,f27c2278f5bdb77b,49.9980077068014,49.9973568040982,49.9979607372325,49.9977160389471,-0.00199229319864003,-0.00264319590175432,-0.00203926276754629,-0.00228396105290329,0.02,0.02,0.02,0.02
6.825,f27c2278f5bdb77b,49.9980066578199,49.9973552939013,49.9979597015457,49.9977148880033,-0.00199334218014258,-0.00264470609872802,-0.00204029845430398,-0.00228511199666315,0.02,0.02,0.02,0.02
6.83,f27c2278f5bdb77b,49.9980056361844,49.9973538175837,49.997958689607,49.9977137630288,-0.00199436381556239,-0.00264618241625669,-0.00204131039298261,-0.00228623697119446,0.02,0.02,0.02,0.02
6.835,f27c2278f5bdb77b,49.9980046417727,49.9973523749987,49.9979577013053,49.9977126639064,-0.00199535822734731,-0.002647625001309,-0.00204229869465422,-0.0022873360936444,0.02,0.02,0.02,0.02
6.84,f27c2278f5bdb77b,49.9980036744632,49.9973509660005,49.9979567365306,49.9977115905199,-0.0019963255368296,-0.00264903399948224,-0.00204326346939609,-0.00228840948010145,0.02,0.02,0.02,0.02
6.845,f27c2278f5bdb77b,49.9980027341358,49.9973495904449,49.9979557951737,49.9977105427544,-0.00199726586421178,-0.00265040955507345,-0.00204420482628365,-0.00228945724559537,0.02,0.02,0.02,0.02
6.85,f27c2278f5bdb77b,49.9980018206714,49.9973482481889,49.9979548771266,49.9977095204959,-0.00199817932858792,-0.00265175181105803,-0.00204512287341885,-0.00229047950413275,0.02,0.02,0.02,0.02
6.855,f27c2278f5bdb77b,49.9980009339521,49.9973469390909,49.9979539822821,49.9977085236313,-0.00199906604794364,-0.00265306090911821,-0.00204601771791602,-0.00229147636869698,0.02,0.02,0.02,0.02
6.86,f27c2278f5bdb77b,49.9980000738608,49.9973456630104,49.997953110534,49.9977075520487,-0.00199992613917743,-0.00265433698964301,-0.00204688946595866,-0.00229244795125538,0.02,0.02,0.02,0.02
6.865,f27c2278f5bdb77b,49.9979992402819,49.9973444198082,49.9979522617773,49.9977066056372,-0.00200075971811486,-0.00265558019175671,-0.00204773822274262,-0.00229339436278053,0.02,0.02,0.02,0.02
6.87,f27c2278f5bdb77b,49.9979984331005,49.9973432093467,49.9979514359074,49.9977056842867,-0.00200156689949438,-0.00265679065333302,-0.00204856409256848,-0.00229431571327154,0.02,0.02,0.02,0.02
6.875,f27c2278f5bdb77b,49.997997652203,49.997342031489,49.9979506328212,49.9977047878883,-0.00200234779701702,-0.0026579685110022,-0.00204936717877757,-0.00229521211173989,0.02,0.02,0.02,0.02
6.88,f27c2278f5bdb77b,49.9979968974767,49.9973408860998,49.9979498524162,49.9977039163338,-0.00200310252331803,-0.00265911390016527,-0.00205014758380173,-0.0022960836662449,0.02,0.02,0.02,0.02
6.885,f27c2278f5bdb77b,49.99799616881,49.997339773045,49.9979490945908,49.9977030695161,-0.00200383119000236,-0.00266022695499402,-0.00205090540918462,-0.00229693048388668,0.02,0.02,0.02,0.02
6.89,f27c2278f5bdb77b,49.9979954660923,49.9973386921915,49.9979483592445,49.9977022473292,-0.00200453390766597,-0.00266130780849494,-0.0020516407555391,-0.00229775267083454,0.02,0.02,0.02,0.02
6.895,f27c2278f5bdb77b,49.9979947892141,49.9973376434075,49.9979476462774,49.9977014496677,-0.00200521078587457,-0.0026623565924524,-0.00205235372262536,-0.00229855033231985,0.02,0.02,0.02,0.02
6.9,f27c2278f5bdb77b,49.9979941380668,49.9973366265625,49.9979469555907,49.9977006764273,-0.00200586193319907,-0.00266337343749257,-0.00205304440930121,-0.00229932357265739,0.02,0.02,0.02,0.02
6.905,f27c2278f5bdb77b,49.9979935125428,49.9973356415269,49.9979462870864,49.9976999275047,-0.00200648745722987,-0.00266435847309765,-0.00205371291356471,-0.00230007249525244,0.02,0.02,0.02,0.02
6.91,f27c2278f5bdb77b,49.9979929125354,49.9973346881724,49.9979456406674,49.9976992027974,-0.002007087464591,-0.00266531182758456,-0.00205435933255416,-0.00230079720260079,0.02,0.02,0.02,0.02
6.915,f27c2278f5bdb77b,49.9979923379391,49.9973337663718,49.9979450162374,49.9976985022037,-0.00200766206094016,-0.00266623362815466,-0.0020549837625552,-0.00230149779629585,0.02,0.02,0.02,0.02
6.92,f27c2278f5bdb77b,49.997991788649,49.9973328759991,49.997944413701,49.9976978256229,-0.00200821135097584,-0.00266712400087954,-0.00205558629900082,-0.00230217437707125,0.02,0.02,0.02,0.02
6.925,f27c2278f5bdb77b,49.9979912645615,49.9973320169292,49.9979438329635,49.9976971729553,-0.00200873543849411,-0.00266798307075078,-0.00205616703650691,-0.00230282704474405,0.02,0.02,0.02,0.02
6.93,f27c2278f5bdb77b,49.9979907655737,49.9973311890384,49.9979432739311,49.9976965441017,-0.00200923442633894,-0.0026688109616444,-0.00205672606885798,-0.00230345589829994,0.02,0.02,0.02,0.02
6.935,f27c2278f5bdb77b,49.9979902915835,49.9973303922036,49.997942736511,49.9976959389642,-0.00200970841647319,-0.00266960779639192,-0.00205726348900725,-0.00230406103582936,0.02,0.02,0.02,0.02
6.94,f27c2278f5bdb77b,49.99798984249,49.9973296263033,49.9979422206109,49.9976953574454,-0.00201015750995026,-0.00267037369674483,-0.00205777938911211,-0.0023046425545914,0.02,0.02,0.02,0.02
6.945,f27c2278f5bdb77b,49.997989418193,49.9973288912166,49.9979417261395,49.997694799449,-0.00201058180695668,-0.00267110878341015,-0.00205827386051993,-0.00230520055097116,0.02,0.02,0.02,0.02
6.95,f27c2278f5bdb77b,49.9979890185932,49.9973281868239,49.9979412530062,49.9976942648795,-0.002010981406805,-0.00267181317605747,-0.00205874699378938,-0.00230573512053667,0.02,0.02,0.02,0.02
6.955,f27c2278f5bdb77b,49.9979886435921,49.9973275130066,49.9979408011213,49.997693753642,-0.00201135640794803,-0.00267248699335454,-0.00205919887869044,-0.00230624635801746,0.02,0.02,0.02,0.02
6.96,f27c2278f5bdb77b,49.997988293092,49.9973268696471,49.9979403703958,49.9976932656427,-0.00201170690799302,-0.00267313035293881,-0.00205962960421147,-0.00230673435731177,0.02,0.02,0.02,0.02
6.965,f27c2278f5bdb77b,49.9979879669963,49.9973262566285,49.9979399607414,49.9976928007885,-0.0020120330037301,-0.00267374337146009,-0.00206003925857345,-0.00230719921149358,0.02,0.02,0.02,0.02
6.97,f27c2278f5bdb77b,49.9979876652089,49.9973256738354,49.9979395720708,49.9976923589871,-0.00201233479111096,-0.00267432616459473,-0.00206042792924421,-0.0023076410128553,0.02,0.02,0.02,0.02
6.975,f27c2278f5bdb77b,49.9979873876347,49.997325121153,49.9979392042971,49.9976919401471,-0.00201261236529149,-0.00267487884702433,-0.00206079570291706,-0.00230805985287219,0.02,0.02,0.02,0.02
6.98,f27c2278f5bdb77b,49.9979871341794,49.9973245984675,49.9979388573344,49.9976915441778,-0.00201286582060334,-0.00267540153248547,-0.00206114266555346,-0.00230845582221662,0.02,0.02,0.02,0.02
6.985,f27c2278f5bdb77b,49.9979869047494,49.9973241056662,49.9979385310976,49.9976911709892,-0.00201309525061077,-0.00267589433376969,-0.00206146890239012,-0.00230882901079354,0.02,0.02,0.02,0.02
6.99,f27c2278f5bdb77b,49.9979866992519,49.9973236426373,49.9979382255021,49.9976908204923,-0.00201330074807515,-0.00267635736271643,-0.00206177449790346,-0.00230917950774057,0.02,0.02,0.02,0.02
6.995,f27c2278f5bdb77b,49.997986517595,49.9973232092698,49.9979379404641,49.9976904925986,-0.00201348240499755,-0.00267679073024141,-0.00206205953586647,-0.00230950740141367,0.02,0.02,0.02,0.02
7,f27c2278f5bdb77b,49.9979863596874,49.9973228054536,49.9979376759007,49.9976901872206,-0.00201364031260454,-0.00267719454635085,-0.0020623240993487,-0.00230981277942988,0.02,0.02,0.02,0.02
7.005,f27c2278f5bdb77b,49.9979862254386,49.9973224310799,49.9979374317293,49.9976899042713,-0.00201377456135532,-0.00267756892014148,-0.00206256827070916,-0.00231009572865304,0.02,0.02,0.02,0.02
7.01,f27c2278f5bdb77b,49.997986114759,49.9973220860402,49.9979372078684,49.9976896436648,-0.00201388524095591,-0.00267791395979344,-0.00206279213159632,-0.00231035633521515,0.02,0.02,0.02,0.02
7.015,f27c2278f5bdb77b,49.9979860275596,49.9973217702274,49.997937004237,49.9976894053155,-0.00201397244038759,-0.00267822977262,-0.00206299576299784,-0.00231059468452344,0.02,0.02,0.02,0.02
7.02,f27c2278f5bdb77b,49.9979859637521,49.9973214835349,49.9979368207548,49.9976891891387,-0.00201403624785712,-0.00267851646505335,-0.00206317924520505,-0.0023108108612746,0.02,0.02,0.02,0.02
7.025,f27c2278f5bdb77b,49.9979859232491,49.9973212258574,49.9979366573422,49.9976889950505,-0.00201407675085363,-0.00267877414264461,-0.00206334265784136,-0.0023110049494619,0.02,0.02,0.02,0.02
7.03,f27c2278f5bdb77b,49.9979859059639,49.9973209970899,49.9979365139201,49.9976888229676,-0.0020140940361415,-0.00267900291008516,-0.0020634860798836,-0.00231117703236805,0.02,0.02,0.02,0.02
7.035,f27c2278f5bdb77b,49.9979859118102,49.9973207971288,49.9979363904104,49.9976886728074,-0.00201408818975324,-0.00267920287122081,-0.0020636095896478,-0.00231132719262206,0.02,0.02,0.02,0.02
7.04,f27c2278f5bdb77b,49.997985940703,49.9973206258709,49.9979362867352,49.9976885444879,-0.00201405929699661,-0.00267937412905184,-0.00206371326479626,-0.00231145551214951,0.02,0.02,0.02,0.02
7.045,f27c2278f5bdb77b,49.9979859925575,49.9973204832143,49.9979362028176,49.9976884379278,-0.00201400744248303,-0.00267951678574718,-0.00206379718236605,-0.00231156207223648,0.02,0.02,0.02,0.02
7.05,f27c2278f5bdb77b,49.9979860672899,49.9973203690574,49.9979361385812,49.9976883530465,-0.0020139327101063,-0.00267963094263735,-0.0020638614187618,-0.00231164695350117,0.02,0.02,0.02,0.02
7.055,f27c2278f5bdb77b,49.9979861648169,49.9973202832998,49.9979360939502,49.9976882897641,-0.00201383518306386,-0.00267971670024991,-0.00206390604977713,-0.00231171023590804,0.02,0.02,0.02,0.02
7.06,f27c2278f5bdb77b,49.9979862850561,49.9973202258417,49.9979360688494,49.9976882480012,-0.00201371494385683,-0.00267977415829534,-0.00206393115058034,-0.00231175199881051,0.02,0.02,0.02,0.02
7.065,f27c2278f5bdb77b,49.9979864279257,49.9973201965843,49.9979360632043,49.9976882276791,-0.00201357207429709,-0.0026798034156883,-0.0020639367957358,-0.00231177232090829,0.02,0.02,0.02,0.02
7.07,f27c2278f5bdb77b,49.9979865933445,49.9973201954294,49.9979360769408,49.9976882287197,-0.00201340665552152,-0.00267980457055472,-0.0020639230592181,-0.00231177128030424,0.02,0.02,0.02,0.02
7.075,f27c2278f5bdb77b,49.997986781232,49.9973202222798,49.9979361099856,49.9976882510455,-0.00201321876798488,-0.00267977772023187,-0.0020638900144121,-0.00231174895446173,0.02,0.02,0.02,0.02
7.08,f27c2278f5bdb77b,49.9979869915085,49.9973202770387,49.9979361622659,49.9976882945797,-0.00201300849148822,-0.0026797229612896,-0.00206383773410579,-0.0023117054202757,0.02,0.02,0.02,0.02
7.085,f27c2278f5bdb77b,49.9979872240948,49.9973203596105,49.9979362337095,49.997688359246,-0.00201277590516469,-0.0026796403895375,-0.00206376629052585,-0.00231164075400159,0.02,0.02,0.02,0.02
7.09,f27c2278f5bdb77b,49.9979874789125,49.9973204699,49.9979363242447,49.9976884449687,-0.00201252108750083,-0.00267953010002486,-0.00206367575530919,-0.00231155503133351,0.02,0.02,0.02,0.02
7.095,f27c2278f5bdb77b,49.9979877558837,49.9973206078129,49.9979364338005,49.9976885516726,-0.00201224411634371,-0.00267939218706914,-0.00206356619953851,-0.00231144832737584,0.02,0.02,0.02,0.02
7.1,f27c2278f5bdb77b,49.9979880549311,49.9973207732558,49.9979365623063,49.9976886792834,-0.00201194506890801,-0.0026792267442346,-0.00206343769374229,-0.00231132071663609,0.02,0.02,0.02,0.02
7.105,f27c2278f5bdb77b,49.9979883759782,49.9973209661356,49.9979367096921,49.9976888277269,-0.00201162402179023,-0.00267903386438206,-0.00206329030788055,-0.00231117227306044,0.02,0.02,0.02,0.02
7.11,f27c2278f5bdb77b,49.997988718949,49.9973211863604,49.9979368758886,49.99768899693,-0.00201128105096871,-0.00267881363964051,-0.00206312411138754,-0.00231100307003373,0.02,0.02,0.02,0.02
7.115,f27c2278f5bdb77b,49.9979890837682,49.9973214338386,49.9979370608269,49.9976891868196,-0.00201091623181782,-0.00267856616143547,-0.00206293917312195,-0.00231081318035109,0.02,0.02,0.02,0.02
7.12,f27c2278f5bdb77b,49.9979894703609,49.9973217084795,49.9979372644386,49.9976893973237,-0.00201052963912218,-0.00267829152051036,-0.00206273556143799,-0.0023106026762747,0.02,0.02,0.02,0.02
7.125,f27c2278f5bdb77b,49.9979898786529,49.9973220101931,49.9979374866559,49.9976896283705,-0.00201012134709089,-0.00267798980689804,-0.00206251334414276,-0.00231037162949121,0.02,0.02,0.02,0.02
7.13,f27c2278f5bdb77b,49.9979903085707,49.99732233889,49.9979377274115,49.9976898798889,-0.00200969142934326,-0.00267766110997769,-0.00206227258850333,-0.00231012011114018,0.02,0.02,0.02,0.02
7.135,f27c2278f5bdb77b,49.997990760041,49.9973226944815,49.9979379866387,49.9976901518082,-0.00200923995895153,-0.00267730551846057,-0.00206201336128942,-0.00230984819181401,0.02,0.02,0.02,0.02
7.14,f27c2278f5bdb77b,49.9979912329916,49.9973230768796,49.9979382642713,49.9976904440584,-0.00200876700842656,-0.00267692312037582,-0.00206173572874491,-0.00230955594155802,0.02,0.02,0.02,0.02
7.145,f27c2278f5bdb77b,49.9979917273503,49.9973234859969,49.9979385602434,49.9976907565701,-0.00200827264972503,-0.0026765140031344,-0.0020614397565879,-0.0023092434298988,0.02,0.02,0.02,0.02
7.15,f27c2278f5bdb77b,49.9979922430457,49.9973239217465,49.99793887449,49.9976910892742,-0.00200775695429201,-0.00267607825348648,-0.00206112551003912,-0.00230891072579453,0.02,0.02,0.02,0.02
7.155,f27c2278f5bdb77b,49.997992780007,49.9973243840424,49.9979392069462,49.9976914421023,-0.00200721999301834,-0.00267561595756405,-0.0020607930538219,-0.0023085578976989,0.02,0.02,0.02,0.02
7.16,f27c2278f5bdb77b,49.9979933381637,49.9973248727991,49.9979395575478,49.9976918149865,-0.0020066618362975,-0.00267512720086671,-0.00206044245215509,-0.00230818501353269,0.02,0.02,0.02,0.02
7.165,f27c2278f5bdb77b,49.997993917446,49.9973253879317,49.9979399262312,49.9976922078593,-0.00200608255400425,-0.00267461206829012,-0.00206007376877437,-0.00230779214068377,0.02,0.02,0.02,0.02
7.17,f27c2278f5bdb77b,49.9979945177845,49.9973259293559,49.9979403129331,49.997692620654,-0.00200548221550889,-0.00267407064410463,-0.00205968706691095,-0.00230737934604974,0.02,0.02,0.02,0.02
7.175,f27c2278f5bdb77b,49.9979951391103,49.997326496988,49.9979407175907,49.997693053304,-0.00200486088967722,-0.00267350301201219,-0.00205928240933417,-0.0023069466960024,0.02,0.02,0.02,0.02
7.18,f27c2278f5bdb77b,49.9979957813551,49.9973270907449,49.9979411401417,49.9976935057436,-0.00200421864490608,-0.00267290925510366,-0.0020588598583231,-0.00230649425641616,0.02,0.02,0.02,0.02
7.185,f27c2278f5bdb77b,49.9979964444509,49.9973277105441,49.9979415805243,49.9976939779073,-0.00200355554908072,-0.00267228945588727,-0.00205841947570207,-0.00230602209265385,0.02,0.02,0.02,0.02
7.19,f27c2278f5bdb77b,49.9979971283304,49.9973283563037,49.9979420386772,49.9976944697304,-0.00200287166962454,-0.00267164369628858,-0.00205796132281932,-0.00230553026960223,0.02,0.02,0.02,0.02
7.195,f27c2278f5bdb77b,49.9979978329265,49.9973290279423,49.9979425145394,49.9976949811483,-0.00200216707348488,-0.00267097205768607,-0.00205748546056128,-0.002305018851672,0.02,0.02,0.02,0.02
7.2,f27c2278f5bdb77b,49.9979985581729,49.9973297253791,49.9979430080506,49.9976955120972,-0.00200144182712592,-0.00267027462086844,-0.00205699194937381,-0.00230448790276938,0.02,0.02,0.02,0.02
7.205,f27c2278f5bdb77b,49.9979993040035,49.9973304485339,49.9979435191507,49.9976960625136,-0.00200069599654995,-0.00266955146607017,-0.00205648084925514,-0.00230393748636004,0.02,0.02,0.02,0.02
7.21,f27c2278f5bdb77b,49.9980000703527,49.997331197327,49.9979440477803,49.9976966323346,-0.00199992964729745,-0.00266880267299285,-0.00205595221974875,-0.00230336766542649,0.02,0.02,0.02,0.02
7.215,f27c2278f5bdb77b,49.9980008571556,49.9973319716792,49.99794459388,49.9976972214975,-0.00199914284444702,-0.00266802832076962,-0.00205540611997179,-0.0023027785025036,0.02,0.02,0.02,0.02
7.22,f27c2278f5bdb77b,49.9980016643474,49.997332771512,49.9979451573914,49.9976978299403,-0.00199833565260832,-0.00266722848800072,-0.00205484260862931,-0.00230217005968569,0.02,0.02,0.02,0.02
7.225,f27c2278f5bdb77b,49.998002491864,49.9973335967472,49.997945738256,49.9976984576014,-0.00199750813595756,-0.00266640325275347,-0.00205426174397161,-0.00230154239861236,0.02,0.02,0.02,0.02
7.23,f27c2278f5bdb77b,49.9980033396418,49.9973344473074,49.9979463364161,49.9976991044195,-0.0019966603581949,-0.0026655526925552,-0.00205366358386527,-0.00230089558051105,0.02,0.02,0.02,0.02
7.235,f27c2278f5bdb77b,49.9980042076174,49.9973353231156,49.9979469518142,49.9976997703338,-0.00199579238258707,-0.00266467688441452,-0.00205304818575058,-0.00230022966617582,0.02,0.02,0.02,0.02
7.24,f27c2278f5bdb77b,49.9980050957281,49.9973362240952,49.9979475843934,49.997700455284,-0.00199490427193183,-0.00266377590482847,-0.00205241560664859,-0.00229954471597438,0.02,0.02,0.02,0.02
7.245,f27c2278f5bdb77b,49.9980060039114,49.9973371501702,49.9979482340968,49.9977011592101,-0.00199399608860062,-0.00266284982976117,-0.00205176590321798,-0.00229884078986942,0.02,0.02,0.02,0.02
7.25,f27c2278f5bdb77b,49.9980069321055,49.9973381012653,49.9979489008683,49.9977018820526,-0.00199306789451725,-0.00266189873467937,-0.0020510991316911,-0.00229811794743995,0.02,0.02,0.02,0.02
7.255,f27c2278f5bdb77b,49.9980078802488,49.9973390773055,49.9979495846521,49.9977026237522,-0.00199211975116498,-0.00266092269454532,-0.00205041534793082,-0.00229737624783866,0.02,0.02,0.02,0.02
7.26,f27c2278f5bdb77b,49.9980088482804,49.9973400782162,49.9979502853926,49.9977033842502,-0.00199115171959363,-0.0026599217838239,-0.00204971460740921,-0.00229661574984874,0.02,0.02,0.02,0.02
7.265,f27c2278f5bdb77b,49.9980098361396,49.9973411039235,49.9979510030348,49.9977041634881,-0.00199016386041961,-0.00265889607647551,-0.00204899696522887,-0.0022958365118555,0.02,0.02,0.02,0.02
7.27,f27c2278f5bdb77b,49.9980108437662,49.997342154354,49.9979517375239,49.9977049614081,-0.0019891562338259,-0.00265784564599159,-0.00204826247610868,-0.00229503859188185,0.02,0.02,0.02,0.02
7.275,f27c2278f5bdb77b,49.9980118711004,49.9973432294346,49.9979524888056,49.9977057779524,-0.00198812889959044,-0.00265677056537328,-0.00204751119440516,-0.00229422204755991,0.02,0.02,0.02,0.02
7.28,f27c2278f5bdb77b,49.9980129180829,49.9973443290929,49.9979532568259,49.9977066130638,-0.00198708191706487,-0.00265567090714569,-0.00204674317411957,-0.00229338693615233,0.02,0.02,0.02,0.02
7.285,f27c2278f5bdb77b,49.9980139846548,49.9973454532566,49.9979540415311,49.9977074666854,-0.00198601534518161,-0.00265454674337207,-0.00204595846886946,-0.00229253331458068,0.02,0.02,0.02,0.02
7.29,f27c2278f5bdb77b,49.9980150707575,49.9973466018544,49.9979548428681,49.9977083387606,-0.00198492924247518,-0.00265339814563958,-0.00204515713194553,-0.00229166123936864,0.02,0.02,0.02,0.02
7.295,f27c2278f5bdb77b,49.9980161763329,49.9973477748149,49.9979556607837,49.9977092292333,-0.00198382366709637,-0.002652225185102,-0.00204433921626901,-0.00229077076671302,0.02,0.02,0.02,0.02
7.3,f27c2278f5bdb77b,49.9980173013232,49.9973489720676,49.9979564952256,49.9977101380476,-0.00198269867677681,-0.00265102793244409,-0.00204350477441295,-0.00228986195243408,0.02,0.02,0.02,0.02
7.305,f27c2278f5bdb77b,49.9980184456711,49.9973501935421,49.9979573461414,49.997711065148,-0.0019815543288928,-0.00264980645792434,-0.00204265385861646,-0.00228893485201098,0.02,0.02,0.02,0.02
7.31,f27c2278f5bdb77b,49.9980196093196,49.9973514391687,49.9979582134792,49.9977120104794,-0.00198039068041567,-0.00264856083134646,-0.00204178652075626,-0.00228798952056763,0.02,0.02,0.02,0.02
7.315,f27c2278f5bdb77b,49.998020792212,49.9973527088779,49.9979590971876,49.9977129739871,-0.00197920778796856,-0.00264729112210915,-0.00204090281239644,-0.00228702601287978,0.02,0.02,0.02,0.02
7.32,f27c2278f5bdb77b,49.9980219942922,49.9973540026008,49.9979599972152,49.9977139556166,-0.00197800570780515,-0.0026459973991777,-0.00204000278475291,-0.00228604438338209,0.02,0.02,0.02,0.02
7.325,f27c2278f5bdb77b,49.9980232155042,49.9973553202689,49.9979609135113,49.9977149553138,-0.00197678449582384,-0.00264467973109817,-0.00203908648869344,-0.00228504468615398,0.02,0.02,0.02,0.02
7.33,f27c2278f5bdb77b,49.9980244557924,49.997356661814,49.9979618460252,49.9977159730251,-0.00197554420758195,-0.00264333818601159,-0.00203815397478735,-0.0022840269749409,0.02,0.02,0.02,0.02
7.335,f27c2278f5bdb77b,49.9980257151017,49.9973580271683,49.9979627947068,49.9977170086969,-0.00197428489830287,-0.00264197283166823,-0.00203720529324869,-0.00228299130314014,0.02,0.02,0.02,0.02
7.34,f27c2278f5bdb77b,49.9980269933771,49.9973594162646,49.997963759506,49.9977180622762,-0.00197300662285471,-0.00264058373541332,-0.00203624049397888,-0.00228193772382923,0.02,0.02,0.02,0.02
7.345,f27c2278f5bdb77b,49.9980282905642,49.9973608290358,49.9979647403734,49.9977191337103,-0.00197170943581426,-0.0026391709642013,-0.0020352596265667,-0.00228086628972335,0.02,0.02,0.02,0.02
7.35,f27c2278f5bdb77b,49.9980296066086,49.9973622654154,49.9979657372597,49.9977202229468,-0.00197039339142435,-0.00263773458461714,-0.00203426274027407,-0.00227977705322502,0.02,0.02,0.02,0.02
7.355,f27c2278f5bdb77b,49.9980309414564,49.9973637253371,49.997966750116,49.9977213299336,-0.00196905854360807,-0.00263627466286209,-0.00203324988404319,-0.00227867006638149,0.02,0.02,0.02,0.02
7.36,f27c2278f5bdb77b,49.998032295054,49.9973652087352,49.9979677788935,49.9977224546191,-0.00196770494599718,-0.00263479126476085,-0.00203222110651069,-0.0022775453809416,0.02,0.02,0.02,0.02
7.365,f27c2278f5bdb77b,49.9980336673481,49.9973667155442,49.997968823544,49.9977235969517,-0.00196633265191792,-0.00263328445578281,-0.0020311764560077,-0.0022764030482989,0.02,0.02,0.02,0.02
7.37,f27c2278f5bdb77b,49.9980350582856,49.997368245699,49.9979698840194,49.9977247568805,-0.0019649417144052,-0.00263175430103502,-0.0020301159805598,-0.00227524311954141,0.02,0.02,0.02,0.02
7.375,f27c2278f5bdb77b,49.9980364678138,49.9973697991347,49.9979709602721,49.9977259343546,-0.00196353218619549,-0.00263020086526922,-0.00202903972787993,-0.00227406564543742,0.02,0.02,0.02,0.02
7.38,f27c2278f5bdb77b,49.9980378958803,49.9973713757871,49.9979720522546,49.9977271293236,-0.00196210411974107,-0.0026286242128819,-0.00202794774539683,-0.00227287067644255,0.02,0.02,0.02,0.02
7.385,f27c2278f5bdb77b,49.9980393424328,49.9973729755921,49.9979731599198,49.9977283417373,-0.00196065756720998,-0.00262702440794271,-0.00202684008024079,-0.00227165826268561,0.02,0.02,0.02,0.02
7.39,f27c2278f5bdb77b,49.9980408074195,49.9973745984859,49.9979742832207,49.997729571546,-0.00195919258048605,-0.0026254015141447,-0.00202571677925789,-0.00227042845401115,0.02,0.02,0.02,0.02
7.395,f27c2278f5bdb77b,49.9980422907888,49.9973762444051,49.997975422111,49.9977308187,-0.001957709211176,-0.00262375559488248,-0.0020245778890029,-0.00226918129995823,0.02,0.02,0.02,0.02
7.4,f27c2278f5bdb77b,49.9980437924894,49.9973779132868,49.9979765765442,49.9977320831502,-0.00195620751060233,-0.00262208671318831,-0.00202342345575346,-0.00226791684976746,0.02,0.02,0.02,0.02
7.405,f27c2278f5bdb77b,49.9980453124702,49.9973796050682,49.9979777464745,49.9977333648476,-0.00195468752982464,-0.00262039493176758,-0.002022253525503,-0.00226663515238812,0.02,0.02,0.02,0.02
7.41,f27c2278f5bdb77b,49.9980468506804,49.997381319687,49.997978931856,49.9977346637435,-0.00195314931961121,-0.00261868031301304,-0.00202106814398206,-0.00226533625649949,0.02,0.02,0.02,0.02
7.415,f27c2278f5bdb77b,49.9980484070695,49.997383057081,49.9979801326433,49.9977359797895,-0.00195159293046032,-0.00261694291897641,-0.00201986735665827,-0.00226402021049665,0.02,0.02,0.02,0.02
7.42,f27c2278f5bdb77b,49.9980499815874,49.9973848171886,49.9979813487913,49.9977373129375,-0.00195001841259312,-0.00261518281140383,-0.00201865120870792,-0.00226268706249755,0.02,0.02,0.02,0.02
7.425,f27c2278f5bdb77b,49.998051574184,49.9973865999483,49.9979825802549,49.9977386631396,-0.00194842581596077,-0.0026134000516933,-0.00201741974509417,-0.00226133686036434,0.02,0.02,0.02,0.02
7.43,f27c2278f5bdb77b,49.9980531848098,49.997388405299,49.9979838269895,49.9977400303483,-0.00194681519023021,-0.00261159470096572,-0.00201617301048174,-0.00225996965169628,0.02,0.02,0.02,0.02
7.435,f27c2278f5bdb77b,49.9980548134152,49.99739023318,49.9979850889507,49.9977414145162,-0.00194518658480547,-0.00260976682000091,-0.00201491104930795,-0.00225858548383684,0.02,0.02,0.02,0.02
7.44,f27c2278f5bdb77b,49.9980564599512,49.9973920835307,49.9979863660942,49.9977428155961,-0.00194354004881347,-0.00260791646928027,-0.00201363390576859,-0.002257184403895,0.02,0.02,0.02,0.02
7.445,f27c2278f5bdb77b,49.9980581243689,49.997393956291,49.9979876583762,49.9977442335413,-0.00194187563110404,-0.00260604370897966,-0.00201234162380359,-0.00225576645872394,0.02,0.02,0.02,0.02
7.45,f27c2278f5bdb77b,49.9980598066197,49.997395851401,49.9979889657529,49.9977456683051,-0.00194019338026408,-0.00260414859895519,-0.00201103424711846,-0.00225433169494238,0.02,0.02,0.02,0.02
7.455,f27c2278f5bdb77b,49.9980615066554,49.9973977688012,49.9979902881808,49.9977471198411,-0.00193849334460339,-0.00260223119878589,-0.0020097118191984,-0.00225288015894165,0.02,0.02,0.02,0.02
7.46,f27c2278f5bdb77b,49.9980632244278,49.9973997084323,49.9979916256167,49.9977485881031,-0.00193677557217597,-0.00260029156774522,-0.00200837438327284,-0.00225141189687861,0.02,0.02,0.02,0.02
7.465,f27c2278f5bdb77b,49.9980649598892,49.9974016702352,49.9979929780176,49.9977500730453,-0.00193504011075163,-0.00259832976479402,-0.00200702198236513,-0.00224992695468984,0.02,0.02,0.02,0.02
7.47,f27c2278f5bdb77b,49.9980667129921,49.9974036541514,49.9979943453407,49.9977515746219,-0.00193328700785855,-0.00259634584863022,-0.00200565465927127,-0.00224842537809877,0.02,0.02,0.02,0.02
7.475,f27c2278f5bdb77b,49.9980684836893,49.9974056601223,49.9979957275434,49.9977530927874,-0.00193151631074784,-0.00259433987765334,-0.00200427245655987,-0.00224690721259435,0.02,0.02,0.02,0.02
7.48,f27c2278f5bdb77b,49.9980702719336,49.99740768809,49.9979971245834,49.9977546274965,-0.00192972806642899,-0.00259231190998577,-0.00200287541657929,-0.00224537250347367,0.02,0.02,0.02,0.02
7.485,f27c2278f5bdb77b,49.9980720776783,49.9974097379965,49.9979985364185,49.9977561787042,-0.00192792232165573,-0.00259026200347279,-0.0020014635814789,-0.00224382129578515,0.02,0.02,0.02,0.02
7.49,f27c2278f5bdb77b,49.9980739008771,49.9974118097843,49.9979999630068,49.9977577463656,-0.00192609912293307,-0.00258819021567547,-0.00200003699316653,-0.00224225363441377,0.02,0.02,0.02,0.02
7.495,f27c2278f5bdb77b,49.9980757414835,49.9974139033961,49.9980014043066,49.997759330436,-0.00192425851653155,-0.00258609660389197,-0.00199859569336525,-0.00224066956399582,0.02,0.02,0.02,0.02
7.5,f27c2278f5bdb77b,49.9980775994515,49.9974160187748,49.9980028602764,49.997760930871,-0.00192240054848725,-0.00258398122517889,-0.00199713972357785,-0.00223906912896865,0.02,0.02,0.02,0.02
7.505,f27c2278f5bdb77b,49.9980794747354,49.9974181558637,49.9980043308749,49.9977625476264,-0.00192052526459463,-0.00258184413630147,-0.00199566912509397,-0.00223745237358486,0.02,0.02,0.02,0.02
7.51,f27c2278f5bdb77b,49.9980813672896,49.9974203146062,49.998005816061,49.9977641806581,-0.00191863271044923,-0.0025796853937905,-0.0019941839390043,-0.00223581934185546,0.02,0.02,0.02,0.02
7.515,f27c2278f5bdb77b,49.9980832770686,49.9974224949461,49.9980073157938,49.9977658299224,-0.0019167229314121,-0.00257750505392806,-0.00199268420619347,-0.00223417007759963,0.02,0.02,0.02,0.02
7.52,f27c2278f5bdb77b,49.9980852040274,49.9974246968273,49.9980088300327,49.9977674953756,-0.00191479597263822,-0.00257530317274046,-0.00199116996733295,-0.00223250462444469,0.02,0.02,0.02,0.02
7.525,f27c2278f5bdb77b,49.9980871481209,49.997426920194,49.9980103587371,49.9977691769742,-0.00191285187906942,-0.00257307980603372,-0.00198964126291656,-0.00223082302579058,0.02,0.02,0.02,0.02
7.53,f27c2278f5bdb77b,49.9980891093045,49.9974291649906,49.9980119018668,49.9977708746752,-0.00191089069547701,-0.00257083500937227,-0.00198809813321787,-0.00222912532483122,0.02,0.02,0.02,0.02
7.535,f27c2278f5bdb77b,49.9980910875336,49.9974314311619,49.9980134593817,49.9977725884354,-0.001908912466412,-0.00256856883807899,-0.00198654061831149,-0.00222741156457573,0.02,0.02,0.02,0.02
7.54,f27c2278f5bdb77b,49.9980930827637,49.9974337186527,49.9980150312419,49.9977743182122,-0.00190691723626202,-0.00256628134727777,-0.00198496875808729,-0.00222568178779881,0.02,0.02,0.02,0.02
7.545,f27c2278f5bdb77b,49.9980950949508,49.9974360274081,49.9980166174078,49.9977760639629,-0.0019049050492157,-0.00256397259185803,-0.00198338259222908,-0.00222393603709747,0.02,0.02,0.02,0.02
7.55,f27c2278f5bdb77b,49.9980971240507,49.9974383573735,49.9980182178398,49.9977778256452,-0.00190287594929117,-0.00256164262649605,-0.00198178216023592,-0.00222217435484851,0.02,0.02,0.02,0.02
7.555,f27c2278f5bdb77b,49.9980991700196,49.9974407084943,49.9980198324986,49.9977796032168,-0.00190082998035734,-0.00255929150565493,-0.00198016750140084,-0.00222039678322972,0.02,0.02,0.02,0.02
7.56,f27c2278f5bdb77b,49.9981012328139,49.9974430807164,49.9980214613452,49.9977813966358,-0.00189876718608417,-0.0025569192835988,-0.00197853865484632,-0.00221860336421997,0.02,0.02,0.02,0.02
7.565,f27c2278f5bdb77b,49.99810331239,49.9974454739856,49.9980231043405,49.9977832058604,-0.00189668761000661,-0.00255452601437867,-0.00197689565948878,-0.00221679413959919,0.02,0.02,0.02,0.02
7.57,f27c2278f5bdb77b,49.9981054087045,49.9974478882482,49.9980247614459,49.9977850308491,-0.00189459129547487,-0.00255211175184655,-0.00197523855407411,-0.00221496915094832,0.02,0.02,0.02,0.02
7.575,f27c2278f5bdb77b,49.9981075217143,49.9974503234503,49.9980264326228,49.9977868715603,-0.00189247828569705,-0.00254967654966265,-0.00197356737715637,-0.00221312843965649,0.02,0.02,0.02,0.02
7.58,f27c2278f5bdb77b,49.9981096513763,49.9974527795387,49.9980281178329,49.9977887279531,-0.00189034862373205,-0.0025472204612953,-0.00197188216711908,-0.00221127204692095,0.02,0.02,0.02,0.02
7.585,f27c2278f5bdb77b,49.9981117976475,49.99745525646,49.9980298170379,49.9977905999863,-0.00188820235246112,-0.00254474354000678,-0.00197018296214679,-0.00220940001374714,0.02,0.02,0.02,0.02
7.59,f27c2278f5bdb77b,49.9981139604854,49.9974577541611,49.9980315301997,49.997792487619,-0.00188603951463051,-0.00254224583888174,-0.00196846980027487,-0.00220751238097705,0.02,0.02,0.02,0.02
7.595,f27c2278f5bdb77b,49.9981161398472,49.9974602725892,49.9980332572806,49.9977943908108,-0.00188386015283015,-0.00253972741080588,-0.00196674271935393,-0.00220560918924662,0.02,0.02,0.02,0.02
7.6,f27c2278f5bdb77b,49.9981183356905,49.9974628116915,49.9980349982429,49.997796309521,-0.00188166430948655,-0.00253718830849436,-0.00196500175707826,-0.00220369047904256,0.02,0.02,0.02,0.02
7.605,f27c2278f5bdb77b,49.9981205479731,49.9974653714155,49.998036753049,49.9977982437093,-0.0018794520268699,-0.00253462858446341,-0.0019632469509574,-0.00220175629065267,0.02,0.02,0.02,0.02
7.61,f27c2278f5bdb77b,49.9981227766529,49.9974679517089,49.9980385216616,49.9978001933358,-0.00187722334712248,-0.00253204829105158,-0.00196147833836591,-0.0021998066642297,0.02,0.02,0.02,0.02
7.615,f27c2278f5bdb77b,49.9981250216878,49.9974705525196,49.9980403040435,49.9978021583603,-0.00187497831218764,-0.00252944748040562,-0.00195969595648648,-0.00219784163974168,0.02,0.02,0.02,0.02
7.62,f27c2278f5bdb77b,49.9981272830361,49.9974731737955,49.9980421001576,49.997804138743,-0.00187271696388791,-0.00252682620450884,-0.00195789984238814,-0.00219586125702875,0.02,0.02,0.02,0.02
7.625,f27c2278f5bdb77b,49.9981295606561,49.9974758154848,49.998043909967,49.9978061344442,-0.00187043934386111,-0.00252418451515979,-0.00195609003295516,-0.0021938655557534,0.02,0.02,0.02,0.02
7.63,f27c2278f5bdb77b,49.9981318545064,49.997478477536,49.9980457334351,49.9978081454246,-0.00186814549361003,-0.0025215224639652,-0.00195426656494391,-0.00219185457544313,0.02,0.02,0.02,0.02
7.635,f27c2278f5bdb77b,49.9981341645456,49.9974811598976,49.998047570525,49.9978101716445,-0.00186583545444563,-0.00251884010236836,-0.00195242947495444,-0.00218982835549753,0.02,0.02,0.02,0.02
7.64,f27c2278f5bdb77b,49.9981364907325,49.9974838625184,49.9980494212005,49.9978122130648,-0.00186350926754386,-0.00251613748163493,-0.00195057879945182,-0.00218778693515986,0.02,0.02,0.02,0.02
7.645,f27c2278f5bdb77b,49.9981388330261,49.9974865853471,49.9980512854252,49.9978142696464,-0.00186116697391014,-0.00251341465285293,-0.00194871457476609,-0.00218573035355973,0.02,0.02,0.02,0.02
7.65,f27c2278f5bdb77b,49.9981411913856,49.9974893283331,49.9980531631629,49.9978163413503,-0.00185880861438648,-0.00251067166693275,-0.00194683683708519,-0.00218365864968462,0.02,0.02,0.02,0.02
7.655,f27c2278f5bdb77b,49.9981435657703,49.9974920914254,49.9980550543775,49.9978184281376,-0.00185643422965143,-0.00250790857463556,-0.00194494562246206,-0.0021815718624012,0.02,0.02,0.02,0.02
7.66,f27c2278f5bdb77b,49.9981459561398,49.9974948745735,49.9980569590332,49.9978205299695,-0.00185404386022725,-0.00250512542652359,-0.00194304096682174,-0.00217947003045538,0.02,0.02,0.02,0.02
7.665,f27c2278f5bdb77b,49.9981483624535,49.997497677727,49.998058877094,49.9978226468075,-0.00185163754647277,-0.00250232227302405,-0.00194112290596848,-0.00217735319248646,0.02,0.02,0.02,0.02
7.67,f27c2278f5bdb77b,49.9981507846714,49.9975005008356,49.9980608085244,49.997824778613,-0.00184921532860471,-0.00249949916437231,-0.00193919147557153,-0.00217522138699167,0.02,0.02,0.02,0.02
7.675,f27c2278f5bdb77b,49.9981532227533,49.9975033438493,49.9980627532888,49.9978269253476,-0.00184677724666216,-0.00249665615065453,-0.00193724671117934,-0.00217307465236871,0.02,0.02,0.02,0.02
7.68,f27c2278f5bdb77b,49.9981556766595,49.9975062067182,49.9980647113518,49.9978290869731,-0.00184432334054918,-0.00249379328181476,-0.00193528864820536,-0.00217091302690875,0.02,0.02,0.02,0.02
7.685,f27c2278f5bdb77b,49.99815814635,49.9975090893924,49.998066682678,49.9978312634512,-0.00184185365002065,-0.00249091060761231,-0.00193331732196356,-0.00216873654876792,0.02,0.02,0.02,0.02
7.69,f27c2278f5bdb77b,49.9981606317853,49.9975119918223,49.9980686672324,49.997833454744,-0.00183936821468222,-0.00248800817767147,-0.00193133276763291,-0.00216654525600291,0.02,0.02,0.02,0.02
7.695,f27c2278f5bdb77b,49.998163132926,49.9975149139585,49.9980706649797,49.9978356608134,-0.00183686707401876,-0.00248508604146735,-0.00192933502026449,-0.00216433918656378,0.02,0.02,0.02,0.02
7.7,f27c2278f5bdb77b,49.9981656497326,49.9975178557517,49.9980726758852,49.9978378816217,-0.00183435026735168,-0.00248214424833293,-0.00192732411480989,-0.00216211837826563,0.02,0.02,0.02,0.02
7.705,f27c2278f5bdb77b,49.9981681821661,49.9975208171525,49.9980746999139,49.9978401171312,-0.00183181783391007,-0.00247918284745197,-0.00192530008609282,-0.00215988286883118,0.02,0.02,0.02,0.02
7.71,f27c2278f5bdb77b,49.9981707301872,49.9975237981121,49.9980767370312,49.9978423673042,-0.00182926981275955,-0.00247620188788034,-0.00192326296880907,-0.00215763269584812,0.02,0.02,0.02,0.02
7.715,f27c2278f5bdb77b,49.9981732937571,49.9975267985815,49.9980787872024,49.9978446321032,-0.00182670624288761,-0.0024732014185318,-0.00192121279755497,-0.00215536789681181,0.02,0.02,0.02,0.02
7.72,f27c2278f5bdb77b,49.9981758728369,49.9975298185118,49.9980808503932,49.9978469114909,-0.00182412716313962,-0.00247018148819933,-0.00191914960679895,-0.00215308850908258,0.02,0.02,0.02,0.02
7.725,f27c2278f5bdb77b,49.9981784673877,49.9975328578545,49.9980829265691,49.9978492054301,-0.00182153261227569,-0.00246714214554089,-0.00191707343089575,-0.00215079456991418,0.02,0.02,0.02,0.02
7.73,f27c2278f5bdb77b,49.9981810773711,49.9975359165609,49.9980850156959,49.9978515138836,-0.00181892262894223,-0.00246408343910787,-0.00191498430408643,-0.00214848611641827,0.02,0.02,0.02,0.02
7.735,f27c2278f5bdb77b,49.9981837027483,49.9975389945827,49.9980871177395,49.9978538368144,-0.00181629725170041,-0.00246100541731664,-0.00191288226049124,-0.00214616318562832,0.02,0.02,0.02,0.02
7.74,f27c2278f5bdb77b,49.998186343481,49.9975420918715,49.9980892326659,49.9978561741856,-0.00181365651900478,-0.00245790812848412,-0.00191076733411677,-0.00214382581441441,0.02,0.02,0.02,0.02
7.745,f27c2278f5bdb77b,49.9981889995308,49.9975452083792,49.9980913604411,49.9978585259604,-0.00181100046923888,-0.00245479162079931,-0.001908639558863,-0.00214147403955423,0.02,0.02,0.02,0.02
7.75,f27c2278f5bdb77b,49.9981916708593,49.9975483440576,49.9980935010315,49.9978608921023,-0.00180832914070095,-0.00245165594235175,-0.00190649896851625,-0.00213910789769756,0.02,0.02,0.02,0.02
7.755,f27c2278f5bdb77b,49.9981943574284,49.9975514988589,49.9980956544033,49.9978632725746,-0.00180564257159688,-0.00244850114113149,-0.00190434559673491,-0.00213672742537341,0.02,0.02,0.02,0.02
7.76,f27c2278f5bdb77b,49.9981970591999,49.997554672735,49.9980978205229,49.997865667341,-0.00180294080006149,-0.00244532726500779,-0.00190217947707794,-0.00213433265898999,0.02,0.02,0.02,0.02
7.765,f27c2278f5bdb77b,49.9981997761358,49.9975578656382,49.998099999357,49.9978680763652,-0.00180022386417278,-0.00244213436177176,-0.00190000064300477,-0.00213192363484183,0.02,0.02,0.02,0.02
7.77,f27c2278f5bdb77b,49.9982025081981,49.9975610775209,49.9981021908722,49.9978704996109,-0.00179749180190925,-0.00243892247908661,-0.00189780912784698,-0.00212950038910975,0.02,0.02,0.02,0.02
7.775,f27c2278f5bdb77b,49.9982052553488,49.9975643083354,49.9981043950351,49.9978729370421,-0.00179474465119256,-0.0024356916645516,-0.00189560496485086,-0.00212706295786091,0.02,0.02,0.02,0.02
7.78,f27c2278f5bdb77b,49.9982080175501,49.9975675580344,49.9981066118129,49.997875388623,-0.00179198244987333,-0.00243244196563808,-0.00189338818714191,-0.00212461137703457,0.02,0.02,0.02,0.02
7.785,f27c2278f5bdb77b,49.9982107947643,49.9975708265703,49.9981088411723,49.9978778543175,-0.00178920523571691,-0.00242917342973925,-0.00189115882774615,-0.0021221456824847,0.02,0.02,0.02,0.02
7.79,f27c2278f5bdb77b,49.9982135869536,49.9975741138959,49.9981110830804,49.99788033409,-0.00178641304643179,-0.00242588610414884,-0.00188891691960436,-0.00211966590995871,0.02,0.02,0.02,0.02
7.795,f27c2278f5bdb77b,49.9982163940804,49.9975774199639,49.9981133375045,49.9978828279049,-0.00178360591963411,-0.00242258003606821,-0.00188666249554359,-0.00211717209508322,0.02,0.02,0.02,0.02
7.8,f27c2278f5bdb77b,49.9982192161071,49.9975807447274,49.9981156044117,49.9978853357266,-0.00178078389289027,-0.00241925527261344,-0.00188439558830567,-0.00211466427341378,0.02,0.02,0.02,0.02
7.805,f27c2278f5bdb77b,49.9982220529963,49.9975840881392,49.9981178837695,49.9978878575196,-0.00177794700367429,-0.00241591186078693,-0.00188211623054002,-0.00211214248039227,0.02,0.02,0.02,0.02
7.81,f27c2278f5bdb77b,49.9982249047106,49.9975874501525,49.9981201755452,49.9978903932486,-0.00177509528936071,-0.00241254984751293,-0.00187982445481083,-0.00210960675138239,0.02,0.02,0.02,0.02
7.815,f27c2278f5bdb77b,49.9982277712127,49.9975908307204,49.9981224797064,49.9978929428783,-0.00177222878728145,-0.00240916927962331,-0.00187752029357569,-0.00210705712166259,0.02,0.02,0.02,0.02
7.82,f27c2278f5bdb77b,49.9982306524653,49.9975942297961,49.9981247962208,49.9978955063736,-0.00176934753466185,-0.00240577020385047,-0.00187520377923533,-0.00210449362643317,0.02,0.02,0.02,0.02
7.825,f27c2278f5bdb77b,49.9982335484314,49.9975976473332,49.9981271250559,49.9978980836992,-0.00176645156863486,-0.00240235266684152,-0.00187287494409816,-0.00210191630080914,0.02,0.02,0.02,0.02
7.83,f27c2278f5bdb77b,49.9982364590738,49.9976010832849,49.9981294661796,49.9979006748201,-0.0017635409262482,-0.00239891671513703,-0.00187053382038727,-0.00209932517985578,0.02,0.02,0.02,0.02
7.835,f27c2278f5bdb77b,49.9982393843555,49.9976045376048,49.9981318195597,49.9979032797015,-0.0017606156444856,-0.00239546239520649,-0.00186818044026893,-0.00209672029854602,0.02,0.02,0.02,0.02
7.84,f27c2278f5bdb77b,49.9982423242398,49.9976080102466,49.9981341851642,49.9979058983082,-0.00175767576019581,-0.00239198975340571,-0.00186581483581705,-0.00209410169181012,0.02,0.02,0.02,0.02
7.845,f27c2278f5bdb77b,49.9982452786898,49.997611501164,49.998136562961,49.9979085306055,-0.00175472131016363,-0.00238849883601233,-0.00186343703903447,-0.00209146939450022,0.02,0.02,0.02,0.02
7.85,f27c2278f5bdb77b,49.9982482476689,49.9976150103108,49.9981389529181,49.9979111765586,-0.00175175233106728,-0.00238498968921164,-0.0018610470818814,-0.0020888234414258,0.02,0.02,0.02,0.02
7.855,f27c2278f5bdb77b,49.9982512311405,49.9976185376409,49.9981413550038,49.9979138361327,-0.00174876885950681,-0.00238146235908943,-0.00185864499621147,-0.0020861638673253,0.02,0.02,0.02,0.02
7.86,f27c2278f5bdb77b,49.998254229068,49.9976220831083,49.9981437691862,49.9979165092931,-0.00174577093196859,-0.00237791689166045,-0.00185623081384279,-0.00208349070690161,0.02,0.02,0.02,0.02
7.865,f27c2278f5bdb77b,49.9982572414151,49.9976256466672,49.9981461954335,49.9979191960052,-0.00174275858486084,-0.00237435333283287,-0.0018538045665224,-0.00208080399480082,0.02,0.02,0.02,0.02
7.87,f27c2278f5bdb77b,49.9982602681455,49.9976292282716,49.9981486337141,49.9979218962344,-0.00173973185449938,-0.0023707717284438,-0.0018513662859192,-0.00207810376560502,0.02,0.02,0.02,0.02
7.875,f27c2278f5bdb77b,49.9982633092229,49.9976328278758,49.9981510839963,49.9979246099461,-0.00173669077709349,-0.00236717212424509,-0.00184891600365233,-0.00207539005386792,0.02,0.02,0.02,0.02
7.88,f27c2278f5bdb77b,49.9982663646112,49.9976364454341,49.9981535462487,49.9979273371059,-0.00173363538880267,-0.00236355456589621,-0.00184645375128412,-0.00207266289407926,0.02,0.02,0.02,0.02
7.885,f27c2278f5bdb77b,49.9982694342743,49.997640080901,49.9981560204397,49.9979300776793,-0.00173056572567276,-0.00235991909899269,-0.00184397956029869,-0.00206992232067904,0.02,0.02,0.02,0.02
7.89,f27c2278f5bdb77b,49.9982725181763,49.997643734231,49.9981585065379,49.9979328316319,-0.00172748182368565,-0.00235626576903769,-0.00184149346213758,-0.00206716836805754,0.02,0.02,0.02,0.02
7.895,f27c2278f5bdb77b,49.9982756162813,49.9976474053785,49.9981610045118,49.9979355989294,-0.00172438371874506,-0.00235259462147752,-0.00183899548816413,-0.00206440107055528,0.02,0.02,0.02,0.02
7.9,f27c2278f5bdb77b,49.9982787285533,49.9976510942983,49.9981635143303,49.9979383795375,-0.00172127144669076,-0.00234890570167323,-0.00183648566969197,-0.00206162046246305,0.02,0.02,0.02,0.02
7.905,f27c2278f5bdb77b,49.9982818549567,49.9976548009451,49.998166035962,49.997941173422,-0.00171814504329149,-0.00234519905492903,-0.00183396403797076,-0.00205882657800061,0.02,0.02,0.02,0.02
7.91,f27c2278f5bdb77b,49.9982849954557,49.9976585252735,49.9981685693758,49.9979439805487,-0.00171500454426621,-0.00234147472648516,-0.00183143062418623,-0.00205601945134504,0.02,0.02,0.02,0.02
7.915,f27c2278f5bdb77b,49.9982881500147,49.9976622672385,49.9981711145405,49.9979468008834,-0.00171184998526996,-0.00233773276151084,-0.00182888545946724,-0.00205319911661661,0.02,0.02,0.02,0.02
7.92,f27c2278f5bdb77b,49.9982913185981,49.9976660267949,49.9981736714251,49.9979496343921,-0.00170868140191516,-0.00233397320511841,-0.00182632857487164,-0.00205036560785743,0.02,0.02,0.02,0.02
7.925,f27c2278f5bdb77b,49.9982945011702,49.9976698038976,49.9981762399986,49.9979524810409,-0.00170549882975735,-0.00233019610237051,-0.00182376000140039,-0.00204751895905986,0.02,0.02,0.02,0.02
7.93,f27c2278f5bdb77b,49.9982976976957,49.9976735985017,49.99817882023,49.9979553407958,-0.00170230230433788,-0.00232640149828711,-0.00182117976999763,-0.00204465920415231,0.02,0.02,0.02,0.02
7.935,f27c2278f5bdb77b,49.9983009081389,49.9976774105622,49.9981814120885,49.997958213623,-0.00169909186114836,-0.00232258943781005,-0.00181858791153644,-0.00204178637699926,0.02,0.02,0.02,0.02
7.94,f27c2278f5bdb77b,49.9983041324644,49.9976812400341,49.9981840155432,49.9979610994886,-0.00169586753563777,-0.00231875996585984,-0.00181598445683306,-0.00203890051137989,0.02,0.02,0.02,0.02
7.945,f27c2278f5bdb77b,49.9983073706368,49.9976850868727,49.9981866305634,49.997963998359,-0.00169262936324799,-0.00231491312730014,-0.00181336943663268,-0.00203600164103079,0.02,0.02,0.02,0.02
7.95,f27c2278f5bdb77b,49.9983106226206,49.997688951033,49.9981892571184,49.9979669102004,-0.00168937737939245,-0.00231104896695911,-0.00181074288163074,-0.00203308979961037,0.02,0.02,0.02,0.02
7.955,f27c2278f5bdb77b,49.9983138883805,49.9976928324704,49.9981918951775,49.9979698349793,-0.0016861116194562,-0.00230716752960802,-0.00180810482245874,-0.00203016502069175,0.02,0.02,0.02,0.02
7.96,f27c2278f5bdb77b,49.9983171678812,49.99769673114,49.9981945447103,49.9979727726622,-0.00168283211880293,-0.00230326886000398,-0.00180545528967002,-0.00202722733781258,0.02,0.02,0.02,0.02
7.965,f27c2278f5bdb77b,49.9983204610872,49.9977006469972,49.9981972056862,49.9979757232156,-0.00167953891278216,-0.00229935300284012,-0.00180279431378239,-0.00202427678442518,0.02,0.02,0.02,0.02
7.97,f27c2278f5bdb77b,49.9983237679633,49.9977045799972,49.9981998780748,49.9979786866061,-0.00167623203672917,-0.00229542000278826,-0.00180012192524259,-0.00202131339391087,0.02,0.02,0.02,0.02
7.975,f27c2278f5bdb77b,49.998327088474,49.9977085300955,49.9982025618456,49.9979816628004,-0.00167291152595084,-0.00229146990447049,-0.00179743815444766,-0.00201833719960121,0.02,0.02,0.02,0.02
7.98,f27c2278f5bdb77b,49.9983304225843,49.9977124972475,49.9982052569683,49.9979846517652,-0.00166957741573981,-0.00228750275249467,-0.00179474303173066,-0.00201534823475669,0.02,0.02,0.02,0.02
7.985,f27c2278f5bdb77b,49.9983337702586,49.9977164814086,49.9982079634126,49.9979876534674,-0.00166622974136743,-0.00228351859141185,-0.00179203658737492,-0.00201234653259519,0.02,0.02,0.02,0.02
7.99,f27c2278f5bdb77b,49.9983371314619,49.9977204825343,49.9982106811484,49.9979906678737,-0.00166286853808373,-0.00227951746573751,-0.00178931885161404,-0.00200933212626353,0.02,0.02,0.02,0.02
7.995,f27c2278f5bdb77b,49.9983405061589,49.99772450058,49.9982134101454,49.9979936949511,-0.0016594938411032,-0.00227549941995164,-0.00178658985463187,-0.00200630504885879,0.02,0.02,0.02,0.02
8,f27c2278f5bdb77b,49.9983438943144,49.9977285355015,49.9982161503734,49.9979967346666,-0.00165610568561902,-0.0022714644985129,-0.00178384962656253,-0.00200326533344253,0.02,0.02,0.02,0.02
8.005,f27c2278f5bdb77b,49.9983472958932,49.9977325872542,49.9982189018025,49.997999786987,-0.00165270410680307,-0.00226741274581599,-0.0017810981974975,-0.00200021301302655,0.02,0.02,0.02,0.02
8.01,f27c2278f5bdb77b,49.9983507108602,49.9977366557938,49.9982216644025,49.9980028518794,-0.00164928913977747,-0.00226334420623431,-0.00177833559748564,-0.00199714812058005,0.02,0.02,0.02,0.02
8.015,f27c2278f5bdb77b,49.9983541391804,49.9977407410759,49.9982244381435,49.998005929311,-0.00164586081962881,-0.00225925892409862,-0.00177556185652605,-0.00199407068902957,0.02,0.02,0.02,0.02
8.02,f27c2278f5bdb77b,49.9983575808186,49.9977448430563,49.9982272229954,49.9980090192487,-0.00164241918141528,-0.00225515694368994,-0.00177277700458944,-0.00199098075129456,0.02,0.02,0.02,0.02
8.025,f27c2278f5bdb77b,49.9983610357399,49.9977489616907,49.9982300189284,49.9980121216598,-0.00163896426013821,-0.00225103830926088,-0.00176998107161808,-0.00198787834023761,0.02,0.02,0.02,0.02
8.03,f27c2278f5bdb77b,49.9983645039092,49.997753096935,49.9982328259125,49.9980152365113,-0.00163549609076341,-0.00224690306501429,-0.00176717408750449,-0.00198476348871424,0.02,0.02,0.02,0.02
8.035,f27c2278f5bdb77b,49.9983679852918,49.9977572487449,49.9982356439179,49.9980183637704,-0.00163201470819985,-0.00224275125510331,-0.00176435608211989,-0.00198163622956571,0.02,0.02,0.02,0.02
8.04,f27c2278f5bdb77b,49.9983714798527,49.9977614170763,49.9982384729147,49.9980215034044,-0.00162852014729964,-0.00223858292365975,-0.00176152708529287,-0.00197849659559068,0.02,0.02,0.02,0.02
8.045,f27c2278f5bdb77b,49.9983749875571,49.9977656018852,49.9982413128732,49.9980246553804,-0.00162501244288649,-0.00223439811475856,-0.0017586871268449,-0.00197534461960203,0.02,0.02,0.02,0.02
8.05,f27c2278f5bdb77b,49.9983785083703,49.9977698031276,49.9982441637635,49.9980278196656,-0.00162149162969882,-0.00223019687243209,-0.00175583623654063,-0.00197218033437707,0.02,0.02,0.02,0.02
8.055,f27c2278f5bdb77b,49.9983820422576,49.9977740207593,49.9982470255558,49.9980309962273,-0.00161795774244666,-0.00222597924067003,-0.00175297444415889,-0.00196900377269316,0.02,0.02,0.02,0.02
8.06,f27c2278f5bdb77b,49.9983855891842,49.9977782547366,49.9982498982206,49.9980341850327,-0.00161441081578317,-0.00222174526342656,-0.00175010177940749,-0.00196581496732051,0.02,0.02,0.02,0.02
8.065,f27c2278f5bdb77b,49.9983891491157,49.9977825050154,49.998252781728,49.998037386049,-0.00161085088429758,-0.00221749498461321,-0.00174721827200841,-0.00196261395100805,0.02,0.02,0.02,0.02
8.07,f27c2278f5bdb77b,49.9983927220175,49.9977867715519,49.9982556760484,49.9980405992435,-0.00160727798253646,-0.0022132284480918,-0.00174432395164104,-0.0019594007565118,0.02,0.02,0.02,0.02
8.075,f27c2278f5bdb77b,49.998396307855,49.9977910543023,49.998258581152,49.9980438245834,-0.00160369214499667,-0.00220894569770991,-0.00174141884796342,-0.00195617541655224,0.02,0.02,0.02,0.02
8.08,f27c2278f5bdb77b,49.9983999065939,49.9977953532227,49.9982614970094,49.9980470620361,-0.00160009340613243,-0.00220464677725829,-0.00173850299061229,-0.00195293796387119,0.02,0.02,0.02,0.02
8.085,f27c2278f5bdb77b,49.9984035181997,49.9977996682695,49.9982644235908,49.9980503115688,-0.00159648180034822,-0.00220033173049927,-0.00173557640920308,-0.00194968843117493,0.02,0.02,0.02,0.02
8.09,f27c2278f5bdb77b,49.998407142638,49.9978039993988,49.9982673608667,49.9980535731488,-0.00159285736202008,-0.00219600060117386,-0.00173263913331567,-0.00194642685117685,0.02,0.02,0.02,0.02
8.095,f27c2278f5bdb77b,49.9984107798745,49.997808346567,49.9982703088075,49.9980568467435,-0.00158922012548146,-0.00219165343297334,-0.00172969119252286,-0.0019431532565406,0.02,0.02,0.02,0.02
8.1,f27c2278f5bdb77b,49.998414429875,49.9978127097304,49.9982732673836,49.99806013232,-0.00158557012504446,-0.00218729026958897,-0.00172673261635481,-0.00193986767995824,0.02,0.02,0.02,0.02
8.105,f27c2278f5bdb77b,49.998418092605,49.9978170888453,49.9982762365657,49.9980634298459,-0.00158190739499275,-0.00218291115465519,-0.00172376343432745,-0.0019365701540579,0.02,0.02,0.02,0.02
8.11,f27c2278f5bdb77b,49.9984217680304,49.9978214838682,49.9982792163241,49.9980667392885,-0.00157823196958873,-0.00217851613182063,-0.00172078367592832,-0.00193326071148192,0.02,0.02,0.02,0.02
8.115,f27c2278f5bdb77b,49.9984254561169,49.9978258947553,49.9982822066294,49.9980700606152,-0.00157454388308764,-0.0021741052446913,-0.0017177933706094,-0.00192993938481578,0.02,0.02,0.02,0.02
8.12,f27c2278f5bdb77b,49.9984291568303,49.9978303214631,49.9982852074522,49.9980733937934,-0.00157084316972345,-0.00216967853685901,-0.00171479254780138,-0.00192660620663077,0.02,0.02,0.02,0.02
8.125,f27c2278f5bdb77b,49.9984328701363,49.9978347639481,49.9982882187631,49.9980767387905,-0.0015671298637443,-0.00216523605190844,-0.00171178123690652,-0.00192326120948394,0.02,0.02,0.02,0.02
8.13,f27c2278f5bdb77b,49.9984365960006,49.9978392221666,49.9982912405327,49.9980800955741,-0.00156340399936994,-0.00216077783341007,-0.00170875946729154,-0.00191990442586842,0.02,0.02,0.02,0.02
8.135,f27c2278f5bdb77b,49.9984403343892,49.9978436960751,49.9982942727317,49.9980834641117,-0.00155966561084853,-0.00215630392492727,-0.00170572726830187,-0.00191653588827023,0.02,0.02,0.02,0.02
8.14,f27c2278f5bdb77b,49.9984440852676,49.99784818563,49.9982973153308,49.9980868443709,-0.00155591473242112,-0.00215181437001633,-0.00170268466924028,-0.00191315562911853,0.02,0.02,0.02,0.02
8.145,f27c2278f5bdb77b,49.9984478486017,49.9978526907878,49.9983003683006,49.9980902363192,-0.00155215139834297,-0.00214730921221928,-0.00169963169938114,-0.00190976368082119,0.02,0.02,0.02,0.02
8.15,f27c2278f5bdb77b,49.9984516243571,49.9978572115049,49.998303431612,49.9980936399243,-0.00154837564288357,-0.00214278849507821,-0.0016965683879846,-0.0019063600757363,0.02,0.02,0.02,0.02
8.155,f27c2278f5bdb77b,49.9984554124997,49.9978617477379,49.9983065052357,49.9980970551538,-0.00154458750031949,-0.00213825226214226,-0.00169349476426106,-0.00190294484620068,0.02,0.02,0.02,0.02
8.16,f27c2278f5bdb77b,49.9984592129951,49.9978662994431,49.9983095891426,49.9981004819755,-0.00154078700494864,-0.00213370055693929,-0.00169041085739963,-0.00189951802450139,0.02,0.02,0.02,0.02
8.165,f27c2278f5bdb77b,49.9984630258089,49.997870866577,49.9983126833034,49.9981039203571,-0.00153697419107601,-0.00212913342301135,-0.00168731669655386,-0.00189607964288996,0.02,0.02,0.02,0.02
8.17,f27c2278f5bdb77b,49.998466850907,49.9978754490961,49.9983157876891,49.9981073702664,-0.00153314909302793,-0.00212455090389341,-0.00168421231086313,-0.0018926297335824,0.02,0.02,0.02,0.02
8.175,f27c2278f5bdb77b,49.9984706882549,49.9978800469569,49.9983189022706,49.9981108316712,-0.00152931174513782,-0.0021199530431133,-0.00168109772942415,-0.00188916832877339,0.02,0.02,0.02,0.02
8.18,f27c2278f5bdb77b,49.9984745378182,49.9978846601158,49.9983220270187,49.9981143045394,-0.00152546218175331,-0.00211533988419177,-0.00167797298131944,-0.00188569546060791,0.02,0.02,0.02,0.02
8.185,f27c2278f5bdb77b,49.9984783995628,49.9978892885293,49.9983251619044,49.9981177888388,-0.00152160043722205,-0.00211071147066377,-0.00167483809559599,-0.00188221116122378,0.02,0.02,0.02,0.02
8.19,f27c2278f5bdb77b,49.9984822734541,49.9978939321539,49.9983283068987,49.9981212845373,-0.00151772654592008,-0.00210606784605005,-0.00167169310130078,-0.00187871546271623,0.02,0.02,0.02,0.02
8.195,f27c2278f5bdb77b,49.9984861594578,49.9978985909461,49.9983314619726,49.9981247916028,-0.00151384054218795,-0.00210140905385714,-0.00166853802743105,-0.00187520839718047,0.02,0.02,0.02,0.02
8.2,f27c2278f5bdb77b,49.9984900575396,49.9979032648624,49.998334627097,49.9981283100033,-0.0015099424604017,-0.00209673513760578,-0.00166537290298407,-0.00187168999666909,0.02,0.02,0.02,0.02
8.205,f27c2278f5bdb77b,49.9984939676651,49.9979079538592,49.9983378022431,49.9981318397068,-0.00150603233491609,-0.00209204614078828,-0.00166219775694287,-0.00186816029324177,0.02,0.02,0.02,0.02
8.21,f27c2278f5bdb77b,49.9984978897999,49.9979126578931,49.9983409873817,49.9981353806811,-0.00150211020007873,-0.00208734210689698,-0.00165901261826207,-0.00186461931894399,0.02,0.02,0.02,0.02
8.215,f27c2278f5bdb77b,49.9985018239098,49.9979173769206,49.9983441824841,49.9981389328942,-0.00149817609021596,-0.00208262307940998,-0.00165581751590338,-0.00186106710580702,0.02,0.02,0.02,0.02
8.22,f27c2278f5bdb77b,49.9985057699604,49.9979221108982,49.9983473875212,49.9981424963141,-0.00149423003964699,-0.0020778891018054,-0.00165261247880721,-0.00185750368587634,0.02,0.02,0.02,0.02
8.225,f27c2278f5bdb77b,49.9985097279173,49.9979268597825,49.9983506024641,49.9981460709088,-0.00149027208266972,-0.0020731402175258,-0.00164939753589977,-0.0018539290911761,0.02,0.02,0.02,0.02
8.23,f27c2278f5bdb77b,49.9985136977464,49.99793162353,49.9983538272839,49.9981496566462,-0.00148630225355362,-0.00206837647002089,-0.00164617271611434,-0.00185034335375889,0.02,0.02,0.02,0.02
8.235,f27c2278f5bdb77b,49.9985176794134,49.9979364020973,49.9983570619516,49.9981532534943,-0.00148232058656106,-0.00206359790271193,-0.00164293804837001,-0.00184674650567729,0.02,0.02,0.02,0.02
8.24,f27c2278f5bdb77b,49.9985216728841,49.997941195441,49.9983603064384,49.998156861421,-0.00147832711589047,-0.00205880455900598,-0.00163969356159299,-0.00184313857899099,0.02,0.02,0.02,0.02
8.245,f27c2278f5bdb77b,49.9985256781243,49.9979460035177,49.9983635607153,49.9981604803942,-0.00147432187574026,-0.00205399648229587,-0.00163643928468815,-0.00183951960577389,0.02,0.02,0.02,0.02
8.25,f27c2278f5bdb77b,49.9985296950997,49.997950826284,49.9983668247534,49.9981641103819,-0.00147030490026623,-0.00204917371596736,-0.00163317524658169,-0.00183588961811409,0.02,0.02,0.02,0.02
8.255,f27c2278f5bdb77b,49.9985337237764,49.9979556636966,49.9983700985238,49.9981677513519,-0.00146627622359574,-0.00204433630337064,-0.00162990147618558,-0.00183224864811393,0.02,0.02,0.02,0.02
8.26,f27c2278f5bdb77b,49.9985377641202,49.9979605157121,49.9983733819976,49.9981714032721,-0.00146223587982064,-0.00203948428785594,-0.00162661800241182,-0.00182859672790414,0.02,0.02,0.02,0.02
8.265,f27c2278f5bdb77b,49.998541816097,49.9979653822873,49.9983766751458,49.9981750661104,-0.00145818390300434,-0.00203461771274505,-0.00162332485417949,-0.00182493388960836,0.02,0.02,0.02,0.02
8.27,f27c2278f5bdb77b,49.9985458796728,49.9979702633786,49.9983799779396,49.9981787398346,-0.00145412032718895,-0.00202973662135975,-0.00162002206040057,-0.00182126016538575,0.02,0.02,0.02,0.02
8.275,f27c2278f5bdb77b,49.9985499548136,49.997975158943,49.99838329035,49.9981824244126,-0.00145004518638814,-0.00202484105700051,-0.00161670964999416,-0.00181757558740259,0.02,0.02,0.02,0.02
8.28,f27c2278f5bdb77b,49.9985540414854,49.997980068937,49.9983866123481,49.9981861198122,-0.00144595851458007,-0.00201993106295362,-0.00161338765187224,-0.00181388018782513,0.02,0.02,0.02,0.02
8.285,f27c2278f5bdb77b,49.9985581396543,49.9979849933175,49.998389943905,49.9981898260011,-0.0014418603457429,-0.00201500668251242,-0.0016100560949539,-0.00181017399885519,0.02,0.02,0.02,0.02
8.29,f27c2278f5bdb77b,49.9985622492862,49.9979899320411,49.9983932849919,49.9981935429473,-0.00143775071384056,-0.00201006795893477,-0.00160671500813692,-0.00180645705267324,0.02,0.02,0.02,0.02
8.295,f27c2278f5bdb77b,49.9985663703472,49.9979948850645,49.9983966355797,49.9981972706185,-0.00143362965280147,-0.00200511493550692,-0.00160336442034037,-0.00180272938149528,0.02,0.02,0.02,0.02
8.3,f27c2278f5bdb77b,49.9985705028034,49.9979998523445,49.9983999956395,49.9982010089825,-0.00142949719657537,-0.00200014765547962,-0.00160000436046204,-0.00179899101750891,0.02,0.02,0.02,0.02
8.305,f27c2278f5bdb77b,49.9985746466209,49.9980048338379,49.9984033651426,49.9982047580071,-0.00142535337910488,-0.00199516616213202,-0.00159663485739259,-0.00179524199293013,0.02,0.02,0.02,0.02
8.31,f27c2278f5bdb77b,49.9985788017657,49.9980098295013,49.99840674406,49.9982085176601,-0.00142119823432552,-0.00199017049873618,-0.0015932559400369,-0.00179148233993942,0.02,0.02,0.02,0.02
8.315,f27c2278f5bdb77b,49.9985829682038,49.9980148392915,49.9984101323627,49.9982122879093,-0.00141703179620123,-0.00198516070854993,-0.00158986763726432,-0.00178771209073147,0.02,0.02,0.02,0.02
8.32,f27c2278f5bdb77b,49.9985871459013,49.9980198631651,49.998413530022,49.9982160687225,-0.00141285409869596,-0.00198013683485954,-0.00158646997795842,-0.00178393127749388,0.02,0.02,0.02,0.02
8.325,f27c2278f5bdb77b,49.9985913348242,49.998024901079,49.998416937009,49.9982198600676,-0.00140866517580207,-0.00197509892095837,-0.00158306299096722,-0.00178013993238579,0.02,0.02,0.02,0.02
8.33,f27c2278f5bdb77b,49.9985955349385,49.9980299529899,49.9984203532948,49.9982236619124,-0.00140446506151903,-0.00197004701013981,-0.00157964670515298,-0.00177633808755218,0.02,0.02,0.02,0.02
8.335,f27c2278f5bdb77b,49.9985997462101,49.9980350188543,49.9984237788506,49.9982274742249,-0.00140025378988184,-0.00196498114571853,-0.00157622114935663,-0.00177252577513087,0.02,0.02,0.02,0.02
8.34,f27c2278f5bdb77b,49.998603968605,49.998040098629,49.9984272136476,49.9982312969728,-0.00139603139496813,-0.00195990137101631,-0.00157278635239777,-0.00176870302723842,0.02,0.02,0.02,0.02
8.345,f27c2278f5bdb77b,49.9986082020891,49.9980451922706,49.9984306576569,49.998235130124,-0.00139179791086974,-0.00195480772937628,-0.00156934234309603,-0.00176486987596292,0.02,0.02,0.02,0.02
8.35,f27c2278f5bdb77b,49.9986124466283,49.9980502997358,49.9984341108498,49.9982389736466,-0.00138755337171403,-0.00194970026415575,-0.00156588915024969,-0.00176102635337827,0.02,0.02,0.02,0.02
8.355,f27c2278f5bdb77b,49.9986167021883,49.9980554209813,49.9984375731974,49.9982428275085,-0.0013832978116568,-0.00194457901872624,-0.00156242680264995,-0.00175717249152996,0.02,0.02,0.02,0.02
8.36,f27c2278f5bdb77b,49.9986209687351,49.9980605559635,49.9984410446709,49.9982466916775,-0.00137903126491068,-0.0019394440364735,-0.00155895532906669,-0.00175330832245635,0.02,0.02,0.02,0.02
8.365,f27c2278f5bdb77b,49.9986252462343,49.9980657046392,49.9984445252417,49.9982505661218,-0.0013747537656954,-0.00193429536080458,-0.00155547475827689,-0.00174943387816739,0.02,0.02,0.02,0.02
8.37,f27c2278f5bdb77b,49.9986295346517,49.9980708669649,49.998448014881,49.9982544508094,-0.00137046534827334,-0.00192913303514075,-0.0015519851190291,-0.00174554919064462,0.02,0.02,0.02,0.02
8.375,f27c2278f5bdb77b,49.9986338339531,49.9980760428971,49.9984515135599,49.9982583457081,-0.00136616604693529,-0.00192395710291748,-0.00154848644006478,-0.00174165429187667,0.02,0.02,0.02,0.02
8.38,f27c2278f5bdb77b,49.998638144104,49.9980812323924,49.9984550212499,49.9982622507862,-0.00136185589600046,-0.00191876760759158,-0.00154497875012538,-0.00173774921381664,0.02,0.02,0.02,0.02
8.385,f27c2278f5bdb77b,49.9986424650702,49.9980864354074,49.9984585379221,49.9982661660116,-0.0013575349298165,-0.00191356459261982,-0.00154146207794525,-0.00173383398842475,0.02,0.02,0.02,0.02
8.39,f27c2278f5bdb77b,49.9986467968173,49.9980916518985,49.9984620635478,49.9982700913523,-0.00135320318274523,-0.00190834810147322,-0.00153793645224454,-0.0017299086476541,0.02,0.02,0.02,0.02
8.395,f27c2278f5bdb77b,49.9986511393108,49.9980968818224,49.9984655980983,49.9982740267766,-0.00134886068915563,-0.0019031181776441,-0.00153440190174337,-0.00172597322342938,0.02,0.02,0.02,0.02
8.4,f27c2278f5bdb77b,49.9986554925166,49.9981021251354,49.9984691415448,49.9982779722523,-0.00134450748344506,-0.00189787486461768,-0.00153085845517609,-0.0017220277477108,0.02,0.02,0.02,0.02
8.405,f27c2278f5bdb77b,49.9986598564,49.9981073817941,49.9984726938588,49.9982819277476,-0.00134014360001089,-0.00189261820590048,-0.00152730614124863,-0.00171807225243725,0.02,0.02,0.02,0.02
8.41,f27c2278f5bdb77b,49.9986642309268,49.998112651755,49.9984762550113,49.9982858932304,-0.0013357690732434,-0.00188734824497772,-0.00152374498870245,-0.00171410676957606,0.02,0.02,0.02,0.02
8.415,f27c2278f5bdb77b,49.9986686160625,49.9981179349746,49.9984798249737,49.9982898686689,-0.00133138393753995,-0.00188206502537014,-0.00152017502625768,-0.00171013133108033,0.02,0.02,0.02,0.02
8.42,f27c2278f5bdb77b,49.9986730117727,49.9981232314094,49.9984834037173,49.998293854031,-0.00132698822729793,-0.00187676859057717,-0.00151659628265577,-0.00170614596895291,0.02,0.02,0.02,0.02
8.425,f27c2278f5bdb77b,49.9986774180231,49.9981285410159,49.9984869912134,49.9982978492848,-0.00132258197690049,-0.00187145898409824,-0.00151300878663818,-0.00170215071518953,0.02,0.02,0.02,0.02
8.43,f27c2278f5bdb77b,49.9986818347793,49.9981338637506,49.998490587433,49.9983018543982,-0.00131816522070238,-0.00186613624943988,-0.00150941256696058,-0.00169814560181436,0.02,0.02,0.02,0.02
8.435,f27c2278f5bdb77b,49.9986862620069,49.9981391995699,49.9984941923476,49.9983058693391,-0.00131373799306544,-0.0018608004300944,-0.00150580765239283,-0.00169413066088708,0.02,0.02,0.02,0.02
8.44,f27c2278f5bdb77b,49.9986906996717,49.9981445484304,49.9984978059283,49.9983098940755,-0.00130930032830889,-0.00185545156956834,-0.00150219407171193,-0.0016901059244816,0.02,0.02,0.02,0.02
8.445,f27c2278f5bdb77b,49.9986951477392,49.9981499102887,49.9985014281463,49.9983139285753,-0.00130485226075905,-0.00185008971133271,-0.00149857185370905,-0.00168607142470023,0.02,0.02,0.02,0.02
8.45,f27c2278f5bdb77b,49.9986996061753,49.9981552851011,49.9985050589728,49.9983179728063,-0.0013003938246996,-0.00184471489888693,-0.00149494102718251,-0.00168202719369503,0.02,0.02,0.02,0.02
8.455,f27c2278f5bdb77b,49.9987040749456,49.9981606728243,49.998508698379,49.9983220267364,-0.00129592505439291,-0.0018393271756949,-0.0014913016209519,-0.00167797326362518,0.02,0.02,0.02,0.02
8.46,f27c2278f5bdb77b,49.9987085540159,49.9981660734148,49.9985123463361,49.9983260903333,-0.00129144598410136,-0.00183392658524895,-0.00148765366385817,-0.00167390966669245,0.02,0.02,0.02,0.02
8.465,f27c2278f5bdb77b,49.9987130433519,49.998171486829,49.9985160028153,49.9983301635649,-0.00128695664805178,-0.00182851317099875,-0.00148399718474224,-0.00166983643511998,0.02,0.02,0.02,0.02
8.47,f27c2278f5bdb77b,49.9987175429196,49.9981769130236,49.9985196677875,49.9983342463988,-0.00128245708044972,-0.00182308697642952,-0.00148033221245925,-0.00166575360115928,0.02,0.02,0.02,0.02
8.475,f27c2278f5bdb77b,49.9987220526845,49.998182351955,49.9985233412241,49.9983383388029,-0.00127794731550068,-0.00181764804499807,-0.00147665877589276,-0.00166166119709743,0.02,0.02,0.02,0.02
8.48,f27c2278f5bdb77b,49.9987265726126,49.9981878035798,49.9985270230961,49.9983424407448,-0.001273427387396,-0.00181219642017538,-0.00147297690391213,-0.0016575592552357,0.02,0.02,0.02,0.02
8.485,f27c2278f5bdb77b,49.9987311026697,49.9981932678546,49.9985307133746,49.9983465521921,-0.00126889733031987,-0.00180673214541827,-0.00146928662542223,-0.00165344780789667,0.02,0.02,0.02,0.02
8.49,f27c2278f5bdb77b,49.9987356428216,49.9981987447358,49.9985344120307,49.9983506731126,-0.00126435717844231,-0.00180125526421193,-0.00146558796931373,-0.00164932688743136,0.02,0.02,0.02,0.02
8.495,f27c2278f5bdb77b,49.998740193034,49.99820423418,49.9985381190355,49.9983548034738,-0.00125980696596883,-0.00179576582002738,-0.00146188096451283,-0.00164519652619077,0.02,0.02,0.02,0.02
8.5,f27c2278f5bdb77b,49.9987447532729,49.9982097361436,49.9985418343601,49.9983589432435,-0.00125524672706945,-0.00179026385635694,-0.0014581656399244,-0.00164105675654724,0.02,0.02,0.02,0.02
8.505,f27c2278f5bdb77b,49.998749323504,49.9982152505833,49.9985455579755,49.9983630923891,-0.00125067649597099,-0.00178474941669293,-0.00145444202447464,-0.00163690761086599,0.02,0.02,0.02,0.02
8.51,f27c2278f5bdb77b,49.9987539036931,49.9982207774555,49.9985492898529,49.9983672508785,-0.0012460963068861,-0.00177922254454899,-0.00145071014708975,-0.00163274912153355,0.02,0.02,0.02,0.02
8.515,f27c2278f5bdb77b,49.9987584938059,49.9982263167166,49.9985530299633,49.9983714186791,-0.00124150619406294,-0.00177368328344585,-0.00144697003668881,-0.00162858132092936,0.02,0.02,0.02,0.02
8.52,f27c2278f5bdb77b,49.9987630938082,49.9982318683231,49.9985567782778,49.9983755957586,-0.00123690619177808,-0.00176813167692558,-0.00144322172220512,-0.00162440424142574,0.02,0.02,0.02,0.02
8.525,f27c2278f5bdb77b,49.9987677036657,49.9982374322314,49.9985605347674,49.9983797820846,-0.00123229633434363,-0.00176256776855865,-0.00143946523256488,-0.00162021791538791,0.02,0.02,0.02,0.02
8.53,f27c2278f5bdb77b,49.9987723233439,49.9982430083981,49.9985642994033,49.9983839776248,-0.00122767665610013,-0.00175699160192266,-0.00143570059668718,-0.0016160223751811,0.02,0.02,0.02,0.02
8.535,f27c2278f5bdb77b,49.9987769528086,49.9982485967794,49.9985680721565,49.9983881823468,-0.00122304719143074,-0.00175140322062362,-0.00143192784349111,-0.00161181765315632,0.02,0.02,0.02,0.02
8.54,f27c2278f5bdb77b,49.9987815920252,49.9982541973317,49.9985718529981,49.9983923962184,-0.00121840797476125,-0.00174580266828173,-0.00142814700190286,-0.00160760378164326,0.02,0.02,0.02,0.02
8.545,f27c2278f5bdb77b,49.9987862409594,49.9982598100114,49.9985756418992,49.998396619207,-0.00121375904055299,-0.00174018998856695,-0.00142435810082731,-0.00160338079297162,0.02,0.02,0.02,0.02
8.55,f27c2278f5bdb77b,49.9987908995767,49.9982654347749,49.9985794388308,49.9984008512806,-0.00120910042333122,-0.00173456522513504,-0.00142056116917644,-0.00159914871944977,0.02,0.02,0.02,0.02
8.555,f27c2278f5bdb77b,49.9987955678424,49.9982710715783,49.9985832437641,49.9984050924066,-0.00120443215764254,-0.00172892842169858,-0.00141675623585513,-0.00159490759337189,0.02,0.02,0.02,0.02
8.56,f27c2278f5bdb77b,49.9988002457219,49.998276720378,49.9985870566702,49.998409342553,-0.00119975427809038,-0.00172327962197727,-0.00141294332976827,-0.00159065744701081,0.02,0.02,0.02,0.02
8.565,f27c2278f5bdb77b,49.9988049331807,49.9982823811303,49.9985908775202,49.9984136016874,-0.00119506681931369,-0.00171761886971922,-0.00140912247982072,-0.00158639831264651,0.02,0.02,0.02,0.02
8.57,f27c2278f5bdb77b,49.998809630184,49.9982880537913,49.9985947062851,49.9984178697775,-0.00119036981600118,-0.00171194620870097,-0.00140529371490317,-0.00158213022253051,0.02,0.02,0.02,0.02
8.575,f27c2278f5bdb77b,49.9988143366971,49.9982937383173,49.9985985429361,49.9984221467911,-0.00118566330286995,-0.00170626168271326,-0.00140145706391337,-0.00157785320892145,0.02,0.02,0.02,0.02
8.58,f27c2278f5bdb77b,49.9988190526853,49.9982994346644,49.9986023874443,49.9984264326959,-0.00118094731465845,-0.00170056533556107,-0.00139761255574911,-0.00157356730407088,0.02,0.02,0.02,0.02
8.585,f27c2278f5bdb77b,49.9988237781138,49.9983051427889,49.9986062397807,49.9984307274598,-0.00117622188616906,-0.00169485721108487,-0.00139376021932236,-0.001569272540209,0.02,0.02,0.02,0.02
8.59,f27c2278f5bdb77b,49.9988285129478,49.9983108626469,49.9986100999165,49.9984350310504,-0.00117148705219705,-0.00168913735312515,-0.0013899000835309,-0.00156496894960156,0.02,0.02,0.02,0.02
8.595,f27c2278f5bdb77b,49.9988332571524,49.9983165941945,49.9986139678227,49.9984393434355,-0.00116674284757323,-0.00168340580553661,-0.00138603217729383,-0.0015606565644859,0.02,0.02,0.02,0.02
8.6,f27c2278f5bdb77b,49.9988380106929,49.9983223373878,49.9986178434705,49.9984436645829,-0.00116198930713551,-0.00167766261218816,-0.00138215652951601,-0.00155633541714195,0.02,0.02,0.02,0.02
8.605,f27c2278f5bdb77b,49.9988427735343,49.998328092183,49.9986217268309,49.9984479944602,-0.00115722646573602,-0.00167190781697713,-0.00137827316914496,-0.00155200553984969,0.02,0.02,0.02,0.02
8.61,f27c2278f5bdb77b,49.9988475456418,49.9983338585362,49.9986256178749,49.9984523330351,-0.00115245435822686,-0.00166614146377952,-0.00137438212511398,-0.00154766696488906,0.02,0.02,0.02,0.02
8.615,f27c2278f5bdb77b,49.9988523269805,49.9983396364035,49.9986295165736,49.9984566802754,-0.00114767301947438,-0.00166036359648558,-0.00137048342638479,-0.00154331972459687,0.02,0.02,0.02,0.02
8.62,f27c2278f5bdb77b,49.9988571175157,49.998345425741,49.9986334228981,49.9984610361487,-0.00114288248432359,-0.00165457425899973,-0.00136657710192623,-0.00153896385131702,0.02,0.02,0.02,0.02
8.625,f27c2278f5bdb77b,49.9988619172124,49.9983512265048,49.9986373368193,49.9984654006226,-0.00113808278761951,-0.0016487734952122,-0.00136266318072131,-0.00153459937741474,0.02,0.02,0.02,0.02
8.63,f27c2278f5bdb77b,49.9988667260358,49.998357038651,49.9986412583082,49.9984697736647,-0.00113327396418583,-0.00164296134902742,-0.00135874169178152,-0.00153022633529787,0.02,0.02,0.02,0.02
8.635,f27c2278f5bdb77b,49.9988715439511,49.9983628621357,49.9986451873359,49.9984741552426,-0.00112845604885337,-0.00163713786433561,-0.00135481266413962,-0.00152584475741691,0.02,0.02,0.02,0.02
8.64,f27c2278f5bdb77b,49.9988763709236,49.998368696915,49.9986491238732,49.9984785453238,-0.00112362907641028,-0.00163130308504122,-0.00135087612682838,-0.00152145467623654,0.02,0.02,0.02,0.02
8.645,f27c2278f5bdb77b,49.9988812069184,49.998374542945,49.9986530678911,49.9984829438757,-0.00111879308163765,-0.00162545705502737,-0.00134693210893033,-0.00151705612427122,0.02,0.02,0.02,0.02
8.65,f27c2278f5bdb77b,49.9988860519007,49.9983804001818,49.9986570193605,49.9984873508659,-0.00111394809930943,-0.00161959981819138,-0.00134298063951377,-0.0015126491340709,0.02,0.02,0.02,0.02
8.655,f27c2278f5bdb77b,49.9988909058358,49.9983862685816,49.9986609782523,49.9984917662618,-0.00110909416416405,-0.00161373141840926,-0.00133902174770384,-0.00150823373822817,0.02,0.02,0.02,0.02
8.66,f27c2278f5bdb77b,49.9988957686891,49.9983921481004,49.9986649445374,49.9984961900306,-0.00110423131091864,-0.00160785189957835,-0.00133505546262569,-0.00150380996935695,0.02,0.02,0.02,0.02
8.665,f27c2278f5bdb77b,49.9989006404257,49.9983980386944,49.9986689181866,49.9985006221399,-0.00109935957430451,-0.00160196130556756,-0.00133108181342578,-0.00149937786012799,0.02,0.02,0.02,0.02
8.67,f27c2278f5bdb77b,49.998905521011,49.9984039403197,49.9986728991707,49.9985050625568,-0.00109447898900328,-0.00159605968027421,-0.001327100829279,-0.00149493744321916,0.02,0.02,0.02,0.02
8.675,f27c2278f5bdb77b,49.9989104104103,49.9984098529324,49.9986768874606,49.9985095112486,-0.00108958958971783,-0.00159014706757432,-0.00132311253936734,-0.00149048875135804,0.02,0.02,0.02,0.02
8.68,f27c2278f5bdb77b,49.9989153085889,49.9984157764886,49.9986808830271,49.9985139681827,-0.00108469141112266,-0.00158422351135101,-0.00131911697289411,-0.00148603181729356,0.02,0.02,0.02,0.02
8.685,f27c2278f5bdb77b,49.9989202155121,49.9984217109445,49.9986848858409,49.9985184333262,-0.00107978448792068,-0.00157828905550872,-0.00131511415907681,-0.00148156667379595,0.02,0.02,0.02,0.02
8.69,f27c2278f5bdb77b,49.9989251311452,49.9984276562561,49.9986888958729,49.9985229066463,-0.00107486885477925,-0.00157234374393056,-0.00131110412714719,-0.00147709335365676,0.02,0.02,0.02,0.02
8.695,f27c2278f5bdb77b,49.9989300554536,49.9984336123795,49.9986929130936,49.9985273881103,-0.00106994454641551,-0.00156638762054229,-0.00130708690635828,-0.00147261188968884,0.02,0.02,0.02,0.02
8.7,f27c2278f5bdb77b,49.9989349884025,49.9984395792707,49.998696937474,49.9985318776853,-0.00106501159753947,-0.00156042072925544,-0.00130306252595602,-0.00146812231471216,0.02,0.02,0.02,0.02
8.705,f27c2278f5bdb77b,49.9989399299571,49.998445556886,49.9987009689848,49.9985363753384,-0.00106007004288244,-0.00155444311400998,-0.00129903101520767,-0.00146362466156091,0.02,0.02,0.02,0.02
8.71,f27c2278f5bdb77b,49.9989448800828,49.9984515451812,49.9987050075966,49.9985408810369,-0.00105511991720419,-0.00154845481875299,-0.00129499240338049,-0.00145911896305506,0.02,0.02,0.02,0.02
8.715,f27c2278f5bdb77b,49.9989498387447,49.9984575441126,49.9987090532803,49.998545394748,-0.0010501612553071,-0.00154245588744573,-0.00129094671974883,-0.001454605252043,0.02,0.02,0.02,0.02
8.72,f27c2278f5bdb77b,49.998954805908,49.9984635536359,49.9987131060064,49.9985499164386,-0.00104519409200776,-0.00153644636409211,-0.00128689399358706,-0.00145008356135179,0.02,0.02,0.02,0.02
8.725,f27c2278f5bdb77b,49.9989597815378,49.9984695737073,49.9987171657458,49.9985544460762,-0.0010402184621725,-0.00153042629269606,-0.00128283425417663,-0.00144555392380141,0.02,0.02,0.02,0.02
8.73,f27c2278f5bdb77b,49.9989647655993,49.9984756042827,49.9987212324692,49.9985589836278,-0.0010352344007174,-0.00152439571728991,-0.00127876753080614,-0.00144101637220473,0.02,0.02,0.02,0.02
8.735,f27c2278f5bdb77b,49.9989697580574,49.9984816453181,49.9987253061473,49.9985635290606,-0.00103024194260115,-0.0015183546819344,-0.00127469385274281,-0.00143647093938171,0.02,0.02,0.02,0.02
8.74,f27c2278f5bdb77b,49.9989747588772,49.9984876967693,49.9987293867507,49.9985680823419,-0.00102524112281088,-0.00151230323071161,-0.00127061324927524,-0.00143191765810968,0.02,0.02,0.02,0.02
8.745,f27c2278f5bdb77b,49.9989797680236,49.9984937585923,49.9987334742503,49.9985726434388,-0.00102023197640477,-0.00150624140773914,-0.00126652574967778,-0.0014273565611802,0.02,0.02,0.02,0.02
8.75,f27c2278f5bdb77b,49.9989847854615,49.9984998307429,49.9987375686168,49.9985772123187,-0.00101521453849074,-0.0015001692571488,-0.0012624313832319,-0.00142278768134929,0.02,0.02,0.02,0.02
8.755,f27c2278f5bdb77b,49.9989898111558,49.9985059131769,49.9987416698208,49.9985817889486,-0.00101018884421222,-0.00149408682310082,-0.00125833017921195,-0.00141821105138007,0.02,0.02,0.02,0.02
8.76,f27c2278f5bdb77b,49.9989948450712,49.9985120058502,49.9987457778331,49.998586373296,-0.0010051549287553,-0.00148799414977674,-0.00125422216689941,-0.00141362670400724,0.02,0.02,0.02,0.02
8.765,f27c2278f5bdb77b,49.9989998871726,49.9985181087186,49.9987498926244,49.998590965328,-0.00100011282737711,-0.00148189128139364,-0.00125010737557574,-0.00140903467196551,0.02,0.02,0.02,0.02
8.77,f27c2278f5bdb77b,49.9990049374246,49.9985242217378,49.9987540141655,49.998595565012,-0.000995062575356087,-0.00147577826217571,-0.00124598583450819,-0.00140443498798248,0.02,0.02,0.02,0.02
8.775,f27c2278f5bdb77b,49.999009995792,49.9985303448636,49.998758142427,49.9986001723152,-0.000990004207999107,-0.00146965513638264,-0.00124185757298534,-0.00139982768477154,0.02,0.02,0.02,0.02
8.78,f27c2278f5bdb77b,49.9990150622393,49.9985364780517,49.9987622773797,49.9986047872049,-0.000984937760676985,-0.00146352194827415,-0.00123772262030286,-0.00139521279505317,0.02,0.02,0.02,0.02
8.785,f27c2278f5bdb77b,49.9990201367312,49.9985426212579,49.9987664189943,49.9986094096484,-0.000979863268760539,-0.00145737874214547,-0.00123358100574933,-0.00139059035155498,0.02,0.02,0.02,0.02
8.79,f27c2278f5bdb77b,49.9990252192323,49.9985487744377,49.9987705672414,49.998614039613,-0.000974780767656114,-0.00145122556229893,-0.00122943275862042,-0.00138596038699035,0.02,0.02,0.02,0.02
8.795,f27c2278f5bdb77b,49.9990303097072,49.998554937547,49.9987747220918,49.9986186770659,-0.00096969029279137,-0.00144506245304399,-0.00122527790824023,-0.0013813229341082,0.02,0.02,0.02,0.02
8.8,f27c2278f5bdb77b,49.9990354081204,49.9985611105413,49.9987788835161,49.9986233219743,-0.000964591879608179,-0.0014388894587043,-0.00122111648392575,-0.00137667802565034,0.02,0.02,0.02,0.02
8.805,f27c2278f5bdb77b,49.9990405144365,49.9985672933764,49.998783051485,49.9986279743056,-0.000959485563534201,-0.00143270662360351,-0.00121694851502241,-0.0013720256943941,0.02,0.02,0.02,0.02
8.81,f27c2278f5bdb77b,49.99904562862,49.9985734860079,49.9987872259691,49.9986326340269,-0.000954371380018415,-0.00142651399207239,-0.00121277403087561,-0.00136736597313813,0.02,0.02,0.02,0.02
8.815,f27c2278f5bdb77b,49.9990507506355,49.9985796883916,49.9987914069391,49.9986373011053,-0.000949249364502691,-0.0014203116084488,-0.0012085930608734,-0.00136269889469531,0.02,0.02,0.02,0.02
8.82,f27c2278f5bdb77b,49.9990558804476,49.9985859004829,49.9987955943656,49.9986419755081,-0.000944119552421796,-0.00141409951707061,-0.00120440563438962,-0.00135802449192113,0.02,0.02,0.02,0.02
8.825,f27c2278f5bdb77b,49.9990610180208,49.9985921222377,49.9987997882191,49.9986466572023,-0.000938981979196285,-0.00140787776226148,-0.00120021178085494,-0.0013533427976995,0.02,0.02,0.02,0.02
8.83,f27c2278f5bdb77b,49.9990661633198,49.9985983536116,49.9988039884703,49.9986513461551,-0.000933836680218292,-0.00140164638835927,-0.00119601152968585,-0.00134865384494987,0.02,0.02,0.02,0.02
8.835,f27c2278f5bdb77b,49.9990713163091,49.9986045945603,49.9988081950897,49.9986560423334,-0.000928683690887055,-0.00139540543968764,-0.00119180491034854,-0.00134395766663431,0.02,0.02,0.02,0.02
8.84,f27c2278f5bdb77b,49.9990764769534,49.9986108450394,49.9988124080477,49.9986607457043,-0.000923523046559183,-0.00138915496055603,-0.00118759195233054,-0.00133925429574333,0.02,0.02,0.02,0.02
8.845,f27c2278f5bdb77b,49.9990816452174,49.9986171050047,49.9988166273149,49.9986654562347,-0.000918354782584174,-0.0013828949952881,-0.00118337268511937,-0.00133454376532427,0.02,0.02,0.02,0.02
8.85,f27c2278f5bdb77b,49.9990868210657,49.9986233744118,49.9988208528617,49.9986701738916,-0.000913178934276004,-0.00137662558818619,-0.0011791471382594,-0.00132982610844579,0.02,0.02,0.02,0.02
8.855,f27c2278f5bdb77b,49.999092004463,49.9986296532164,49.9988250846587,49.9986748986418,-0.000907995536955752,-0.00137034678355263,-0.00117491534128789,-0.00132510135822628,0.02,0.02,0.02,0.02
8.86,f27c2278f5bdb77b,49.9990971953741,49.9986359413743,49.9988293226762,49.9986796304522,-0.000902804625887654,-0.00136405862568267,-0.00117067732378473,-0.00132036954782677,0.02,0.02,0.02,0.02
8.865,f27c2278f5bdb77b,49.9991023937636,49.9986422388411,49.9988335668847,49.9986843692896,-0.000897606236357262,-0.00135776115887154,-0.00116643311533693,-0.00131563071042962,0.02,0.02,0.02,0.02
8.87,f27c2278f5bdb77b,49.9991075995964,49.9986485455726,49.9988378172544,49.9986891151207,-0.000892400403614602,-0.00135145442741447,-0.00116218274557411,-0.00131088487925268,0.02,0.02,0.02,0.02
8.875,f27c2278f5bdb77b,49.9991128128371,49.9986548615244,49.9988420737559,49.9986938679124,-0.000887187162902592,-0.00134513847559248,-0.00115792624411881,-0.00130613208756358,0.02,0.02,0.02,0.02
8.88,f27c2278f5bdb77b,49.9991180334505,49.9986611866523,49.9988463363594,49.9986986276314,-0.000881966549471258,-0.00133881334770081,-0.00115366364062908,-0.00130137236862993,0.02,0.02,0.02,0.02
8.885,f27c2278f5bdb77b,49.9991232614014,49.998667520912,49.9988506050352,49.9987033942443,-0.000876738598570626,-0.00133247908803469,-0.00114939496476296,-0.00129660575574775,0.02,0.02,0.02,0.02
8.89,f27c2278f5bdb77b,49.9991284966545,49.9986738642591,49.9988548797538,49.9987081677178,-0.000871503345450719,-0.00132613574089646,-0.00114512024620694,-0.0012918322822415,0.02,0.02,0.02,0.02
8.895,f27c2278f5bdb77b,49.9991337391746,49.9986802166494,49.9988591604854,49.9987129480186,-0.00086626082536867,-0.00131978335059557,-0.0011408395146475,-0.00128705198144274,0.02,0.02,0.02,0.02
8.9,f27c2278f5bdb77b,49.9991389889264,49.9986865780386,49.9988634472002,49.9987177351133,-0.000861011073617135,-0.00131342196144857,-0.00113655279979952,-0.00128226488669014,0.02,0.02,0.02,0.02
8.905,f27c2278f5bdb77b,49.9991442458745,49.9986929483822,49.9988677398686,49.9987225289687,-0.000855754125502983,-0.00130705161778621,-0.00113226013135659,-0.00127747103132236,0.02,0.02,0.02,0.02
8.91,f27c2278f5bdb77b,49.9991495099836,49.998699327636,49.998872038461,49.9987273295513,-0.00085049001636861,-0.00130067236395348,-0.00112796153904071,-0.00127267044869228,0.02,0.02,0.02,0.02
8.915,f27c2278f5bdb77b,49.9991547812184,49.9987057157557,49.9988763429474,49.9987321368279,-0.000845218781570622,-0.00129428424432376,-0.00112365705256678,-0.00126786317213856,0.02,0.02,0.02,0.02
8.92,f27c2278f5bdb77b,49.9991600595435,49.9987121126967,49.9988806532983,49.998736950765,-0.000839940456536681,-0.00128788730327756,-0.00111934670165681,-0.00126304923498566,0.02,0.02,0.02,0.02
8.925,f27c2278f5bdb77b,49.9991653449233,49.9987185184148,49.998884969484,49.9987417713294,-0.000834655076708657,-0.00128148158520958,-0.00111503051603279,-0.00125822867057224,0.02,0.02,0.02,0.02
8.93,f27c2278f5bdb77b,49.9991706373224,49.9987249328654,49.9988892914746,49.9987465984878,-0.000829362677599477,-0.00127506713455716,-0.00111070852541673,-0.00125340151220144,0.02,0.02,0.02,0.02
8.935,f27c2278f5bdb77b,49.9991759367053,49.9987313560042,49.9988936192405,49.9987514322068,-0.000824063294736277,-0.00126864399576476,-0.00110638075953062,-0.00124856779316218,0.02,0.02,0.02,0.02
8.94,f27c2278f5bdb77b,49.9991812430363,49.9987377877867,49.9988979527519,49.9987562724533,-0.000818756963738565,-0.00126221221330525,-0.00110204724808227,-0.0012437275467434,0.02,0.02,0.02,0.02
8.945,f27c2278f5bdb77b,49.9991865562798,49.9987442281683,49.9989022919792,49.9987611191938,-0.000813443720240059,-0.0012557718316657,-0.00109770802080789,-0.0012388808062056,0.02,0.02,0.02,0.02
8.95,f27c2278f5bdb77b,49.9991918764001,49.9987506771046,49.9989066368926,49.9987659723952,-0.000808123599938426,-0.00124932289537583,-0.00109336310740105,-0.00123402760479507,0.02,0.02,0.02,0.02
8.955,f27c2278f5bdb77b,49.9991972033614,49.998757134551,49.9989109874624,49.9987708320243,-0.000802796638588177,-0.00124286544896535,-0.00108901253759086,-0.00122916797574391,0.02,0.02,0.02,0.02
8.96,f27c2278f5bdb77b,49.999202537128,49.998763600463,49.9989153436589,49.9987756980477,-0.000797462871979349,-0.0012363995369995,-0.00108465634107802,-0.00122430195226997,0.02,0.02,0.02,0.02
8.965,f27c2278f5bdb77b,49.9992078776641,49.9987700747959,49.9989197054524,49.9987805704324,-0.000792122335944612,-0.00122992520405774,-0.00108029454759162,-0.00121942956757692,0.02,0.02,0.02,0.02
8.97,f27c2278f5bdb77b,49.9992132249336,49.9987765575053,49.9989240728132,49.9987854491451,-0.000786775066359269,-0.00122344249474793,-0.00107592718683236,-0.00121455085487554,0.02,0.02,0.02,0.02
8.975,f27c2278f5bdb77b,49.9992185789009,49.9987830485463,49.9989284457115,49.9987903341527,-0.000781421099127044,-0.00121695145367084,-0.00107155428852934,-0.00120966584734816,0.02,0.02,0.02,0.02
8.98,f27c2278f5bdb77b,49.9992239395298,49.9987895478745,49.9989328241176,49.9987952254218,-0.000776060470201401,-0.00121045212546278,-0.00106717588239746,-0.00120477457818424,0.02,0.02,0.02,0.02
8.985,f27c2278f5bdb77b,49.9992293067845,49.9987960554452,49.9989372080018,49.9988001229194,-0.000770693215528695,-0.00120394455476713,-0.00106279199817294,-0.00119987708058744,0.02,0.02,0.02,0.02
8.99,f27c2278f5bdb77b,49.9992346806289,49.9988025712138,49.9989415973344,49.9988050266122,-0.000765319371097917,-0.0011974287862202,-0.00105840266559909,-0.00119497338776142,0.02,0.02,0.02,0.02
8.995,f27c2278f5bdb77b,49.9992400610271,49.9988090951355,49.9989459920856,49.9988099364671,-0.000759938972905161,-0.0011909048644867,-0.00105400791441923,-0.00119006353290274,0.02,0.02,0.02,0.02
9,f27c2278f5bdb77b,49.9992454479431,49.9988156271658,49.9989503922256,49.9988148524507,-0.000754552056939417,-0.00118437283421002,-0.0010496077744051,-0.0011851475492648,0.02,0.02,0.02,0.02
9.005,f27c2278f5bdb77b,49.9992508413408,49.9988221672599,49.9989547977247,49.9988197745299,-0.000749158659203886,-0.001177832740062,-0.00104520227532845,-0.00118022547007968,0.02,0.02,0.02,0.02
9.01,f27c2278f5bdb77b,49.9992562411843,49.9988287153733,49.998959208553,49.9988247026714,-0.000743758815694662,-0.00117128462668603,-0.00104079144698233,-0.0011752973286363,0.02,0.02,0.02,0.02
9.015,f27c2278f5bdb77b,49.9992616474376,49.9988352714613,49.9989636246808,49.9988296368418,-0.000738352562386524,-0.00116472853873262,-0.00103637531918821,-0.00117036315822361,0.02,0.02,0.02,0.02
9.02,f27c2278f5bdb77b,49.9992670600648,49.9988418354792,49.9989680460782,49.9988345770078,-0.000732939935247146,-0.00115816452084516,-0.00103195392177469,-0.00116542299219446,0.02,0.02,0.02,0.02
9.025,f27c2278f5bdb77b,49.9992724790298,49.9988484073823,49.9989724727154,49.9988395231361,-0.000727520970222884,-0.00115159261765996,-0.00102752728460587,-0.00116047686391596,0.02,0.02,0.02,0.02
9.03,f27c2278f5bdb77b,49.9992779042968,49.9988549871262,49.9989769045625,49.9988444751932,-0.000722095703238779,-0.00114501287379909,-0.00102309543754586,-0.0011555248067836,0.02,0.02,0.02,0.02
9.035,f27c2278f5bdb77b,49.9992833358298,49.9988615746661,49.9989813415895,49.9988494331457,-0.00071666417019145,-0.00113842533388464,-0.00101865841050142,-0.00115056685425685,0.02,0.02,0.02,0.02
9.04,f27c2278f5bdb77b,49.999288773593,49.9988681699575,49.9989857837666,49.9988543969602,-0.0007112264069562,-0.00113183004250317,-0.00101421623339348,-0.00114560303982358,0.02,0.02,0.02,0.02
9.045,f27c2278f5bdb77b,49.9992942175506,49.9988747729557,49.9989902310638,49.998859366603,-0.000705782449372805,-0.00112522704425544,-0.00100976893617144,-0.0011406333970001,0.02,0.02,0.02,0.02
9.05,f27c2278f5bdb77b,49.9992996676667,49.9988813836163,49.9989946834512,49.9988643420406,-0.000700332333266829,-0.00111861638372091,-0.00100531654879887,-0.00113565795935244,0.02,0.02,0.02,0.02
9.055,f27c2278f5bdb77b,49.9993051239056,49.9988880018945,49.9989991408987,49.9988693232395,-0.000694876094428309,-0.0011119981054577,-0.0010008591012749,-0.00113067676049639,0.02,0.02,0.02,0.02
9.06,f27c2278f5bdb77b,49.9993105862314,49.998894627746,49.9990036033764,49.9988743101659,-0.000689413768640179,-0.00110537225403817,-0.000996396623612839,-0.00112568983405481,0.02,0.02,0.02,0.02
9.065,f27c2278f5bdb77b,49.9993160546084,49.998901261126,49.9990080708542,49.9988793027863,-0.000683945391642737,-0.00109873887399914,-0.000991929145847337,-0.00112069721370744,0.02,0.02,0.02,0.02
9.07,f27c2278f5bdb77b,49.9993215290008,49.9989079019901,49.999012543302,49.9988843010669,-0.000678470999190495,-0.00109209800989163,-0.000987456698020139,-0.00111569893314822,0.02,0.02,0.02,0.02
9.075,f27c2278f5bdb77b,49.999327009373,49.9989145502938,49.9990170206898,49.9988893049739,-0.000672990627002434,-0.00108544970624536,-0.000982979310201415,-0.00111069502611372,0.02,0.02,0.02,0.02
9.08,f27c2278f5bdb77b,49.9993324956892,49.9989212059924,49.9990215029875,49.9988943144737,-0.000667504310811751,-0.00107879400759714,-0.000978497012489754,-0.0011056855263476,0.02,0.02,0.02,0.02
9.085,f27c2278f5bdb77b,49.9993379879137,49.9989278690415,49.999025990165,49.9988993295324,-0.000662012086344532,-0.0010721309584838,-0.00097400983496243,-0.00110067046760776,0.02,0.02,0.02,0.02
9.09,f27c2278f5bdb77b,49.9993434860107,49.9989345393966,49.9990304821923,49.9989043501163,-0.000656513989333973,-0.00106546060344215,-0.000969517807732245,-0.00109564988368049,0.02,0.02,0.02,0.02
9.095,f27c2278f5bdb77b,49.9993489899445,49.998941217013,49.9990349790391,49.9989093761917,-0.000651010055527479,-0.00105878298701612,-0.000965020960912,-0.00109062380834501,0.02,0.02,0.02,0.02
9.1,f27c2278f5bdb77b,49.9993544996793,49.9989479018463,49.9990394806754,49.9989144077246,-0.00064550032069377,-0.00105209815374963,-0.000960519324628706,-0.00108559227539473,0.02,0.02,0.02,0.02
9.105,f27c2278f5bdb77b,49.9993600151794,49.9989545938518,49.999043987071,49.9989194446814,-0.000639984820629991,-0.00104540614820081,-0.00095601292900227,-0.00108055531860174,0.02,0.02,0.02,0.02
9.11,f27c2278f5bdb77b,49.9993655364088,49.9989612929851,49.9990484981958,49.9989244870283,-0.000634463591154599,-0.00103870701494913,-0.000951501804152599,-0.00107551297174524,0.02,0.02,0.02,0.02
9.115,f27c2278f5bdb77b,49.9993710633319,49.9989679992014,49.9990530140198,49.9989295347314,-0.000628936668128688,-0.00103200079856691,-0.000946985980220916,-0.00107046526860444,0.02,0.02,0.02,0.02
9.12,f27c2278f5bdb77b,49.9993765959125,49.9989747124563,49.9990575345127,49.9989345877571,-0.000623404087463086,-0.00102528754365494,-0.000942465487320021,-0.0010654122429159,0.02,0.02,0.02,0.02
9.125,f27c2278f5bdb77b,49.9993821341149,49.9989814327052,49.9990620596444,49.9989396460716,-0.000617865885097046,-0.0010185672948424,-0.000937940355576927,-0.0010603539284304,0.02,0.02,0.02,0.02
9.13,f27c2278f5bdb77b,49.999387677903,49.9989881599032,49.9990665893849,49.9989447096412,-0.000612322097019558,-0.00101184009675848,-0.000933410615104435,-0.00105529035884899,0.02,0.02,0.02,0.02
9.135,f27c2278f5bdb77b,49.9993932272407,49.9989948940059,49.999071123704,49.9989497784321,-0.000606772759276453,-0.00100510599406078,-0.000928876296022452,-0.00105022156787982,0.02,0.02,0.02,0.02
9.14,f27c2278f5bdb77b,49.999398782092,49.9990016349686,49.9990756625716,49.9989548524108,-0.000601217907956197,-0.000998365031414039,-0.000924337428436672,-0.00104514758919549,0.02,0.02,0.02,0.02
9.145,f27c2278f5bdb77b,49.9994043424208,49.9990083827465,49.9990802059576,49.9989599315436,-0.000595657579196995,-0.000991617253518484,-0.000919794042445687,-0.00104006845643312,0.02,0.02,0.02,0.02
9.15,f27c2278f5bdb77b,49.9994099081908,49.9990151372949,49.9990847538318,49.9989650157968,-0.000590091809186788,-0.000984862705088574,-0.000915246168162298,-0.00103498420324399,0.02,0.02,0.02,0.02
9.155,f27c2278f5bdb77b,49.9994154793658,49.9990218985692,49.9990893061643,49.9989701051368,-0.000584520634163255,-0.000978101430845868,-0.000910693835663778,-0.00102989486322258,0.02,0.02,0.02,0.02
9.16,f27c2278f5bdb77b,49.9994210559096,49.9990286665245,49.999093862925,49.99897519953,-0.000578944090399602,-0.000971333475540348,-0.000906137075048719,-0.00102480046997044,0.02,0.02,0.02,0.02
9.165,f27c2278f5bdb77b,49.9994266377858,49.9990354411161,49.9990984240836,49.9989802989429,-0.00057336221421167,-0.000964558883929101,-0.000901575916408603,-0.00101970105706073,0.02,0.02,0.02,0.02
9.17,f27c2278f5bdb77b,49.999432224958,49.9990422222992,49.9991029896102,49.9989854033419,-0.000567775041950824,-0.000957777700776319,-0.000897010389834918,-0.00101459665807369,0.02,0.02,0.02,0.02
9.175,f27c2278f5bdb77b,49.99943781739,49.9990490100291,49.9991075594746,49.9989905126934,-0.000562182609996853,-0.000950989970860405,-0.000892440525404936,-0.00100948730655404,0.02,0.02,0.02,0.02
9.18,f27c2278f5bdb77b,49.9994434150452,49.999055804261,49.9991121336468,49.9989956269639,-0.000556584954750861,-0.00094419573898108,-0.000887866353231459,-0.00100437303607492,0.02,0.02,0.02,0.02
9.185,f27c2278f5bdb77b,49.9994490178874,49.9990626049501,49.9991167120966,49.9990007461198,-0.000550982112628162,-0.00093739504990964,-0.000883287903398866,-0.000999253880181072,0.02,0.02,0.02,0.02
9.19,f27c2278f5bdb77b,49.9994546258799,49.9990694120516,49.999121294794,49.9990058701275,-0.000545374120058284,-0.000930587948445805,-0.000878705206027064,-0.000994129872452731,0.02,0.02,0.02,0.02
9.195,f27c2278f5bdb77b,49.9994602389865,49.9990762255206,49.9991258817088,49.9990109989535,-0.000539761013470752,-0.000923774479382189,-0.000874118291221748,-0.000989001046463045,0.02,0.02,0.02,0.02
9.2,f27c2278f5bdb77b,49.9994658571707,49.9990830453125,49.9991304728109,49.9990161325642,-0.000534142829302198,-0.000916954687497196,-0.000869527189117036,-0.000983867435799368,0.02,0.02,0.02,0.02
9.205,f27c2278f5bdb77b,49.999471480396,49.9990898713824,49.9991350680701,49.9990212709259,-0.000528519603960831,-0.000910128617569228,-0.000864931929854151,-0.000978729074091689,0.02,0.02,0.02,0.02
9.21,f27c2278f5bdb77b,49.9994771086261,49.9990967036856,49.9991396674564,49.999026414005,-0.000522891373854861,-0.000903296314355373,-0.000860332543588527,-0.000973585994962889,0.02,0.02,0.02,0.02
9.215,f27c2278f5bdb77b,49.9994827418246,49.9991035421774,49.9991442709395,49.9990315617679,-0.000517258175364077,-0.000896457822612717,-0.000855729060504018,-0.0009684382320998,0.02,0.02,0.02,0.02
9.22,f27c2278f5bdb77b,49.9994883799551,49.9991103868129,49.9991488784892,49.9990367141808,-0.000511620044854055,-0.000889613187091243,-0.000851121510791586,-0.000963285819182147,0.02,0.02,0.02,0.02
9.225,f27c2278f5bdb77b,49.9994940229814,49.9991172375475,49.9991534900753,49.99904187121,-0.000505977018647741,-0.000882762452491193,-0.000846509924663508,-0.000958128789967816,0.02,0.02,0.02,0.02
9.23,f27c2278f5bdb77b,49.9994996708669,49.9991240943365,49.9991581056676,49.9990470328218,-0.000500329133053867,-0.000875905663534127,-0.000841894332353377,-0.000952967178214692,0.02,0.02,0.02,0.02
9.235,f27c2278f5bdb77b,49.9995053235757,49.9991309571351,49.9991627252359,49.9990521989823,-0.000494676424324325,-0.000869042864906078,-0.000837274764123208,-0.000947801017730399,0.02,0.02,0.02,0.02
9.24,f27c2278f5bdb77b,49.9995109810713,49.9991378258987,49.9991673487498,49.9990573696576,-0.000489018928696794,-0.000862174101264657,-0.000832651250249228,-0.000942630342379402,0.02,0.02,0.02,0.02
9.245,f27c2278f5bdb77b,49.9995166433176,49.9991447005827,49.999171976179,49.999062544814,-0.000483356682373426,-0.000855299417260369,-0.000828023821021873,-0.00093745518602617,0.02,0.02,0.02,0.02
9.25,f27c2278f5bdb77b,49.9995223102785,49.9991515811425,49.9991766074932,49.9990677244174,-0.000477689721513741,-0.000848418857529509,-0.000823392506774212,-0.000932275582606223,0.02,0.02,0.02,0.02
9.255,f27c2278f5bdb77b,49.9995279819177,49.9991584675333,49.9991812426622,49.9990729084339,-0.000472018082255943,-0.000841532466679951,-0.000818757337839315,-0.000927091566069294,0.02,0.02,0.02,0.02
9.26,f27c2278f5bdb77b,49.9995336581993,49.9991653597107,49.9991858816554,49.9990780968296,-0.000466341800709813,-0.00083464028931246,-0.000814118344564463,-0.000921903170407745,0.02,0.02,0.02,0.02
9.265,f27c2278f5bdb77b,49.999539339087,49.99917225763,49.9991905244427,49.9990832895704,-0.000460660912963817,-0.000827742370013596,-0.000809475557339567,-0.000916710429635259,0.02,0.02,0.02,0.02
9.27,f27c2278f5bdb77b,49.9995450245449,49.9991791612467,49.9991951709935,49.9990884866222,-0.000454975455085105,-0.000820838753348596,-0.000804829006533225,-0.000911513377786832,0.02,0.02,0.02,0.02
9.275,f27c2278f5bdb77b,49.9995507145369,49.9991860705161,49.9991998212774,49.9990936879511,-0.00044928546313372,-0.000813929483882703,-0.000800178722563771,-0.000906312048925884,0.02,0.02,0.02,0.02
9.28,f27c2278f5bdb77b,49.9995564090268,49.9991929853938,49.9992044752642,49.9990988935229,-0.0004435909731626,-0.000807014606166945,-0.000795524735828224,-0.000901106477130043,0.02,0.02,0.02,0.02
9.285,f27c2278f5bdb77b,49.9995621079788,49.9991999058352,49.9992091329232,49.9991041033035,-0.000437892021217579,-0.000800094164759457,-0.000790867076752022,-0.000895896696476939,0.02,0.02,0.02,0.02
9.29,f27c2278f5bdb77b,49.9995678113566,49.9992068317958,49.9992137942242,49.9991093172589,-0.000432188643365805,-0.000793168204197059,-0.000786205775760607,-0.000890682741058413,0.02,0.02,0.02,0.02
9.295,f27c2278f5bdb77b,49.9995735191243,49.999213763231,49.9992184591367,49.999114535355,-0.000426480875681534,-0.000786236769037885,-0.000781540863279417,-0.000885464644966305,0.02,0.02,0.02,0.02
9.3,f27c2278f5bdb77b,49.9995792312457,49.9992207000962,49.9992231276303,49.9991197575577,-0.000420768754253231,-0.000779299903832964,-0.000776872369726789,-0.00088024244227114,0.02,0.02,0.02,0.02
9.305,f27c2278f5bdb77b,49.9995849476848,49.9992276423469,49.9992277996745,49.9991249838329,-0.000415052315204889,-0.000772357653133326,-0.000772200325542372,-0.000875016167050546,0.02,0.02,0.02,0.02
9.31,f27c2278f5bdb77b,49.9995906684053,49.9992345899385,49.9992324752389,49.9991302141466,-0.000409331594688922,-0.000765410061518423,-0.0007675247611445,-0.000869785853360838,0.02,0.02,0.02,0.02
9.315,f27c2278f5bdb77b,49.9995963933711,49.9992415428264,49.999237154293,49.9991354484648,-0.000403606628893272,-0.000758457173567706,-0.000762845706951509,-0.000864551535237013,0.02,0.02,0.02,0.02
9.32,f27c2278f5bdb77b,49.999602122546,49.9992485009661,49.9992418368066,49.9991406867533,-0.000397877454048512,-0.00075149903385352,-0.000758163193367523,-0.00085931324669275,0.02,0.02,0.02,0.02
9.325,f27c2278f5bdb77b,49.9996078558936,49.999255464313,49.9992465227492,49.9991459289783,-0.000392144106434955,-0.000744535686997949,-0.000753477250803769,-0.00085407102171331,0.02,0.02,0.02,0.02
9.33,f27c2278f5bdb77b,49.9996135933776,49.9992624328224,49.9992512120903,49.9991511751057,-0.00038640662236844,-0.000737567177608867,-0.000748787909650162,-0.00084882489426974,0.02,0.02,0.02,0.02
9.335,f27c2278f5bdb77b,49.9996193349618,49.9992694064497,49.9992559047997,49.9991564251017,-0.00038066503822165,-0.000730593550315461,-0.000744095200289507,-0.00084357489828335,0.02,0.02,0.02,0.02
9.34,f27c2278f5bdb77b,49.9996250806096,49.9992763851502,49.9992606008469,49.9991616789323,-0.000374919390402795,-0.000723614849775345,-0.000739399153097509,-0.000838321067668346,0.02,0.02,0.02,0.02
9.345,f27c2278f5bdb77b,49.9996308302846,49.9992833688794,49.9992653002016,49.9991669365637,-0.000369169715391138,-0.000716631120639022,-0.000734699798435656,-0.0008330634362963,0.02,0.02,0.02,0.02
9.35,f27c2278f5bdb77b,49.9996365839503,49.9992903575924,49.9992700028333,49.999172197962,-0.000363416049680154,-0.00070964240758542,-0.000729997166665441,-0.000827802038017467,0.02,0.02,0.02,0.02
9.355,f27c2278f5bdb77b,49.9996423415702,49.9992973512447,49.9992747087119,49.9991774630933,-0.000357658429834373,-0.000702648755300572,-0.000725291288127039,-0.000822536906653681,0.02,0.02,0.02,0.02
9.36,f27c2278f5bdb77b,49.9996481031076,49.9993043497915,49.9992794178068,49.999182731924,-0.000351896892432535,-0.000695650208477616,-0.000720582193160624,-0.000817268076012567,0.02,0.02,0.02,0.02
9.365,f27c2278f5bdb77b,49.9996538685259,49.9993113531882,49.9992841300879,49.9991880044201,-0.000346131474110223,-0.000688646811816795,-0.000715869912106371,-0.000811995579873326,0.02,0.02,0.02,0.02
9.37,f27c2278f5bdb77b,49.9996596377885,49.99931836139,49.9992888455247,49.999193280548,-0.00034036221150302,-0.000681638610025459,-0.000711154475290243,-0.000806719452015159,0.02,0.02,0.02,0.02
9.375,f27c2278f5bdb77b,49.9996654108587,49.9993253743522,49.9992935640869,49.9991985602738,-0.000334589141289143,-0.000674625647810956,-0.000706435913052417,-0.000801439726181741,0.02,0.02,0.02,0.02
9.38,f27c2278f5bdb77b,49.9996711876998,49.9993323920301,49.9992982857443,49.9992038435639,-0.000328812300161019,-0.00066760796988774,-0.00070171425571175,-0.000796156436145168,0.02,0.02,0.02,0.02
9.385,f27c2278f5bdb77b,49.9996769682752,49.999339414379,49.9993030104664,49.9992091303843,-0.000323031724796863,-0.000660585620963161,-0.000696989533608416,-0.00079086961565622,0.02,0.02,0.02,0.02
9.39,f27c2278f5bdb77b,49.9996827525481,49.9993464413543,49.9993077382229,49.9992144207015,-0.000317247451903313,-0.000653558645723251,-0.000692261777082592,-0.000785579298472783,0.02,0.02,0.02,0.02
9.395,f27c2278f5bdb77b,49.9996885404818,49.9993534729111,49.9993124689835,49.9992197144816,-0.000311459518158586,-0.000646527088868254,-0.000687531016481557,-0.000780285518366952,0.02,0.02,0.02,0.02
9.4,f27c2278f5bdb77b,49.9996943320398,49.9993605090049,49.9993172027178,49.9992250116909,-0.000305667960240896,-0.000639490995062886,-0.000682797282152592,-0.000774988309132141,0.02,0.02,0.02,0.02
9.405,f27c2278f5bdb77b,49.9997001271852,49.999367549591,49.9993219393955,49.9992303122954,-0.00029987281480004,-0.000632450408964758,-0.000678060604478503,-0.000769687704575972,0.02,0.02,0.02,0.02
9.41,f27c2278f5bdb77b,49.9997059258815,49.9993745946248,49.9993266789862,49.9992356162615,-0.000294074118471599,-0.000625405375217269,-0.000673321013834993,-0.000764383738527386,0.02,0.02,0.02,0.02
9.415,f27c2278f5bdb77b,49.9997117280922,49.9993816440616,49.9993314214594,49.9992409235551,-0.000288271907848525,-0.000618355938442505,-0.000668578540611975,-0.000759076444850848,0.02,0.02,0.02,0.02
9.42,f27c2278f5bdb77b,49.9997175337805,49.9993886978568,49.9993361667848,49.9992462341426,-0.000282466219488242,-0.000611302143234127,-0.000663833215234888,-0.000753765857432143,0.02,0.02,0.02,0.02
9.425,f27c2278f5bdb77b,49.9997233429101,49.9993957559658,49.9993409149319,49.9992515479898,-0.000276657089912646,-0.000604244034157375,-0.000659085068129173,-0.00074845201020679,0.02,0.02,0.02,0.02
9.43,f27c2278f5bdb77b,49.9997291554444,49.9994028183442,49.9993456658703,49.9992568650629,-0.000270844555615213,-0.000597181655763279,-0.00065433412974869,-0.000743134937131629,0.02,0.02,0.02,0.02
9.435,f27c2278f5bdb77b,49.999734971347,49.9994098849474,49.9993504195694,49.9992621853278,-0.000265028653032573,-0.000590115052574447,-0.000649580430554408,-0.000737814672199022,0.02,0.02,0.02,0.02
9.44,f27c2278f5bdb77b,49.9997407905814,49.9994169557309,49.999355175999,49.9992675087506,-0.000259209418558726,-0.000583044269085065,-0.000644824001035715,-0.000732491249443967,0.02,0.02,0.02,0.02
9.445,f27c2278f5bdb77b,49.9997466131114,49.9994240306502,49.9993599351283,49.9992728352971,-0.000253386888559248,-0.000575969349768002,-0.000640064871703316,-0.000727164702936989,0.02,0.02,0.02,0.02
9.45,f27c2278f5bdb77b,49.9997524389007,49.9994311096609,49.9993646969269,49.9992781649332,-0.000247561099342875,-0.000568890339053496,-0.000635303073067917,-0.000721835066769927,0.02,0.02,0.02,0.02
9.455,f27c2278f5bdb77b,49.9997582679128,49.9994381927186,49.9993694613643,49.9992834976249,-0.000241732087204127,-0.000561807281385995,-0.000630538635668643,-0.000716502375077255,0.02,0.02,0.02,0.02
9.46,f27c2278f5bdb77b,49.9997641001116,49.9994452797789,49.9993742284099,49.999288833338,-0.000235899888387792,-0.000554720221145999,-0.000625771590051727,-0.000711166662014762,0.02,0.02,0.02,0.02
9.465,f27c2278f5bdb77b,49.9997699354609,49.9994523707973,49.9993789980332,49.9992941720382,-0.000230064539131547,-0.000547629202728217,-0.000621001966784718,-0.000705827961752448,0.02,0.02,0.02,0.02
9.47,f27c2278f5bdb77b,49.9997757739244,49.9994594657295,49.9993837702036,49.9992995136915,-0.00022422607563044,-0.000540534270484727,-0.000616229796435164,-0.000700486308488735,0.02,0.02,0.02,0.02
9.475,f27c2278f5bdb77b,49.9997816154659,49.9994665645312,49.9993885448904,49.9993048582636,-0.000218384534086624,-0.000533435468781818,-0.000611455109577719,-0.000695141736436256,0.02,0.02,0.02,0.02
9.48,f27c2278f5bdb77b,49.9997874600493,49.999473667158,49.9993933220632,49.9993102057202,-0.00021253995068804,-0.00052633284195025,-0.000606677936801248,-0.000689794279793432,0.02,0.02,0.02,0.02
9.485,f27c2278f5bdb77b,49.9997933076384,49.9994807735657,49.9993981016913,49.9993155560272,-0.000206692361608418,-0.000519226434320785,-0.000601898308680404,-0.000684443972794213,0.02,0.02,0.02,0.02
9.49,f27c2278f5bdb77b,49.999799158197,49.9994878837098,49.9994028837442,49.9993209091504,-0.000200841803049912,-0.000512116290217079,-0.000597116255811159,-0.000679090849629915,0.02,0.02,0.02,0.02
9.495,f27c2278f5bdb77b,49.9998050116888,49.999494997546,49.9994076681912,49.9993262650555,-0.000194988311221778,-0.000505002453962788,-0.000592331808768165,-0.000673734944520277,0.02,0.02,0.02,0.02
9.5,f27c2278f5bdb77b,49.9998108680777,49.9995021150301,49.9994124550019,49.9993316237084,-0.000189131922347485,-0.000497884969888673,-0.000587544998133183,-0.000668376291635298,0.02,0.02,0.02,0.02
9.505,f27c2278f5bdb77b,49.9998167273273,49.9995092361177,49.9994172441455,49.9993369850749,-0.00018327267268603,-0.00049076388231839,-0.000582755854459549,-0.000663014925144978,0.02,0.02,0.02,0.02
9.51,f27c2278f5bdb77b,49.9998225894015,49.9995163607644,49.9994220355917,49.9993423491208,-0.000177410598531935,-0.0004836392355827,-0.000577964408321918,-0.000657650879190896,0.02,0.02,0.02,0.02
9.515,f27c2278f5bdb77b,49.9998284542638,49.999523488926,49.9994268293097,49.9993477158121,-0.00017154573620104,-0.00047651107401947,-0.000573170690252311,-0.00065228418788621,0.02,0.02,0.02,0.02
9.52,f27c2278f5bdb77b,49.9998343218779,49.999530620558,49.9994316252692,49.9993530851147,-0.000165678122066026,-0.000469379441980777,-0.000568374730789856,-0.000646914885308547,0.02,0.02,0.02,0.02
9.525,f27c2278f5bdb77b,49.9998401922075,49.9995377556162,49.9994364234395,49.9993584569945,-0.00015980779254221,-0.0004622443838187,-0.000563576560452361,-0.000641543005507117,0.02,0.02,0.02,0.02
9.53,f27c2278f5bdb77b,49.9998460652159,49.9995448940561,49.9994412237903,49.9993638314175,-0.000153934784080434,-0.000455105943899525,-0.000558776209743428,-0.000636168582488494,0.02,0.02,0.02,0.02
9.535,f27c2278f5bdb77b,49.9998519408668,49.9995520358334,49.9994460262908,49.9993692083498,-0.000148059133188383,-0.000447964166610859,-0.000553973709152444,-0.000630791650223728,0.02,0.02,0.02,0.02
9.54,f27c2278f5bdb77b,49.9998578191236,49.9995591809037,49.9994508309109,49.9993745877573,-0.000142180876416376,-0.000440819096340306,-0.000549169089147483,-0.000625412242662549,0.02,0.02,0.02,0.02
9.545,f27c2278f5bdb77b,49.9998636999496,49.9995663292225,49.9994556376198,49.9993799696063,-0.000136300050357363,-0.00043367077747547,-0.000544362380189511,-0.000620030393697846,0.02,0.02,0.02,0.02
9.55,f27c2278f5bdb77b,49.9998695833084,49.9995734807456,49.9994604463873,49.9993853538628,-0.000130416691646928,-0.000426519254432378,-0.000539553612725285,-0.000614646137208297,0.02,0.02,0.02,0.02
9.555,f27c2278f5bdb77b,49.999875469163,49.9995806354284,49.9994652571828,49.999390740493,-0.000124530836956183,-0.000419364571619951,-0.000534742817180245,-0.000609259507029947,0.02,0.02,0.02,0.02
9.56,f27c2278f5bdb77b,49.999881357477,49.9995877932265,49.999470069976,49.999396129463,-0.000118642522998869,-0.000412206773454216,-0.00052993002397983,-0.000603870536977524,0.02,0.02,0.02,0.02
9.565,f27c2278f5bdb77b,49.9998872482135,49.9995949540957,49.9994748847365,49.9994015207392,-0.00011275178648873,-0.000405045904344092,-0.000525115263528164,-0.000598479260844442,0.02,0.02,0.02,0.02
9.57,f27c2278f5bdb77b,49.9998931413358,49.9996021179913,49.9994797014338,49.9994069142876,-0.000106858664189247,-0.000397882008712713,-0.000520298566243582,-0.000593085712402797,0.02,0.02,0.02,0.02
9.575,f27c2278f5bdb77b,49.9998990368071,49.999609284869,49.9994845200375,49.9994123100746,-0.000100963192856796,-0.000390715130968999,-0.000515479962515997,-0.000587689925424684,0.02,0.02,0.02,0.02
9.58,f27c2278f5bdb77b,49.9999049345907,49.9996164546845,49.9994893405173,49.9994177080663,-9.50654092548575e-05,-0.000383545315514766,-0.000510659482742426,-0.000582291933667989,0.02,0.02,0.02,0.02
9.585,f27c2278f5bdb77b,49.9999108346498,49.9996236273933,49.9994941628427,49.9994231082291,-8.91653501611245e-05,-0.000376372606737618,-0.000505837157326994,-0.000576891770876387,0.02,0.02,0.02,0.02
9.59,f27c2278f5bdb77b,49.9999167369477,49.999630802951,49.9994989869833,49.9994285105292,-8.32630523248667e-05,-0.00036919704901095,-0.000501013016659613,-0.000571489470814868,0.02,0.02,0.02,0.02
9.595,f27c2278f5bdb77b,49.9999226414475,49.9996379813133,49.9995038129088,49.9994339149327,-7.73585524811438e-05,-0.000362018686693943,-0.000496187091158617,-0.000566085067255528,0.02,0.02,0.02,0.02
9.6,f27c2278f5bdb77b,49.9999285481126,49.9996451624359,49.9995086405888,49.999439321406,-7.14518873508041e-05,-0.000354837564124466,-0.000491359411228132,-0.000560678593991781,0.02,0.02,0.02,0.02
9.605,f27c2278f5bdb77b,49.9999344569064,49.9996523462744,49.9995134699927,49.9994447299152,-6.55430936049584e-05,-0.000347653725604857,-0.00048653000728649,-0.000555270084809933,0.02,0.02,0.02,0.02
9.61,f27c2278f5bdb77b,49.9999403677921,49.9996595327846,49.9995183010902,49.9994501404264,-5.96322078934008e-05,-0.000340467215437457,-0.000481698909773343,-0.000549859573560241,0.02,0.02,0.02,0.02
9.615,f27c2278f5bdb77b,49.9999462807332,49.9996667219221,49.9995231338509,49.9994555529059,-5.37192668232933e-05,-0.00033327807786776,-0.000476866149128341,-0.000544447094085854,0.02,0.02,0.02,0.02
9.62,f27c2278f5bdb77b,49.9999521956931,49.9996739136429,49.9995279682442,49.9994609673197,-4.78043069449541e-05,-0.000326086357119948,-0.000472031755819557,-0.000539032680279661,0.02,0.02,0.02,0.02
9.625,f27c2278f5bdb77b,49.9999581126352,49.9996811079026,49.9995328042397,49.9994663836339,-4.18873647731743e-05,-0.000318892097396883,-0.000467195760315064,-0.000533616366055867,0.02,0.02,0.02,0.02
9.63,f27c2278f5bdb77b,49.9999640315232,49.9996883046571,49.9995376418069,49.9994718018146,-3.59684767587964e-05,-0.000311695342851692,-0.000462358193104251,-0.000528198185371309,0.02,0.02,0.02,0.02
9.635,f27c2278f5bdb77b,49.9999699523207,49.9996955038624,49.9995424809153,49.9994772218278,-3.00476793171356e-05,-0.000304496137616184,-0.000457519084690716,-0.000522778172218352,0.02,0.02,0.02,0.02
9.64,f27c2278f5bdb77b,49.9999758749912,49.9997027054742,49.9995473215344,49.9994826436394,-2.41250088066636e-05,-0.000297294525793745,-0.000452678465599377,-0.000517356360603571,0.02,0.02,0.02,0.02
9.645,f27c2278f5bdb77b,49.9999817994985,49.9997099094485,49.9995521636337,49.9994880672154,-1.82005015290088e-05,-0.000290090551452238,-0.000447836366348042,-0.000511932784576175,0.02,0.02,0.02,0.02
9.65,f27c2278f5bdb77b,49.9999877258062,49.9997171157414,49.9995570071825,49.9994934925218,-1.22741937644832e-05,-0.000282884258616889,-0.000442992817497156,-0.000506507478228002,0.02,0.02,0.02,0.02
9.655,f27c2278f5bdb77b,49.9999936538783,49.9997243243087,49.9995618521504,49.9994989195244,-6.34612172234483e-06,-0.000275675691305821,-0.000438147849585846,-0.000501080475636684,0.02,0.02,0.02,0.02
9.66,f27c2278f5bdb77b,49.9999995836784,49.9997315351065,49.9995666985068,49.9995043481891,-4.16321604745917e-07,-0.000268464893494524,-0.000433301493188765,-0.000495651810943798,0.02,0.02,0.02,0.02
9.665,f27c2278f5bdb77b,50.0000055151704,49.9997387480909,49.9995715462211,49.9995097784817,5.51517042879368e-06,-0.000261251909144278,-0.000428453778873461,-0.000490221518276712,0.02,0.02,0.02,0.02
9.67,f27c2278f5bdb77b,50.0000114483182,49.9997459632178,49.9995763952628,49.9995152103682,1.14483182400704e-05,-0.000254036782195044,-0.000423604737207484,-0.00048478963178411,0.02,0.02,0.02,0.02
9.675,f27c2278f5bdb77b,50.0000173830857,49.9997531804434,49.9995812456012,49.9995206438144,1.73830857050916e-05,-0.00024681955656547,-0.000418754398765486,-0.000479356185614677,0.02,0.02,0.02,0.02
9.68,f27c2278f5bdb77b,50.0000233194367,49.9997603997238,49.9995860972059,49.9995260787861,2.331943670697e-05,-0.000239600276167096,-0.000413902794122123,-0.000473921213909989,0.02,0.02,0.02,0.02
9.685,f27c2278f5bdb77b,50.0000292573351,49.9997676210151,49.9995909500461,49.9995315152492,2.92573351288183e-05,-0.000232378984883042,-0.000409049953852048,-0.000468484750825837,0.02,0.02,0.02,0.02
9.69,f27c2278f5bdb77b,50.0000351967448,49.9997748442734,49.9995958040915,49.9995369531695,3.51967448466439e-05,-0.000225155726617743,-0.000404195908508598,-0.000463046830482483,0.02,0.02,0.02,0.02
9.695,f27c2278f5bdb77b,50.0000411376297,49.9997820694548,49.9996006593114,49.999542392513,4.11376297222432e-05,-0.000217930545240108,-0.000399340688645111,-0.000457607486985978,0.02,0.02,0.02,0.02
9.7,f27c2278f5bdb77b,50.0000470799536,49.9997892965154,49.9996055156752,49.9995478332456,4.70799535818855e-05,-0.000210703484633257,-0.000394484324800715,-0.000452166754421057,0.02,0.02,0.02,0.02
9.705,f27c2278f5bdb77b,50.0000530236802,49.9997965254113,49.9996103731525,49.9995532753332,5.30236802447348e-05,-0.000203474588687413,-0.000389626847493219,-0.000446724666836928,0.02,0.02,0.02,0.02
9.71,f27c2278f5bdb77b,50.0000589687735,49.9998037560987,49.9996152317128,49.9995587187418,5.89687734873223e-05,-0.000196243901285698,-0.000384768287233328,-0.000441281258247272,0.02,0.02,0.02,0.02
9.715,f27c2278f5bdb77b,50.000064915197,49.9998109885337,49.9996200913255,49.9995641634374,6.49151970364414e-05,-0.000189011466304123,-0.000379908674510432,-0.000435836562637348,0.02,0.02,0.02,0.02
9.72,f27c2278f5bdb77b,50.0000708629146,49.9998182226723,49.9996249519602,49.9995696093861,7.08629145975692e-05,-0.000181777327654231,-0.000375048039792603,-0.000430390613935572,0.02,0.02,0.02,0.02
9.725,f27c2278f5bdb77b,50.0000768118898,49.9998254584708,49.9996298135865,49.999575056554,7.68118898122339e-05,-0.000174541529226246,-0.000370186413519491,-0.000424943446049042,0.02,0.02,0.02,0.02
9.73,f27c2278f5bdb77b,50.0000827620863,49.9998326958851,49.9996346761739,49.9995805049072,8.27620862935419e-05,-0.00016730411493171,-0.000365323826130748,-0.00041949509282091,0.02,0.02,0.02,0.02
9.735,f27c2278f5bdb77b,50.0000887134676,49.9998399348713,49.999639539692,49.9995859544119,8.87134675977563e-05,-0.000160065128689268,-0.000360460308023391,-0.000414045588058798,0.02,0.02,0.02,0.02
9.74,f27c2278f5bdb77b,50.0000946659973,49.9998471753856,49.9996444041104,49.9995914050345,9.46659972527186e-05,-0.000152824614424674,-0.000355595889580229,-0.000408594965527698,0.02,0.02,0.02,0.02
9.745,f27c2278f5bdb77b,50.0001006196387,49.9998544173839,49.9996492693988,49.9995968567411,0.000100619638722321,-0.000145582616056572,-0.000350730601169857,-0.000403143258949967,0.02,0.02,0.02,0.02
9.75,f27c2278f5bdb77b,50.0001065743555,49.9998616608225,49.9996541355269,49.999602309498,0.000106574355456246,-0.000138339177524927,-0.000345864473132451,-0.000397690502012438,0.02,0.02,0.02,0.02
9.755,f27c2278f5bdb77b,50.0001125301109,49.9998689056572,49.9996590024642,49.9996077632716,0.000112530110861542,-0.000131094342755489,-0.00034099753580108,-0.000392236728366413,0.02,0.02,0.02,0.02
9.76,f27c2278f5bdb77b,50.0001184868683,49.9998761518443,49.9996638701805,49.9996132180284,0.000118486868323942,-0.000123848155681117,-0.000336129819487496,-0.00038678197162767,0.02,0.02,0.02,0.02
9.765,f27c2278f5bdb77b,50.0001244445912,49.9998833993398,49.9996687386455,49.9996186737346,0.000124444591207862,-0.000116600660220456,-0.000331261354489243,-0.000381326265397774,0.02,0.02,0.02,0.02
9.77,f27c2278f5bdb77b,50.0001304032429,49.9998906480997,49.9996736078289,49.9996241303568,0.000130403242870614,-0.000109351900292154,-0.000326392171096757,-0.000375869643242766,0.02,0.02,0.02,0.02
9.775,f27c2278f5bdb77b,50.0001363627867,49.9998978980802,49.9996784777004,49.9996295878613,0.000136362786655297,-0.000102101919800646,-0.000321522299586263,-0.000370412138735787,0.02,0.02,0.02,0.02
9.78,f27c2278f5bdb77b,50.0001423231859,49.9999051492374,49.9996833482298,49.9996350462146,0.000142323185933435,-9.48507626432615e-05,-0.0003166517702482,-0.000364953785421562,0.02,0.02,0.02,0.02
9.785,f27c2278f5bdb77b,50.0001482844041,49.9999124015273,49.9996882193867,49.9996405053831,0.000148284404055232,-8.75984726818047e-05,-0.000311780613344581,-0.000359494616851919,0.02,0.02,0.02,0.02
9.79,f27c2278f5bdb77b,50.0001542464044,49.9999196549062,49.9996930911409,49.9996459653334,0.000154246404427738,-8.03450937638672e-05,-0.000306908859144528,-0.00035403466658579,0.02,0.02,0.02,0.02
9.795,f27c2278f5bdb77b,50.0001602091505,49.9999269093303,49.9996979634621,49.9996514260318,0.000160209150465107,-7.30906697228306e-05,-0.000302036537931372,-0.000348573968189214,0.02,0.02,0.02,0.02
9.8,f27c2278f5bdb77b,50.0001661726056,49.9999341647557,49.99970283632,49.9996568874448,0.000166172605624126,-6.58352443494437e-05,-0.000297163679988444,-0.000343112555242442,0.02,0.02,0.02,0.02
9.805,f27c2278f5bdb77b,50.0001721367334,49.9999414211386,49.9997077096844,49.9996623495387,0.000172136733404216,-5.8578861398928e-05,-0.00029229031559197,-0.000337650461339933,0.02,0.02,0.02,0.02
9.81,f27c2278f5bdb77b,50.0001781014974,49.9999486784354,49.999712583525,49.9996678122799,0.000178101497354533,-5.13215646122944e-05,-0.000287416475046598,-0.000332187720118782,0.02,0.02,0.02,0.02
9.815,f27c2278f5bdb77b,50.0001840668611,49.9999559366023,49.9997174578114,49.9996732756348,0.000184066861073973,-4.40633976737104e-05,-0.00028254218864987,-0.000326724365223185,0.02,0.02,0.02,0.02
9.82,f27c2278f5bdb77b,50.0001900327882,49.9999631955958,49.9997223325133,49.9996787395697,0.000190032788218275,-3.68044042389215e-05,-0.000277667486727751,-0.000321260430325765,0.02,0.02,0.02,0.02
9.825,f27c2278f5bdb77b,50.0001959992425,49.9999704553721,49.9997272076004,49.9996842040508,0.000195999242507128,-2.95446279352518e-05,-0.000272792399599098,-0.000315795949155984,0.02,0.02,0.02,0.02
9.83,f27c2278f5bdb77b,50.0002019661877,49.9999777158877,49.9997320830424,49.9996896690446,0.000201966187717062,-2.22841123331818e-05,-0.000267916957611192,-0.0003103309554362,0.02,0.02,0.02,0.02
9.835,f27c2278f5bdb77b,50.0002079335877,49.999984977099,49.9997369588089,49.999695134517,0.000207933587667242,-1.50229009747704e-05,-0.000263041191104207,-0.000304865482952721,0.02,0.02,0.02,0.02
9.84,f27c2278f5bdb77b,50.0002139014063,49.9999922389626,49.9997418348695,49.9997006004345,0.000213901406262096,-7.76103737365474e-06,-0.000258165130453847,-0.000299399565506064,0.02,0.02,0.02,0.02
9.845,f27c2278f5bdb77b,50.0002198696074,49.999999501435,49.999746711194,49.9997060667631,0.000219869607448686,-4.98564979523053e-07,-0.000253288806014496,-0.000293933236918065,0.02,0.02,0.02,0.02
9.85,f27c2278f5bdb77b,50.0002258381552,50.0000067644728,49.9997515877518,49.999711533469,0.000225838155209601,6.76447275793635e-06,-0.000248412248168961,-0.000288466531046083,0.02,0.02,0.02,0.02
9.855,f27c2278f5bdb77b,50.0002318070136,50.0000140280324,49.9997564645127,49.9997170005182,0.000231807013591379,1.40280324458786e-05,-0.000243535487300051,-0.000282999481761692,0.02,0.02,0.02,0.02
9.86,f27c2278f5bdb77b,50.0002377761467,50.0000212920707,49.9997613414462,49.9997224678771,0.000237776146668978,2.12920707127751e-05,-0.000238658553797677,-0.000277532122936464,0.02,0.02,0.02,0.02
9.865,f27c2278f5bdb77b,50.0002437455186,50.0000285565442,49.999766218522,49.9997279355115,0.000243745518552885,2.85565442084135e-05,-0.000233781478044648,-0.000272064488470392,0.02,0.02,0.02,0.02
9.87,f27c2278f5bdb77b,50.0002497150934,50.0000358214096,49.9997710957096,49.9997334033877,0.000249715093367797,3.58214096181086e-05,-0.000228904290416665,-0.000266596612256365,0.02,0.02,0.02,0.02
9.875,f27c2278f5bdb77b,50.0002556848353,50.0000430866236,49.9997759729787,49.9997388714718,0.000255684835259729,4.30866236342808e-05,-0.000224027021296536,-0.000261128528180166,0.02,0.02,0.02,0.02
9.88,f27c2278f5bdb77b,50.0002616547084,50.000050352143,49.9997808502989,49.9997443397299,0.000261654708396009,5.03521429706666e-05,-0.000219149701059962,-0.000255660270113367,0.02,0.02,0.02,0.02
9.885,f27c2278f5bdb77b,50.0002676246769,50.0000576179244,49.9997857276399,49.9997498081281,0.000267624676915545,5.76179243623187e-05,-0.000214272360061329,-0.000250191871927541,0.02,0.02,0.02,0.02
9.89,f27c2278f5bdb77b,50.000273594705,50.0000648839245,49.9997906049714,49.9997552766325,0.000273594704964353,6.48839245371846e-05,-0.000209395028640813,-0.000244723367451627,0.02,0.02,0.02,0.02
9.895,f27c2278f5bdb77b,50.0002795647567,50.0000721501002,49.9997954822629,49.9997607452095,0.000279564756667128,7.21501002303171e-05,-0.000204517737124377,-0.000239254790486143,0.02,0.02,0.02,0.02
9.9,f27c2278f5bdb77b,50.0002855347961,50.0000794164082,49.9998003594842,49.9997662138252,0.000285534796120146,7.94164082051907e-05,-0.000199640515816668,-0.000233786174810291,0.02,0.02,0.02,0.02
9.905,f27c2278f5bdb77b,50.0002915047874,50.0000866828052,49.999805236605,49.9997716824459,0.000291504787405472,8.66828051968582e-05,-0.000194763395008124,-0.000228317554146429,0.02,0.02,0.02,0.02
9.91,f27c2278f5bdb77b,50.0002974746946,50.0000939492479,49.999810113595,49.9997771510378,0.000297474694555433,9.39492479474779e-05,-0.00018988640496076,-0.000222848962181388,0.02,0.02,0.02,0.02
9.915,f27c2278f5bdb77b,50.0003034444816,50.0001012156932,49.9998149904241,49.9997826195674,0.000303444481566828,0.000101215693206314,-0.000185009575901063,-0.000217380432552261,0.02,0.02,0.02,0.02
9.92,f27c2278f5bdb77b,50.0003094141124,50.0001084820977,49.999819867062,49.9997880880012,0.000309414112386719,0.000108482097708418,-0.000180132938041311,-0.000211911998839298,0.02,0.02,0.02,0.02
9.925,f27c2278f5bdb77b,50.0003153835509,50.0001157484182,49.9998247434784,49.9997935563054,0.00031538355092664,0.000115748418188844,-0.000175256521558254,-0.000206443694594327,0.02,0.02,0.02,0.02
9.93,f27c2278f5bdb77b,50.0003213527611,50.0001230146114,49.9998296196434,49.9997990244467,0.000321352761055493,0.000123014611361327,-0.00017038035661443,-0.000200975553283911,0.02,0.02,0.02,0.02
9.935,f27c2278f5bdb77b,50.0003273217066,50.000130280634,49.9998344955267,49.9998044923917,0.000327321706599548,0.000130280633968027,-0.000165504473329747,-0.00019550760834619,0.02,0.02,0.02,0.02
9.94,f27c2278f5bdb77b,50.0003332903513,50.0001375464427,49.9998393710982,49.9998099601068,0.000333290351335336,0.00013754644272268,-0.000160628901802795,-0.000190039893162464,0.02,0.02,0.02,0.02
9.945,f27c2278f5bdb77b,50.000339258659,50.0001448119943,49.9998442463279,49.9998154275589,0.000339258659010966,0.000144811994346128,-0.000155753672110848,-0.000184572441071396,0.02,0.02,0.02,0.02
9.95,f27c2278f5bdb77b,50.0003452265933,50.0001520772456,49.9998491211857,49.9998208947146,0.000345226593346126,0.000152077245559212,-0.000150878814309863,-0.000179105285369019,0.02,0.02,0.02,0.02
9.955,f27c2278f5bdb77b,50.000351194118,50.0001593421531,49.9998539956416,49.9998263615407,0.000351194118017872,0.000159342153089881,-0.000146004358420271,-0.000173638459301628,0.02,0.02,0.02,0.02
9.96,f27c2278f5bdb77b,50.0003571611967,50.0001666066737,49.9998588696655,49.9998318280039,0.00035716119671747,0.000166606673658976,-0.000141130334455397,-0.000168171996094202,0.02,0.02,0.02,0.02
9.965,f27c2278f5bdb77b,50.0003631277931,50.000173870764,49.9998637432276,49.9998372940711,0.000363127793093554,0.000173870764022865,-0.000136256772407251,-0.000162705928936191,0.02,0.02,0.02,0.02
9.97,f27c2278f5bdb77b,50.0003690938708,50.0001811343809,49.9998686162977,49.999842759709,0.000369093870808967,0.000181134380930814,-0.00013138370226784,-0.000157240291009941,0.02,0.02,0.02,0.02
9.975,f27c2278f5bdb77b,50.0003750593935,50.0001883974812,49.999873488846,49.9998482248845,0.000375059393526556,0.000188397481167613,-0.000126511153986542,-0.000151775115469377,0.02,0.02,0.02,0.02
9.98,f27c2278f5bdb77b,50.0003810243249,50.0001956600215,49.9998783608425,49.9998536895645,0.000381024324937584,0.000195660021510946,-0.000121639157541154,-0.000146310435454211,0.02,0.02,0.02,0.02
9.985,f27c2278f5bdb77b,50.0003869886287,50.0002029219588,49.9998832322571,49.9998591537159,0.000386988628747531,0.000202921958795343,-0.000116767742873947,-0.000140846284118368,0.02,0.02,0.02,0.02
9.99,f27c2278f5bdb77b,50.0003929522687,50.0002101832499,49.9998881030601,49.9998646173054,0.000392952268683189,0.000210183249869544,-0.000111896939941403,-0.000135382694622876,0.02,0.02,0.02,0.02
9.995,f27c2278f5bdb77b,50.0003989152085,50.0002174438516,49.9998929732213,49.9998700802999,0.000398915208549511,0.000217443851617816,-0.000107026778700003,-0.000129919700114556,0.02,0.02,0.02,0.02
10,f27c2278f5bdb77b,50.0004048774122,50.000224703721,49.9998978427109,49.9998755426662,0.000404877412158555,0.000224703720952846,-0.000102157289106231,-0.000124457333775752,0.02,0.02,0.02,0.02
10.005,f27c2278f5bdb77b,50.0004108388434,50.0002319628148,49.9999027114989,49.9998810043712,0.000410838843393435,0.000231962814837061,-9.72885011094604e-05,-0.00011899562880302,0.02,0.02,0.02,0.02
10.01,f27c2278f5bdb77b,50.0004167994662,50.0002392210903,49.9999075795553,49.9998864653816,0.000416799466215423,0.000239221090275521,-9.24204446803856e-05,-0.00011353461842134,0.02,0.02,0.02,0.02
10.015,f27c2278f5bdb77b,50.0004227592446,50.0002464785043,49.9999124468502,49.9998919256641,0.000422759244614213,0.000246478504287495,-8.75531497968041e-05,-0.000108074335877006,0.02,0.02,0.02,0.02
10.02,f27c2278f5bdb77b,50.0004287181427,50.000253735014,49.9999173133536,49.9998973851856,0.000428718142678974,0.000253735013977519,-8.26866464294085e-05,-0.000102614814444735,0.02,0.02,0.02,0.02
10.025,f27c2278f5bdb77b,50.0004346761245,50.0002609905765,49.9999221790354,49.9999028439126,0.000434676124548616,0.000260990576464337,-7.78209645702077e-05,-9.71560874347688e-05,0.02,0.02,0.02,0.02
10.03,f27c2278f5bdb77b,50.0004406331544,50.0002682451489,49.9999270438658,49.9999083018118,0.000440633154425996,0.00026824514890933,-7.2956134218316e-05,-9.16981881786683e-05,0.02,0.02,0.02,0.02
10.035,f27c2278f5bdb77b,50.0004465891966,50.0002754986885,49.9999319078146,49.99991375885,0.000446589196599234,0.000275498688544928,-6.80921853799532e-05,-8.62411500364146e-05,0.02,0.02,0.02,0.02
10.04,f27c2278f5bdb77b,50.0004525442154,50.0002827511526,49.9999367708519,49.9999192149936,0.000452544215406192,0.000282751152617777,-6.32291480542335e-05,-8.07850063964111e-05,0.02,0.02,0.02,0.02
10.045,f27c2278f5bdb77b,50.0004584981752,50.0002900024984,49.9999416329477,49.9999246702093,0.000458498175248678,0.000290002498417152,-5.83670522544821e-05,-7.5329790668377e-05,0.02,0.02,0.02,0.02
10.05,f27c2278f5bdb77b,50.0004644510406,50.0002972526833,49.999946494072,49.9999301244637,0.00046445104057824,0.000297252683289173,-5.35059280082351e-05,-6.98755362833481e-05,0.02,0.02,0.02,0.02
10.055,f27c2278f5bdb77b,50.0004704027759,50.0003045016646,49.9999513541947,49.9999355777233,0.000470402775896162,0.000304501664601275,-4.86458053288175e-05,-6.44222766723601e-05,0.02,0.02,0.02,0.02
10.06,f27c2278f5bdb77b,50.0004763533457,50.0003117493997,49.9999562132858,49.9999410299547,0.000476353345746361,0.000311749399742212,-4.37867142224491e-05,-5.89700452877651e-05,0.02,0.02,0.02,0.02
10.065,f27c2278f5bdb77b,50.0004823027147,50.0003189958462,49.9999610713153,49.9999464811244,0.000482302714694072,0.000318995846157577,-3.89286846953496e-05,-5.35188755677041e-05,0.02,0.02,0.02,0.02
10.07,f27c2278f5bdb77b,50.0004882508474,50.0003262409613,49.9999659282532,49.999951931199,0.000488250847354266,0.000326240961285862,-3.40717467537388e-05,-4.80688009503183e-05,0.02,0.02,0.02,0.02
10.075,f27c2278f5bdb77b,50.0004941977083,50.0003334847026,49.9999707840696,49.9999573801451,0.000494197708320598,0.000333484702608189,-2.92159303754147e-05,-4.26198548666434e-05,0.02,0.02,0.02,0.02
10.08,f27c2278f5bdb77b,50.0005001432622,50.0003407270276,49.9999756387345,49.9999628279293,0.000500143262222252,0.000340727027612786,-2.43612655310699e-05,-3.71720707121881e-05,0.02,0.02,0.02,0.02
10.085,f27c2278f5bdb77b,50.0005060874737,50.0003479678938,49.9999804922178,49.9999682745181,0.000506087473659989,0.000347967893816303,-1.95077821771861e-05,-3.172548186825e-05,0.02,0.02,0.02,0.02
10.09,f27c2278f5bdb77b,50.0005120303072,50.0003552072587,49.9999853444898,49.9999737198783,0.000512030307248779,0.000355207258714074,-1.46555102418233e-05,-2.62801216734942e-05,0.02,0.02,0.02,0.02
10.095,f27c2278f5bdb77b,50.0005179717276,50.0003624450798,49.9999901955204,49.9999791639766,0.000517971727560962,0.000362445079844065,-9.80447962461994e-06,-2.08360234310589e-05,0.02,0.02,0.02,0.02
10.1,f27c2278f5bdb77b,50.0005239116991,50.0003696813147,49.9999950452798,49.9999846067796,0.000523911699147561,0.000369681314722925,-4.9547202110034e-06,-1.53932203872387e-05,0.02,0.02,0.02,0.02
10.105,f27c2278f5bdb77b,50.0005298501865,50.0003769159209,49.9999998937382,49.9999900482542,0.000529850186545389,0.00037691592087441,-1.0626183666318e-07,-9.95174575280089e-06,0.02,0.02,0.02,0.02
10.11,f27c2278f5bdb77b,50.0005357871542,50.0003841488558,50.0000047408657,49.9999954883673,0.000535787154220202,0.000384148855836486,4.74086566981669e-06,-4.51163268166965e-06,0.02,0.02,0.02,0.02
10.115,f27c2278f5bdb77b,50.0005417225666,50.0003913800771,50.0000095866325,50.0000009270858,0.000541722566630654,0.000391380077118697,9.58663253669556e-06,9.27085750390688e-07,0.02,0.02,0.02,0.02
10.12,f27c2278f5bdb77b,50.0005476563882,50.0003986095422,50.000014431009,50.0000063643765,0.000547656388178552,0.000398609542244799,1.44310089993382e-05,6.36437649603749e-06,0.02,0.02,0.02,0.02
10.125,f27c2278f5bdb77b,50.0005535885832,50.0004058372087,50.0000192739653,50.0000118002066,0.000553588583208864,0.000405837208738546,1.9273965349953e-05,1.18002065860878e-05,0.02,0.02,0.02,0.02
10.13,f27c2278f5bdb77b,50.000559519116,50.0004130630341,50.0000241154719,50.0000172345431,0.000559519116038132,0.000413063034109484,2.41154719020642e-05,1.72345431153076e-05,0.02,0.02,0.02,0.02
10.135,f27c2278f5bdb77b,50.0005654479509,50.0004202869759,50.000028955499,50.0000226673532,0.000565447950947373,0.000420286975867157,2.89554990047236e-05,2.26673532139898e-05,0.02,0.02,0.02,0.02
10.14,f27c2278f5bdb77b,50.0005713750522,50.0004275089915,50.000033794017,50.0000280986041,0.000571375052167866,0.000427508991535319,3.37940170425099e-05,2.80986040905873e-05,0.02,0.02,0.02,0.02
10.145,f27c2278f5bdb77b,50.0005773003839,50.0004347290386,50.0000386309964,50.000033528263,0.000577300383909574,0.00043472903861641,3.86309964142129e-05,3.35282629961853e-05,0.02,0.02,0.02,0.02
10.15,f27c2278f5bdb77b,50.0005832239103,50.0004419470746,50.0000434664076,50.0000389562972,0.000583223910346931,0.000441947074648397,4.34664075754654e-05,3.89562972316071e-05,0.02,0.02,0.02,0.02
10.155,f27c2278f5bdb77b,50.0005891455956,50.0004491630571,50.000048300221,50.0000443826741,0.000589145595647267,0.000449163057140822,4.83002209819006e-05,4.43826741332032e-05,0.02,0.02,0.02,0.02
10.16,f27c2278f5bdb77b,50.000595065404,50.0004563769437,50.0000531324071,50.0000498073611,0.000595065403956596,0.00045637694365297,5.31324071246786e-05,4.98073610728511e-05,0.02,0.02,0.02,0.02
10.165,f27c2278f5bdb77b,50.0006009832994,50.0004635886917,50.0000579629365,50.0000552303255,0.000600983299420932,0.00046358869172991,5.79629365020651e-05,5.52303254579556e-05,0.02,0.02,0.02,0.02
10.17,f27c2278f5bdb77b,50.0006068992462,50.000470798259,50.0000627917797,50.0000606515347,0.000606899246214709,0.000470798258952243,6.27917796549582e-05,6.06515347101322e-05,0.02,0.02,0.02,0.02
10.175,f27c2278f5bdb77b,50.0006128132085,50.0004780056029,50.0000676189071,50.0000660709563,0.000612813208498153,0.000478005602921883,6.76189071029398e-05,6.60709562794182e-05,0.02,0.02,0.02,0.02
10.18,f27c2278f5bdb77b,50.0006187251505,50.0004852106813,50.0000724442894,50.0000714885576,0.000618725150481225,0.000485210681269166,7.24442894082244e-05,7.14885576158508e-05,0.02,0.02,0.02,0.02
10.185,f27c2278f5bdb77b,50.0006246350364,50.0004924134517,50.0000772678971,50.0000769043062,0.000624635036409416,0.000492413451652851,7.72678971259211e-05,7.69043061552566e-05,0.02,0.02,0.02,0.02
10.19,f27c2278f5bdb77b,50.0006305428306,50.0004996138718,50.0000820897008,50.0000823181694,0.000630542830556635,0.000499613871767224,8.20897008111388e-05,8.23181693547781e-05,0.02,0.02,0.02,0.02
10.195,f27c2278f5bdb77b,50.0006364484973,50.0005068118993,50.000086909671,50.0000877301147,0.000636448497274955,0.000506811899349202,8.69096710331974e-05,8.77301146502418e-05,0.02,0.02,0.02,0.02
10.2,f27c2278f5bdb77b,50.000642352001,50.0005140074922,50.0000917277783,50.0000931401094,0.000642352000959079,0.000514007492178337,9.17277783472059e-05,9.31401094490525e-05,0.02,0.02,0.02,0.02
10.205,f27c2278f5bdb77b,50.0006482533061,50.0005212006081,50.0000965439933,50.0000985481212,0.000648253306074764,0.000521200608076811,9.65439933224843e-05,9.85481211515093e-05,0.02,0.02,0.02,0.02
10.21,f27c2278f5bdb77b,50.0006541523772,50.0005283912049,50.0001013582865,50.0001039541171,0.000654152377165929,0.00052839120490944,0.000101358286514142,0.00010395411712949,0.02,0.02,0.02,0.02
10.215,f27c2278f5bdb77b,50.0006600491788,50.0005355792406,50.0001061706285,50.0001093580647,0.000660049178840438,0.000535579240604989,0.000106170628477287,0.000109358064733556,0.02,0.02,0.02,0.02
10.22,f27c2278f5bdb77b,50.0006659436758,50.0005427646731,50.0001109809898,50.0001147599313,0.00066594367578432,0.000542764673120644,0.000110980989759923,0.000114759931278741,0.02,0.02,0.02,0.02
10.225,f27c2278f5bdb77b,50.0006718358328,50.0005499474605,50.0001157893409,50.0001201596841,0.000671835832768863,0.000549947460470435,0.000115789340895844,0.000120159684051657,0.02,0.02,0.02,0.02
10.23,f27c2278f5bdb77b,50.0006777256146,50.0005571275607,50.0001205956524,50.0001255572903,0.000677725614643521,0.000557127560718129,0.000120595652440159,0.000125557290317602,0.02,0.02,0.02,0.02
10.235,f27c2278f5bdb77b,50.0006836129863,50.000564304932,50.0001253998949,50.0001309527173,0.000683612986314586,0.000564304931977233,0.000125399894919553,0.000130952717320554,0.02,0.02,0.02,0.02
10.24,f27c2278f5bdb77b,50.0006894979128,50.0005714795324,50.0001302020389,50.0001363459323,0.000689497912773618,0.00057147953241099,0.000130202038874927,0.000136345932276072,0.02,0.02,0.02,0.02
10.245,f27c2278f5bdb77b,50.0006953803591,50.0005786513202,50.0001350020548,50.0001417369024,0.000695380359061915,0.00057865132020396,0.000135002054832967,0.000141736902385503,0.02,0.02,0.02,0.02
10.25,f27c2278f5bdb77b,50.0007012602903,50.0005858202536,50.0001397999133,50.0001471255948,0.000701260290291827,0.000585820253604652,0.000139799913334571,0.000147125594843089,0.02,0.02,0.02,0.02
10.255,f27c2278f5bdb77b,50.0007071376716,50.0005929862909,50.0001445955849,50.0001525119768,0.000707137671625446,0.000592986290882891,0.000144595584934848,0.000152511976821756,0.02,0.02,0.02,0.02
10.26,f27c2278f5bdb77b,50.0007130124682,50.0006001493904,50.0001493890402,50.0001578960155,0.000713012468246177,0.00060014939035824,0.000149389040181802,0.000157896015522851,0.02,0.02,0.02,0.02
10.265,f27c2278f5bdb77b,50.0007188846454,50.0006073095104,50.0001541802496,50.0001632776781,0.000718884645380058,0.000607309510357368,0.000154180249637648,0.000163277678126406,0.02,0.02,0.02,0.02
10.27,f27c2278f5bdb77b,50.0007247541683,50.0006144666093,50.0001589691839,50.0001686569319,0.00072475416829576,0.000614466609256681,0.000158969183885915,0.000168656931855082,0.02,0.02,0.02,0.02
10.275,f27c2278f5bdb77b,50.0007306210022,50.0006216206454,50.0001637558135,50.0001740337439,0.000730621002233534,0.000621620645432586,0.000163755813531452,0.000174033743945756,0.02,0.02,0.02,0.02
10.28,f27c2278f5bdb77b,50.0007364851125,50.0006287715773,50.0001685401092,50.0001794080816,0.000736485112476259,0.000628771577289911,0.000168540109200421,0.000179408081649512,0.02,0.02,0.02,0.02
10.285,f27c2278f5bdb77b,50.0007423464643,50.0006359193632,50.0001733220415,50.0001847799123,0.000742346464271293,0.000635919363240589,0.000173322041540303,0.000184779912288491,0.02,0.02,0.02,0.02
10.29,f27c2278f5bdb77b,50.0007482050229,50.0006430639617,50.0001781015812,50.0001901492032,0.000748205022865989,0.000643063961724977,0.000178101581234102,0.000190149203199041,0.02,0.02,0.02,0.02
10.295,f27c2278f5bdb77b,50.0007540607535,50.0006502053312,50.000182878699,50.0001955159218,0.000754060753472174,0.000650205331155007,0.00018287869899325,0.000195515921788569,0.02,0.02,0.02,0.02
10.3,f27c2278f5bdb77b,50.0007599136213,50.00065734343,50.0001876533656,50.0002008800355,0.000759913621294572,0.000657343429971036,0.000187653365571805,0.000200880035514217,0.02,0.02,0.02,0.02
10.305,f27c2278f5bdb77b,50.0007657635915,50.0006644782166,50.0001924255517,50.0002062415119,0.000765763591481061,0.000664478216620523,0.000192425551745146,0.000206241511889971,0.02,0.02,0.02,0.02
10.31,f27c2278f5bdb77b,50.0007716106291,50.0006716096495,50.0001971952283,50.0002116003185,0.000771610629143993,0.000671609649522509,0.000197195228345493,0.000211600318507976,0.02,0.02,0.02,0.02
10.315,f27c2278f5bdb77b,50.0007774546994,50.0006787376871,50.0002019623662,50.000216956423,0.000777454699360192,0.000678737687124453,0.000201962366226383,0.000216956423010117,0.02,0.02,0.02,0.02
10.32,f27c2278f5bdb77b,50.0007832957671,50.0006858622879,50.0002067269363,50.0002223097931,0.000783295767149639,0.000685862287859607,0.000206726936298196,0.000222309793116438,0.02,0.02,0.02,0.02
10.325,f27c2278f5bdb77b,50.0007891337975,50.0006929834101,50.0002114889095,50.0002276603966,0.000789133797510999,0.000692983410147008,0.000211488909499735,0.000227660396610929,0.02,0.02,0.02,0.02
10.33,f27c2278f5bdb77b,50.0007949687554,50.0007001010124,50.0002162482568,50.0002330082013,0.000794968755386094,0.000700101012419907,0.000216248256812435,0.000233008201348639,0.02,0.02,0.02,0.02
10.335,f27c2278f5bdb77b,50.0008008006057,50.0007072150531,50.0002210049493,50.0002383531752,0.000800800605674112,0.000707215053118659,0.000221004949253256,0.000238353175241457,0.02,0.02,0.02,0.02
10.34,f27c2278f5bdb77b,50.0008066293133,50.0007143254907,50.0002257589579,50.0002436952863,0.000806629313260032,0.00071432549066941,0.0002257589578889,0.000243695286265222,0.02,0.02,0.02,0.02
10.345,f27c2278f5bdb77b,50.000812454843,50.0007214322835,50.0002305102538,50.0002490345025,0.000812454842979093,0.000721432283512513,0.000230510253800276,0.000249034502459722,0.02,0.02,0.02,0.02
10.35,f27c2278f5bdb77b,50.0008182771597,50.0007285353901,50.0002352588081,50.0002543707919,0.000818277159673642,0.000728535390095431,0.000235258808118033,0.000254370791893166,0.02,0.02,0.02,0.02
10.355,f27c2278f5bdb77b,50.0008240962282,50.0007356347689,50.000240004592,50.0002597041227,0.000824096228150495,0.000735634768886939,0.000240004591994136,0.000259704122697713,0.02,0.02,0.02,0.02
10.36,f27c2278f5bdb77b,50.0008299120132,50.0007427303784,50.0002447475766,50.000265034463,0.000829912013230683,0.000742730378362921,0.000244747576601867,0.000265034463041047,0.02,0.02,0.02,0.02
10.365,f27c2278f5bdb77b,50.0008357244797,50.000749822177,50.0002494877332,50.0002703617811,0.000835724479749445,0.000749822177027681,0.000249487733150033,0.000270361781097961,0.02,0.02,0.02,0.02
10.37,f27c2278f5bdb77b,50.0008415335925,50.0007569101234,50.0002542250329,50.0002756860451,0.000841533592542021,0.000756910123399734,0.000254225032854549,0.000275686045092982,0.02,0.02,0.02,0.02
10.375,f27c2278f5bdb77b,50.0008473393165,50.000763994176,50.000258959447,50.0002810072233,0.000847339316486284,0.000763994176047333,0.000258959446952645,0.000281007223257745,0.02,0.02,0.02,0.02
10.38,f27c2278f5bdb77b,50.0008531416165,50.0007710742935,50.0002636909467,50.0002863252838,0.000853141616502739,0.000771074293545837,0.000263690946702866,0.00028632528381678,0.02,0.02,0.02,0.02
10.385,f27c2278f5bdb77b,50.0008589404576,50.0007781504345,50.0002684195033,50.000291640195,0.000858940457554525,0.000778150434534552,0.000268419503349548,0.000291640195008824,0.02,0.02,0.02,0.02
10.39,f27c2278f5bdb77b,50.0008647358047,50.0007852225577,50.0002731450882,50.0002969519251,0.00086473580466162,0.000785222557688314,0.000273145088172555,0.000296951925051303,0.02,0.02,0.02,0.02
10.395,f27c2278f5bdb77b,50.0008705276229,50.0007922906217,50.0002778676724,50.0003022604422,0.000870527622922168,0.000792290621717484,0.000277867672437537,0.00030226044217585,0.02,0.02,0.02,0.02
10.4,f27c2278f5bdb77b,50.0008763158775,50.0007993545854,50.0002825872274,50.0003075657146,0.000876315877491152,0.000799354585389267,0.000282587227417253,0.000307565714564362,0.02,0.02,0.02,0.02
10.405,f27c2278f5bdb77b,50.0008821005336,50.0008064144075,50.0002873037244,50.0003128677104,0.000882100533608821,0.000806414407520606,0.000287303724377352,0.000312867710391629,0.02,0.02,0.02,0.02
10.41,f27c2278f5bdb77b,50.0008878815566,50.000813470047,50.0002920171346,50.0003181663978,0.000887881556607795,0.000813470046985287,0.0002920171345977,0.000318166397818231,0.02,0.02,0.02,0.02
10.415,f27c2278f5bdb77b,50.0008936589119,50.0008205214627,50.0002967274293,50.000323461745,0.000893658911891748,0.00082052146269973,0.000296727429343946,0.000323461744955011,0.02,0.02,0.02,0.02
10.42,f27c2278f5bdb77b,50.000899432565,50.0008275686137,50.0003014345799,50.0003287537199,0.000899432564963831,0.000827568613651408,0.000301434579888848,0.000328753719912811,0.02,0.02,0.02,0.02
10.425,f27c2278f5bdb77b,50.0009052024814,50.0008346114589,50.0003061385575,50.0003340422907,0.000905202481398248,0.000834611458856216,0.000306138557490954,0.000334042290745629,0.02,0.02,0.02,0.02
10.43,f27c2278f5bdb77b,50.0009109686269,50.0008416499574,50.0003108393334,50.0003393274255,0.000910968626875786,0.000841649957415314,0.000310839333415913,0.000339327425507463,0.02,0.02,0.02,0.02
10.435,f27c2278f5bdb77b,50.0009167309671,50.0008486840684,50.0003155368789,50.0003446090922,0.000916730967119861,0.000848684068444072,0.000315536878936484,0.000344609092230996,0.02,0.02,0.02,0.02
10.44,f27c2278f5bdb77b,50.000922489468,50.0008557137511,50.0003202311653,50.0003498872589,0.00092248946796758,0.000855713751143128,0.000320231165325424,0.000349887258913384,0.02,0.02,0.02,0.02
10.445,f27c2278f5bdb77b,50.0009282440953,50.0008627389647,50.0003249221639,50.0003551618936,0.00092824409529868,0.000862738964727328,0.00032492216385549,0.000355161893565992,0.02,0.02,0.02,0.02
10.45,f27c2278f5bdb77b,50.0009339948151,50.0008697596685,50.0003296098458,50.0003604329642,0.000933994815063954,0.000869759668468362,0.00032960984581365,0.000360432964164659,0.02,0.02,0.02,0.02
10.455,f27c2278f5bdb77b,50.0009397415932,50.0008767758217,50.0003342941825,50.0003657004387,0.000939741593249721,0.000876775821673448,0.000334294182493977,0.000365700438727856,0.02,0.02,0.02,0.02
10.46,f27c2278f5bdb77b,50.0009454843959,50.0008837873837,50.0003389751452,50.0003709642852,0.000945484395899143,0.000883787383692436,0.000338975145211862,0.000370964285238529,0.02,0.02,0.02,0.02
10.465,f27c2278f5bdb77b,50.0009512231891,50.0008907943139,50.0003436527053,50.0003762244717,0.000951223189069594,0.000890794313896492,0.000343652705296904,0.000376224471743569,0.02,0.02,0.02,0.02
10.47,f27c2278f5bdb77b,50.0009569579389,50.0008977965717,50.0003483268341,50.0003814809663,0.00095695793886108,0.000897796571670995,0.000348326834114232,0.00038148096627566,0.02,0.02,0.02,0.02
10.475,f27c2278f5bdb77b,50.0009626886114,50.0009047941164,50.000352997503,50.0003867337369,0.000962688611359397,0.000904794116443952,0.000352997503043184,0.000386733736924327,0.02,0.02,0.02,0.02
10.48,f27c2278f5bdb77b,50.0009684151727,50.0009117869077,50.0003576646835,50.0003919827518,0.000968415172657444,0.00091178690765048,0.000357664683491521,0.000391982751821729,0.02,0.02,0.02,0.02
10.485,f27c2278f5bdb77b,50.0009741375888,50.0009187749047,50.0003623283469,50.0003972279791,0.000974137588841018,0.000918774904739905,0.00036232834691674,0.00039722797913555,0.02,0.02,0.02,0.02
10.49,f27c2278f5bdb77b,50.000979855826,50.0009257580672,50.0003669884648,50.0004024693871,0.000979855825981701,0.000925758067154447,0.000366988464797657,0.000402469387097426,0.02,0.02,0.02,0.02
10.495,f27c2278f5bdb77b,50.0009855698501,50.0009327363544,50.0003716450087,50.000407706944,0.000985569850108448,0.000932736354371855,0.000371645008662824,0.000407706944010044,0.02,0.02,0.02,0.02
10.5,f27c2278f5bdb77b,50.0009912796272,50.0009397097258,50.0003762979501,50.0004129406182,0.000991279627228892,0.000939709725848559,0.000376297950076321,0.000412940618232938,0.02,0.02,0.02,0.02
10.505,f27c2278f5bdb77b,50.0009969851233,50.0009466781411,50.0003809472607,50.0004181703782,0.000996985123308036,0.000946678141055202,0.000380947260651965,0.000418170378196692,0.02,0.02,0.02,0.02
10.51,f27c2278f5bdb77b,50.0010026863043,50.0009536415595,50.000385592912,50.0004233961924,0.00100268630427536,0.000953641559462426,0.000385592912046206,0.000423396192402947,0.02,0.02,0.02,0.02
10.515,f27c2278f5bdb77b,50.001008383136,50.0009605999405,50.000390234876,50.0004286180294,0.00100838313601059,0.000960599940519558,0.00039023487597234,0.000428618029445715,0.02,0.02,0.02,0.02
10.52,f27c2278f5bdb77b,50.0010140755843,50.0009675532437,50.0003948731242,50.000433835858,0.00101407558434374,0.00096755324371145,0.000394873124164974,0.000433835857982956,0.02,0.02,0.02,0.02
10.525,f27c2278f5bdb77b,50.0010197636151,50.0009745014285,50.0003995076284,50.0004390496467,0.00101976361506928,0.000974501428487429,0.000399507628436879,0.000439049646743683,0.02,0.02,0.02,0.02
10.53,f27c2278f5bdb77b,50.001025447194,50.0009814444543,50.0004041383606,50.0004442593645,0.00102544719395326,0.000981444454318137,0.000404138360615036,0.000444259364542177,0.02,0.02,0.02,0.02
10.535,f27c2278f5bdb77b,50.0010311262867,50.0009883822807,50.0004087652926,50.0004494649802,0.00103112628670488,0.000988382280674216,0.000408765292590374,0.000449464980249559,0.02,0.02,0.02,0.02
10.54,f27c2278f5bdb77b,50.001036800859,50.000995314867,50.0004133883963,50.0004546664628,0.00103680085901914,0.000995314867033414,0.000413388396296455,0.000454666462808007,0.02,0.02,0.02,0.02
10.545,f27c2278f5bdb77b,50.0010424708766,50.0010022421729,50.0004180076437,50.0004598637812,0.00104247087658393,0.00100224217287348,0.000418007643681051,0.000459863781216541,0.02,0.02,0.02,0.02
10.55,f27c2278f5bdb77b,50.001048136305,50.0010091641577,50.0004226230068,50.0004650569045,0.00104813630504452,0.00100916415770769,0.00042262300676299,0.000465056904531025,0.02,0.02,0.02,0.02
10.555,f27c2278f5bdb77b,50.0010537971101,50.001016080781,50.0004272344576,50.0004702458018,0.00105379711006748,0.00101608078104221,0.000427234457561099,0.00047024580184285,0.02,0.02,0.02,0.02
10.56,f27c2278f5bdb77b,50.0010594532573,50.0010229920024,50.0004318419682,50.0004754304423,0.00105945325732648,0.00102299200242584,0.000431841968151048,0.00047543044228604,0.02,0.02,0.02,0.02
10.565,f27c2278f5bdb77b,50.0010651047125,50.0010298977814,50.0004364455106,50.000480610795,0.00106510471251653,0.0010298977814216,0.000436445510608507,0.000480610795030145,0.02,0.02,0.02,0.02
10.57,f27c2278f5bdb77b,50.0010707514414,50.0010367980776,50.000441045057,50.0004857868293,0.00107075144135393,0.00103679807763513,0.000441045057044676,0.000485786829258927,0.02,0.02,0.02,0.02
10.575,f27c2278f5bdb77b,50.0010763934096,50.0010436928507,50.0004456405796,50.0004909585142,0.00107639340959764,0.00104369285069339,0.000445640579584961,0.000490958514163253,0.02,0.02,0.02,0.02
10.58,f27c2278f5bdb77b,50.0010820305831,50.0010505820603,50.0004502320504,50.0004961258189,0.00108203058308476,0.00105058206028019,0.000450232050383192,0.000496125818948201,0.02,0.02,0.02,0.02
10.585,f27c2278f5bdb77b,50.0010876629277,50.0010574656661,50.0004548194416,50.0005012887128,0.00108766292768081,0.00105746566612197,0.000454819441578991,0.000501288712811743,0.02,0.02,0.02,0.02
10.59,f27c2278f5bdb77b,50.0010932904094,50.001064343628,50.0004594027253,50.0005064471649,0.0010932904093508,0.0010643436279878,0.000459402725333291,0.00050644716493764,0.02,0.02,0.02,0.02
10.595,f27c2278f5bdb77b,50.0010989129941,50.0010712159057,50.0004639818738,50.0005116011445,0.00109891299411657,0.00107121590570358,0.00046398187382124,0.00051160114451676,0.02,0.02,0.02,0.02
10.6,f27c2278f5bdb77b,50.0011045306481,50.0010780824592,50.0004685568592,50.0005167506207,0.00110453064810656,0.00107808245915209,0.000468556859210878,0.000516750620690232,0.02,0.02,0.02,0.02
10.605,f27c2278f5bdb77b,50.0011101433375,50.0010849432483,50.0004731276537,50.0005218955626,0.00111014333752024,0.0010849432482658,0.000473127653663141,0.000521895562599184,0.02,0.02,0.02,0.02
10.61,f27c2278f5bdb77b,50.0011157510287,50.001091798233,50.0004776942294,50.0005270359393,0.00111575102867789,0.00109179823304117,0.000477694229374492,0.000527035939342113,0.02,0.02,0.02,0.02
10.615,f27c2278f5bdb77b,50.001121353688,50.0010986473735,50.0004822565585,50.00053217172,0.00112135368797794,0.0010986473735457,0.000482256558498761,0.00053217172001041,0.02,0.02,0.02,0.02
10.62,f27c2278f5bdb77b,50.0011269512819,50.0011054906299,50.0004868146132,50.0005373028737,0.0011269512819112,0.00110549062987531,0.000486814613225306,0.000537302873659939,0.02,0.02,0.02,0.02
10.625,f27c2278f5bdb77b,50.0011325437771,50.0011123279622,50.0004913683657,50.0005424293693,0.00113254377706795,0.00111232796221827,0.000491368365729272,0.000542429369325248,0.02,0.02,0.02,0.02
10.63,f27c2278f5bdb77b,50.0011381311401,50.0011191593308,50.0004959177882,50.000547551176,0.00113813114013794,0.00111915933079842,0.000495917788192912,0.000547551176005356,0.02,0.02,0.02,0.02
10.635,f27c2278f5bdb77b,50.0011437133379,50.0011259846959,50.0005004628528,50.0005526682627,0.00114371333788199,0.00112598469589642,0.000500462852805583,0.000552668262706391,0.02,0.02,0.02,0.02
10.64,f27c2278f5bdb77b,50.0011492903371,50.0011328040178,50.0005050035318,50.0005577805984,0.00114929033714617,0.00113280401784266,0.000505003531763748,0.00055778059841316,0.02,0.02,0.02,0.02
10.645,f27c2278f5bdb77b,50.0011548621048,50.001139617257,50.0005095397973,50.0005628881521,0.00115486210484761,0.00113961725703149,0.00050953979727808,0.000562888152096264,0.02,0.02,0.02,0.02
10.65,f27c2278f5bdb77b,50.001160428608,50.0011464243739,50.0005140716216,50.0005679908927,0.00116042860795318,0.00114642437388568,0.000514071621573464,0.000567990892747616,0.02,0.02,0.02,0.02
10.655,f27c2278f5bdb77b,50.0011659898135,50.0011532253289,50.0005185989769,50.0005730887894,0.00116598981347948,0.00115322532885642,0.00051859897688189,0.000573088789359133,0.02,0.02,0.02,0.02
10.66,f27c2278f5bdb77b,50.0011715456885,50.0011600200825,50.0005231218355,50.0005781818109,0.00117154568850708,0.00116002008245886,0.000523121835485085,0.00057818181093694,0.02,0.02,0.02,0.02
10.665,f27c2278f5bdb77b,50.0011770962001,50.0011668085952,50.0005276401697,50.0005832699265,0.00117709620011652,0.00116680859521523,0.000527640169664778,0.000583269926529795,0.02,0.02,0.02,0.02
10.67,f27c2278f5bdb77b,50.0011826413154,50.0011735908277,50.0005321539517,50.0005883531052,0.00118264131541679,0.00117359082767621,0.000532153951745329,0.000588353105214878,0.02,0.02,0.02,0.02
10.675,f27c2278f5bdb77b,50.0011881810015,50.0011803667404,50.0005366631541,50.0005934313161,0.00118818100150975,0.00118036674042798,0.000536663154086625,0.000593431316112003,0.02,0.02,0.02,0.02
10.68,f27c2278f5bdb77b,50.0011937152255,50.001187136294,50.0005411677491,50.0005985045284,0.00119371522551859,0.00118713629404965,0.000541167749084082,0.000598504528397825,0.02,0.02,0.02,0.02
10.685,f27c2278f5bdb77b,50.0011992439545,50.0011938994491,50.0005456677092,50.0006035727113,0.00119924395453097,0.00119389944914872,0.000545667709182851,0.00060357271131295,0.02,0.02,0.02,0.02
10.69,f27c2278f5bdb77b,50.0012047671556,50.0012006561663,50.0005501630069,50.0006086358342,0.00120476715560613,0.00120065616633269,0.000550163006856508,0.00060863583416193,0.02,0.02,0.02,0.02
10.695,f27c2278f5bdb77b,50.0012102847958,50.0012074064062,50.0005546536146,50.0006136938663,0.00121028479578911,0.0012074064062233,0.000554653614642575,0.00061369386632748,0.02,0.02,0.02,0.02
10.7,f27c2278f5bdb77b,50.0012157968421,50.0012141501294,50.0005591395051,50.0006187467773,0.00121579684208228,0.00121415012943515,0.000559139505121209,0.000618746777263368,0.02,0.02,0.02,0.02
10.705,f27c2278f5bdb77b,50.0012213032614,50.0012208872966,50.0005636206509,50.0006237945365,0.00122130326143832,0.00122088729659708,0.000563620650936514,0.000623794536515732,0.02,0.02,0.02,0.02
10.71,f27c2278f5bdb77b,50.0012268040208,50.0012276178683,50.0005680970248,50.0006288371137,0.00122680402078146,0.0012276178683166,0.000568097024761016,0.000628837113701763,0.02,0.02,0.02,0.02
10.715,f27c2278f5bdb77b,50.001232299087,50.0012343418052,50.0005725685993,50.0006338744785,0.00123229908697198,0.00123434180522963,0.000572568599345402,0.000633874478531027,0.02,0.02,0.02,0.02
10.72,f27c2278f5bdb77b,50.0012377884268,50.0012410590679,50.0005770353475,50.0006389066008,0.00123778842684175,0.0012410590679437,0.000577035347475885,0.000638906600805456,0.02,0.02,0.02,0.02
10.725,f27c2278f5bdb77b,50.0012432720072,50.0012477696171,50.000581497242,50.0006439334504,0.0012432720071871,0.00124776961710182,0.000581497242002627,0.000643933450390932,0.02,0.02,0.02,0.02
10.73,f27c2278f5bdb77b,50.0012487497947,50.0012544734133,50.0005859542558,50.0006489549972,0.00124874979474043,0.00125447341331153,0.000585954255818422,0.000648954997238604,0.02,0.02,0.02,0.02
10.735,f27c2278f5bdb77b,50.0012542217562,50.0012611704172,50.0005904063619,50.0006539712114,0.00125422175624124,0.00126117041722296,0.000590406361865803,0.000653971211384885,0.02,0.02,0.02,0.02
10.74,f27c2278f5bdb77b,50.0012596878584,50.0012678605895,50.0005948535331,50.0006589820629,0.00125968785837927,0.00126786058947914,0.000594853533137041,0.000658982062915925,0.02,0.02,0.02,0.02
10.745,f27c2278f5bdb77b,50.0012651480679,50.0012745438907,50.0005992957427,50.000663987522,0.00126514806785138,0.00127454389074444,0.000599295742659933,0.000663987521996035,0.02,0.02,0.02,0.02
10.75,f27c2278f5bdb77b,50.0012706023513,50.0012812202817,50.0006037329635,50.0006689875588,0.00127060235134024,0.00128122028169031,0.000603732963512016,0.000668987558832157,0.02,0.02,0.02,0.02
10.755,f27c2278f5bdb77b,50.0012760506755,50.001287889723,50.0006081651688,50.0006739821437,0.0012760506755356,0.00128788972303084,0.000608165168785035,0.000673982143673868,0.02,0.02,0.02,0.02
10.76,f27c2278f5bdb77b,50.0012814930072,50.0012945521755,50.0006125923316,50.0006789712468,0.00128149300716984,0.00129455217549435,0.000612592331634687,0.000678971246820481,0.02,0.02,0.02,0.02
10.765,f27c2278f5bdb77b,50.001286929313,50.0013012075999,50.0006170144252,50.0006839548386,0.00128692931298247,0.00130120759985175,0.000617014425209561,0.000683954838592626,0.02,0.02,0.02,0.02
10.77,f27c2278f5bdb77b,50.0012923595598,50.0013078559569,50.0006214314227,50.0006889328893,0.0012923595597627,0.00130785595690242,0.000621431422707985,0.000688932889318039,0.02,0.02,0.02,0.02
10.775,f27c2278f5bdb77b,50.0012977837144,50.0013144972075,50.0006258432973,50.0006939053694,0.00129778371437794,0.00131449720751675,0.000625843297328288,0.000693905369359982,0.02,0.02,0.02,0.02
10.78,f27c2278f5bdb77b,50.0013032017437,50.0013211313126,50.0006302500223,50.0006988722491,0.00130320174374532,0.00132113131257228,0.000630250022297218,0.000698872249067506,0.02,0.02,0.02,0.02
10.785,f27c2278f5bdb77b,50.0013086136149,50.001327758233,50.0006346515709,50.0007038334988,0.00130861361485302,0.00132775823303888,0.000634651570855738,0.000703833498775452,0.02,0.02,0.02,0.02
10.79,f27c2278f5bdb77b,50.0013140192948,50.0013343779299,50.0006390479163,50.0007087890888,0.00131401929478869,0.00133437792992197,0.000639047916251911,0.000708789088832873,0.02,0.02,0.02,0.02
10.795,f27c2278f5bdb77b,50.0013194187507,50.0013409903643,50.0006434390317,50.0007137389896,0.00131941875073949,0.00134099036428381,0.0006434390317267,0.000713738989553292,0.02,0.02,0.02,0.02
10.8,f27c2278f5bdb77b,50.00132481195,50.0013475954973,50.0006478248905,50.0007186831712,0.00132481194996359,0.00134759549727193,0.000647824890549487,0.000718683171228918,0.02,0.02,0.02,0.02
10.805,f27c2278f5bdb77b,50.0013301988599,50.0013541932901,50.000652205466,50.0007236216041,0.0013301988598613,0.00135419329007647,0.000652205465982547,0.000723621604144853,0.02,0.02,0.02,0.02
10.81,f27c2278f5bdb77b,50.0013355794479,50.001360783704,50.0006565807313,50.0007285542585,0.00133557944791107,0.00136078370395154,0.000656580731288159,0.000728554258536462,0.02,0.02,0.02,0.02
10.815,f27c2278f5bdb77b,50.0013409536817,50.0013673667002,50.0006609506597,50.0007334811046,0.00134095368171216,0.00136736670023652,0.000660950659735704,0.000733481104639111,0.02,0.02,0.02,0.02
10.82,f27c2278f5bdb77b,50.001346321529,50.0013739422403,50.0006653152246,50.0007384021126,0.0013463215289633,0.0013739422403134,0.000665315224615881,0.000738402112638425,0.02,0.02,0.02,0.02
10.825,f27c2278f5bdb77b,50.0013516829575,50.0013805102856,50.0006696743992,50.0007433172527,0.00135168295746269,0.00138051028564234,0.000669674399198072,0.000743317252727138,0.02,0.02,0.02,0.02
10.83,f27c2278f5bdb77b,50.0013570379351,50.0013870707977,50.0006740281568,50.0007482264951,0.00135703793510089,0.00138707079773326,0.000674028156772977,0.000748226495055349,0.02,0.02,0.02,0.02
10.835,f27c2278f5bdb77b,50.0013623864299,50.0013936237382,50.0006783764707,50.0007531298098,0.00136238642987507,0.00139362373815999,0.000678376470652609,0.000753129809780262,0.02,0.02,0.02,0.02
10.84,f27c2278f5bdb77b,50.0013677284099,50.0014001690685,50.0006827193141,50.000758027167,0.00136772840985344,0.00140016906854612,0.000682719314141877,0.000758027167044872,0.02,0.02,0.02,0.02
10.845,f27c2278f5bdb77b,50.0013730638432,50.0014067067506,50.0006870566606,50.000762918537,0.00137306384316815,0.00140670675056498,0.00068705666058122,0.000762918536992174,0.02,0.02,0.02,0.02
10.85,f27c2278f5bdb77b,50.001378392698,50.0014132367459,50.0006913884833,50.0007678038898,0.00137839269801532,0.00141323674594673,0.000691388483325284,0.000767803889793583,0.02,0.02,0.02,0.02
10.855,f27c2278f5bdb77b,50.0013837149427,50.0014197590164,50.0006957147558,50.0007726831956,0.00138371494265499,0.00141975901644997,0.000695714755757137,0.000772683195627621,0.02,0.02,0.02,0.02
10.86,f27c2278f5bdb77b,50.0013890305454,50.0014262735239,50.0007000354513,50.0007775564247,0.00138903054535433,0.00142627352386171,0.000700035451281167,0.000777556424701231,0.02,0.02,0.02,0.02
10.865,f27c2278f5bdb77b,50.0013943394744,50.00143278023,50.0007043505434,50.0007824235473,0.00139433947443024,0.00143278023001159,0.000704350543351495,0.000782423547263988,0.02,0.02,0.02,0.02
10.87,f27c2278f5bdb77b,50.0013996416982,50.0014392790968,50.0007086600054,50.0007872845336,0.00139964169820672,0.00143927909675767,0.000708660005443562,0.000787284533615207,0.02,0.02,0.02,0.02
10.875,f27c2278f5bdb77b,50.001404937185,50.001445770086,50.0007129638111,50.0007921393541,0.00140493718499357,0.00144577008595803,0.000712963811103862,0.000792139354111043,0.02,0.02,0.02,0.02
10.88,f27c2278f5bdb77b,50.0014102259031,50.0014522531595,50.0007172619339,50.0007969879792,0.00141022590311479,0.00145225315951336,0.000717261933885993,0.000796987979178709,0.02,0.02,0.02,0.02
10.885,f27c2278f5bdb77b,50.0014155078209,50.0014587282793,50.0007215543474,50.0008018303793,0.00141550782085886,0.00145872827931015,0.000721554347435927,0.00080183037930226,0.02,0.02,0.02,0.02
10.89,f27c2278f5bdb77b,50.0014207829065,50.0014651954073,50.0007258410254,50.0008066665251,0.00142078290648584,0.00146519540726331,0.000725841025420948,0.00080666652507233,0.02,0.02,0.02,0.02
10.895,f27c2278f5bdb77b,50.0014260511282,50.0014716545053,50.0007301219416,50.0008114963871,0.00142605112822736,0.00147165450528774,0.000730121941579398,0.000811496387136401,0.02,0.02,0.02,0.02
10.9,f27c2278f5bdb77b,50.0014313124543,50.0014781055353,50.0007343970697,50.0008163199363,0.00143131245426531,0.00147810553528416,0.000734397069713566,0.000816319936255638,0.02,0.02,0.02,0.02
10.905,f27c2278f5bdb77b,50.0014365668527,50.0014845484592,50.0007386663837,50.0008211371433,0.00143656685274607,0.00148454845918877,0.000738666383668374,0.000821137143262263,0.02,0.02,0.02,0.02
10.91,f27c2278f5bdb77b,50.0014418142918,50.0014909832389,50.0007429298574,50.0008259479791,0.00144181429177337,0.00149098323890229,0.000742929857359798,0.000825947979102182,0.02,0.02,0.02,0.02
10.915,f27c2278f5bdb77b,50.0014470547394,50.0014974098364,50.0007471874648,50.0008307524148,0.00144705473940121,0.00149740983636093,0.000747187464760657,0.000830752414806568,0.02,0.02,0.02,0.02
10.92,f27c2278f5bdb77b,50.0014522881636,50.0015038282135,50.0007514391799,50.0008355504215,0.00145228816364096,0.00150382821348671,0.00075143917990772,0.00083555042149186,0.02,0.02,0.02,0.02
10.925,f27c2278f5bdb77b,50.0014575145325,50.0015102383322,50.0007556849769,50.0008403419704,0.00145751453246135,0.00151023833220876,0.000755684976894599,0.000840341970366865,0.02,0.02,0.02,0.02
10.93,f27c2278f5bdb77b,50.0014627338138,50.0015166401545,50.0007599248299,50.0008451270327,0.0014627338138169,0.00151664015446329,0.000759924829850434,0.000845127032739867,0.02,0.02,0.02,0.02
10.935,f27c2278f5bdb77b,50.0014679459756,50.0015230336422,50.000764158713,50.00084990558,0.0014679459756195,0.00152303364220074,0.000764158712989627,0.000849905579961785,0.02,0.02,0.02,0.02
10.94,f27c2278f5bdb77b,50.0014731509858,50.0015294187574,50.0007683866005,50.0008546775835,0.00147315098578105,0.00152941875739288,0.000768386600547899,0.000854677583490115,0.02,0.02,0.02,0.02
10.945,f27c2278f5bdb77b,50.0014783488122,50.001535795462,50.0007726084668,50.0008594430148,0.00147834881220632,0.00153579546201854,0.000772608466832025,0.00085944301482499,0.02,0.02,0.02,0.02
10.95,f27c2278f5bdb77b,50.0014835394228,50.0015421637181,50.0007768242862,50.0008642018455,0.00148353942280721,0.00154216371810634,0.000776824286170097,0.000864201845530488,0.02,0.02,0.02,0.02
10.955,f27c2278f5bdb77b,50.0014887227855,50.0015485234877,50.0007810340329,50.0008689540472,0.00148872278552403,0.00154852348769197,0.000781034032932837,0.000868954047206216,0.02,0.02,0.02,0.02
10.96,f27c2278f5bdb77b,50.0014938988683,50.0015548747329,50.0007852376815,50.0008736995915,0.00149389886832552,0.00155487473285376,0.000785237681526496,0.000873699591494415,0.02,0.02,0.02,0.02
10.965,f27c2278f5bdb77b,50.0014990676392,50.0015612174157,50.0007894352064,50.0008784384501,0.00149906763922303,0.0015612174157198,0.000789435206392852,0.000878438450065744,0.02,0.02,0.02,0.02
10.97,f27c2278f5bdb77b,50.0015042290663,50.0015675514985,50.000793626582,50.0008831705946,0.0015042290663061,0.00156755149846788,0.000793626581987894,0.000883170594590865,0.02,0.02,0.02,0.02
10.975,f27c2278f5bdb77b,50.0015093831177,50.0015738769433,50.0007978117828,50.0008878959968,0.00150938311771398,0.00157387694331135,0.000797811782796032,0.000887895996768862,0.02,0.02,0.02,0.02
10.98,f27c2278f5bdb77b,50.0015145297617,50.0015801937125,50.0008019907833,50.0008926146283,0.00151452976169253,0.0015801937125417,0.000801990783315887,0.00089261462829171,0.02,0.02,0.02,0.02
10.985,f27c2278f5bdb77b,50.0015196689666,50.0015865017685,50.0008061635581,50.0008973264608,0.00151966896655864,0.00158650176850017,0.000806163558060291,0.000897326460830072,0.02,0.02,0.02,0.02
10.99,f27c2278f5bdb77b,50.0015248007007,50.0015928010736,50.0008103300815,50.0009020314661,0.0015248007007358,0.00159280107359194,0.000810330081549182,0.00090203146606882,0.02,0.02,0.02,0.02
10.995,f27c2278f5bdb77b,50.0015299249328,50.0015990915903,50.0008144903283,50.0009067296156,0.00152992493278248,0.00159909159030747,0.000814490328316708,0.000906729615643087,0.02,0.02,0.02,0.02
11,f27c2278f5bdb77b,50.0015350416313,50.0016053732812,50.0008186442729,50.0009114208812,0.00153504163132823,0.00160537328117982,0.000818644272911229,0.000911420881180902,0.02,0.02,0.02,0.02
11.005,f27c2278f5bdb77b,50.0015401507652,50.0016116461088,50.0008227918899,50.0009161052343,0.00154015076515179,0.00161164610884157,0.000822791889866892,0.000916105234288977,0.02,0.02,0.02,0.02
11.01,f27c2278f5bdb77b,50.0015452523031,50.001617910036,50.0008269331538,50.0009207826466,0.00154525230313851,0.001617910035975,0.000826933153753373,0.000920782646552709,0.02,0.02,0.02,0.02
11.015,f27c2278f5bdb77b,50.0015503462143,50.0016241650253,50.0008310680391,50.0009254530895,0.0015503462142874,0.00162416502534768,0.000831068039111926,0.000925453089507755,0.02,0.02,0.02,0.02
11.02,f27c2278f5bdb77b,50.0015554324677,50.0016304110398,50.0008351965205,50.0009301165347,0.00155543246771828,0.00163041103979111,0.000835196520533543,0.000930116534696879,0.02,0.02,0.02,0.02
11.025,f27c2278f5bdb77b,50.0015605110327,50.0016366480422,50.0008393185726,50.0009347729536,0.00156051103265753,0.00163664804220787,0.000839318572587899,0.000934772953634422,0.02,0.02,0.02,0.02
11.03,f27c2278f5bdb77b,50.0015655818784,50.0016428759956,50.0008434341699,50.0009394223178,0.00156558187843814,0.00164287599556445,0.000843434169865986,0.000939422317820515,0.02,0.02,0.02,0.02
11.035,f27c2278f5bdb77b,50.0015706449745,50.0016490948629,50.000847543287,50.0009440645988,0.00157064497446413,0.00164909486289133,0.000847543286980112,0.00094406459875529,0.02,0.02,0.02,0.02
11.04,f27c2278f5bdb77b,50.0015757002903,50.0016553046073,50.0008516458986,50.0009486997679,0.00157570029026033,0.0016553046072687,0.000851645898571007,0.000948699767945982,0.02,0.02,0.02,0.02
11.045,f27c2278f5bdb77b,50.0015807477954,50.0016615051918,50.0008557419793,50.0009533277969,0.00158074779537998,0.00166150519183361,0.000855741979279401,0.000953327796892722,0.02,0.02,0.02,0.02
11.05,f27c2278f5bdb77b,50.0015857874595,50.0016676965798,50.0008598315038,50.0009579486571,0.00158578745946869,0.00166769657977284,0.000859831503802866,0.00095794865714538,0.02,0.02,0.02,0.02
11.055,f27c2278f5bdb77b,50.0015908192522,50.0016738787343,50.0008639144469,50.0009625623203,0.00159081925220761,0.00167387873430158,0.000863914446853187,0.000962562320260929,0.02,0.02,0.02,0.02
11.06,f27c2278f5bdb77b,50.0015958431433,50.0016800516187,50.0008679907832,50.0009671687578,0.0015958431433134,0.00168005161869189,0.00086799078318478,0.000967168757846082,0.02,0.02,0.02,0.02
11.065,f27c2278f5bdb77b,50.0016008591025,50.0016862151962,50.0008720604876,50.0009717679416,0.00160085910250984,0.00168621519623002,0.0008720604876018,0.0009717679415715,0.02,0.02,0.02,0.02
11.07,f27c2278f5bdb77b,50.0016058670995,50.0016923694302,50.000876123535,50.0009763598431,0.00160586709954913,0.00169236943023066,0.000876123534951034,0.000976359843143371,0.02,0.02,0.02,0.02
11.075,f27c2278f5bdb77b,50.0016108671042,50.001698514284,50.0008801799001,50.0009809444344,0.00161086710416924,0.00169851428403689,0.000880179900129008,0.000980944434360254,0.02,0.02,0.02,0.02
11.08,f27c2278f5bdb77b,50.0016158590861,50.001704649721,50.0008842295581,50.0009855216871,0.00161585908608686,0.00170464972099893,0.000884229558096195,0.000985521687098867,0.02,0.02,0.02,0.02
11.085,f27c2278f5bdb77b,50.001620843015,50.0017107757045,50.0008882724839,50.0009900915733,0.00162084301500443,0.0017107757044883,0.000888272483862806,0.000990091573306984,0.02,0.02,0.02,0.02
11.09,f27c2278f5bdb77b,50.0016258188606,50.0017168921979,50.0008923086525,50.000994654065,0.00162581886058177,0.00171689219786941,0.000892308652503004,0.000994654065038958,0.02,0.02,0.02,0.02
11.095,f27c2278f5bdb77b,50.0016307865925,50.0017229991645,50.0008963380392,50.0009992091344,0.00163078659245031,0.0017229991645209,0.000896338039169109,0.000999209134434409,0.02,0.02,0.02,0.02
11.1,f27c2278f5bdb77b,50.0016357461802,50.0017290965678,50.0009003606191,50.0010037567538,0.00163574618018458,0.0017290965678427,0.000900360619063179,0.00100375675375375,0.02,0.02,0.02,0.02
11.105,f27c2278f5bdb77b,50.0016406975933,50.0017351843712,50.0009043763675,50.0010082968953,0.00164069759333074,0.00173518437121345,0.000904376367458326,0.00100829689534976,0.02,0.02,0.02,0.02
11.11,f27c2278f5bdb77b,50.0016456408014,50.001741262538,50.0009083852597,50.0010128295317,0.00164564080138518,0.00174126253802598,0.000908385259691613,0.00101282953166759,0.02,0.02,0.02,0.02
11.115,f27c2278f5bdb77b,50.0016505757738,50.0017473310317,50.0009123872712,50.0010173546353,0.00165057577378036,0.00174733103168023,0.000912387271185366,0.00101735463526609,0.02,0.02,0.02,0.02
11.12,f27c2278f5bdb77b,50.0016555024799,50.0017533898156,50.0009163823774,50.0010218721788,0.00165550247993451,0.00175338981559037,0.000916382377404545,0.00102187217880356,0.02,0.02,0.02,0.02
11.125,f27c2278f5bdb77b,50.0016604208892,50.0017594388532,50.0009203705539,50.001026382135,0.00166042088922325,0.00175943885316343,0.000920370553885164,0.0010263821350307,0.02,0.02,0.02,0.02
11.13,f27c2278f5bdb77b,50.001665330971,50.0017654781078,50.0009243517762,50.0010308844768,0.00166533097099375,0.00176547810783489,0.000924351776227184,0.00103088447679056,0.02,0.02,0.02,0.02
11.135,f27c2278f5bdb77b,50.0016702326946,50.0017715075431,50.0009283260201,50.001035379177,0.00167023269459321,0.00177150754305444,0.000928326020087411,0.00103537917699015,0.02,0.02,0.02,0.02
11.14,f27c2278f5bdb77b,50.0016751260293,50.0017775271223,50.0009322932612,50.0010398662086,0.00167512602934039,0.00177752712229307,0.000932293261158179,0.00103986620862884,0.02,0.02,0.02,0.02
11.145,f27c2278f5bdb77b,50.0016800109446,50.001783536809,50.0009362534752,50.0010443455448,0.00168001094458958,0.00178353680904308,0.00093625347520998,0.00104434554476995,0.02,0.02,0.02,0.02
11.15,f27c2278f5bdb77b,50.0016848874097,50.0017895365668,50.000940206638,50.0010488171585,0.00168488740969508,0.00178953656684655,0.00094020663804173,0.00104881715851235,0.02,0.02,0.02,0.02
11.155,f27c2278f5bdb77b,50.0016897553941,50.0017955263593,50.0009441527255,50.001053281023,0.00168975539406802,0.00179552635928104,0.000944152725480762,0.00105328102301172,0.02,0.02,0.02,0.02
11.16,f27c2278f5bdb77b,50.0016946148671,50.00180150615,50.0009480917134,50.0010577371115,0.00169461486714084,0.00180150614995966,0.000948091713411259,0.00105773711146639,0.02,0.02,0.02,0.02
11.165,f27c2278f5bdb77b,50.0016994657984,50.0018074759026,50.0009520235777,50.0010621853971,0.00169946579844549,0.00180747590255947,0.000952023577738714,0.00106218539706759,0.02,0.02,0.02,0.02
11.17,f27c2278f5bdb77b,50.0017043081576,50.0018134355808,50.0009559482944,50.0010666258531,0.00170430815755651,0.00181343558081437,0.000955948294397047,0.00106662585305628,0.02,0.02,0.02,0.02
11.175,f27c2278f5bdb77b,50.0017091419142,50.0018193851485,50.0009598658393,50.0010710584527,0.00170914191416216,0.00181938514850799,0.000959865839334384,0.0010710584526592,0.02,0.02,0.02,0.02
11.18,f27c2278f5bdb77b,50.001713967038,50.0018253245695,50.0009637761885,50.0010754831691,0.00171396703803595,0.00182532456951634,0.000963776188520171,0.0010754831690889,0.02,0.02,0.02,0.02
11.185,f27c2278f5bdb77b,50.0017187834991,50.0018312538078,50.0009676793179,50.0010798999756,0.00171878349907217,0.00183125380775806,0.000967679317945169,0.00107989997557212,0.02,0.02,0.02,0.02
11.19,f27c2278f5bdb77b,50.0017235912673,50.0018371728273,50.0009715752036,50.0010843088453,0.00172359126727883,0.00183717282725127,0.00097157520361435,0.00108430884530719,0.02,0.02,0.02,0.02
11.195,f27c2278f5bdb77b,50.0017283903128,50.0018430815921,50.0009754638215,50.0010887097515,0.00172839031278471,0.00184308159207092,0.000975463821532685,0.00108870975146402,0.02,0.02,0.02,0.02
11.2,f27c2278f5bdb77b,50.0017331806059,50.0018489800664,50.0009793451477,50.0010931026672,0.00173318060585359,0.00184898006639855,0.000979345147712252,0.00109310266720541,0.02,0.02,0.02,0.02
11.205,f27c2278f5bdb77b,50.0017379621169,50.0018548682145,50.0009832191582,50.0010974875657,0.00173796211687716,0.00185486821446545,0.000983219158193549,0.00109748756565153,0.02,0.02,0.02,0.02
11.21,f27c2278f5bdb77b,50.0017427348164,50.0018607460006,50.000987085829,50.0011018644199,0.00174273481637499,0.00186074600060238,0.000987085829017076,0.00110186441991544,0.02,0.02,0.02,0.02
11.215,f27c2278f5bdb77b,50.001747498675,50.0018666133892,50.0009909451362,50.0011062332031,0.00174749867499457,0.00186661338921112,0.000990945136223331,0.00110623320307468,0.02,0.02,0.02,0.02
11.22,f27c2278f5bdb77b,50.0017522536635,50.0018724703448,50.0009947970559,50.0011105938882,0.00175225366350418,0.00187247034477167,0.000994797055881236,0.00111059388819967,0.02,0.02,0.02,0.02
11.225,f27c2278f5bdb77b,50.0017569997528,50.0018783168318,50.0009986415641,50.0011149464483,0.00175699975278576,0.00187831683184214,0.000998641564066816,0.00111494644833954,0.02,0.02,0.02,0.02
11.23,f27c2278f5bdb77b,50.0017617369138,50.001884152815,50.0010024786369,50.0011192908566,0.00176173691383497,0.00188415281504462,0.00100247863688452,0.00111929085655049,0.02,0.02,0.02,0.02
11.235,f27c2278f5bdb77b,50.0017664651177,50.0018899782591,50.0010063082504,50.0011236270859,0.00176646511773981,0.00188997825907222,0.0010063082504459,0.00112362708587455,0.02,0.02,0.02,0.02
11.24,f27c2278f5bdb77b,50.0017711843357,50.0018957931287,50.0010101303809,50.0011279551094,0.00177118433566648,0.00189579312866073,0.00101013038089803,0.00112795510938923,0.02,0.02,0.02,0.02
11.245,f27c2278f5bdb77b,50.0017758945389,50.0019015973886,50.0010139450044,50.0011322749002,0.0017758945388664,0.00190159738863116,0.00101394500443064,0.00113227490016499,0.02,0.02,0.02,0.02
11.25,f27c2278f5bdb77b,50.0017805956986,50.0019073910038,50.0010177520973,50.0011365864313,0.00178059569863365,0.00190739100383297,0.00101775209725474,0.00113658643132908,0.02,0.02,0.02,0.02
11.255,f27c2278f5bdb77b,50.0017852877863,50.0019131739392,50.0010215516356,50.001140889676,0.00178528778631915,0.00191317393915824,0.00102155163563111,0.00114088967604431,0.02,0.02,0.02,0.02
11.26,f27c2278f5bdb77b,50.0017899707733,50.0019189461595,50.0010253435959,50.0011451846075,0.00178997077328802,0.0019189461595488,0.00102534359586315,0.00114518460751611,0.02,0.02,0.02,0.02
11.265,f27c2278f5bdb77b,50.0017946446309,50.00192470763,50.0010291279543,50.001149471199,0.00179464463092671,0.00192470762996066,0.00102912795430399,0.0011494711990423,0.02,0.02,0.02,0.02
11.27,f27c2278f5bdb77b,50.0017993093306,50.0019304583154,50.0010329046874,50.001153749424,0.00179930933064298,0.00193045831540672,0.00103290468737782,0.0011537494239704,0.02,0.02,0.02,0.02
11.275,f27c2278f5bdb77b,50.0018039648438,50.0019361981809,50.0010366737716,50.0011580192557,0.00180396484380196,0.00193619818088564,0.00103667377156569,0.00115801925574743,0.02,0.02,0.02,0.02
11.28,f27c2278f5bdb77b,50.0018086111418,50.0019419271914,50.0010404351834,50.0011622806679,0.00180861114176878,0.0019419271914316,0.00104043518339125,0.00116228066790569,0.02,0.02,0.02,0.02
11.285,f27c2278f5bdb77b,50.0018132481959,50.0019476453121,50.0010441888995,50.0011665336341,0.00181324819588013,0.00194764531210012,0.00104418889948477,0.00116653363407693,0.02,0.02,0.02,0.02
11.29,f27c2278f5bdb77b,50.0018178759774,50.0019533525079,50.0010479348965,50.001170778128,0.001817875977423,0.00195335250793249,0.001047934896512,0.00117077812801369,0.02,0.02,0.02,0.02
11.295,f27c2278f5bdb77b,50.0018224944576,50.001959048744,50.0010516731512,50.0011750141236,0.00182249445764882,0.00195904874400554,0.00105167315123822,0.00117501412355381,0.02,0.02,0.02,0.02
11.3,f27c2278f5bdb77b,50.0018271036078,50.0019647339854,50.0010554036405,50.0011792415947,0.00182710360777349,0.00196473398538188,0.00105540364049261,0.00117924159467009,0.02,0.02,0.02,0.02
11.305,f27c2278f5bdb77b,50.0018317033989,50.0019704081971,50.0010591263412,50.0011834605154,0.0018317033989419,0.00197040819714545,0.00105912634116834,0.00118346051544194,0.02,0.02,0.02,0.02
11.31,f27c2278f5bdb77b,50.0018362938023,50.0019760713444,50.0010628412303,50.0011876708601,0.00183629380228467,0.00197607134438016,0.00106284123025091,0.00118767086005533,0.02,0.02,0.02,0.02
11.315,f27c2278f5bdb77b,50.0018408747889,50.0019817233922,50.0010665482848,50.0011918726028,0.00184087478886141,0.00198172339219127,0.00106654828479691,0.00119187260280995,0.02,0.02,0.02,0.02
11.32,f27c2278f5bdb77b,50.0018454463297,50.0019873643057,50.0010702474819,50.0011960657181,0.0018454463297175,0.00198736430568403,0.00107024748191975,0.00119606571811914,0.02,0.02,0.02,0.02
11.325,f27c2278f5bdb77b,50.0018500083959,50.00199299405,50.0010739387988,50.0012002501805,0.0018500083958628,0.00199299404998499,0.00107393879880391,0.00120025018048864,0.02,0.02,0.02,0.02
11.33,f27c2278f5bdb77b,50.0018545609583,50.0019986125902,50.0010776222127,50.0012044259645,0.00185456095830006,0.00199861259024203,0.00107762221271912,0.00120442596450943,0.02,0.02,0.02,0.02
11.335,f27c2278f5bdb77b,50.001859103988,50.0020042198916,50.001081297701,50.0012085930449,0.00185910398801781,0.00200421989163146,0.00108129770097065,0.00120859304487198,0.02,0.02,0.02,0.02
11.34,f27c2278f5bdb77b,50.001863637456,50.0020098159194,50.0010849652409,50.0012127513963,0.0018636374560117,0.00200981591936511,0.00108496524092772,0.0012127513963236,0.02,0.02,0.02,0.02
11.345,f27c2278f5bdb77b,50.0018681613333,50.0020154006387,50.00108862481,50.0012169009937,0.00186816133331291,0.00201540063867611,0.00108862481002348,0.00121690099368976,0.02,0.02,0.02,0.02
11.35,f27c2278f5bdb77b,50.001872675591,50.0020209740149,50.0010922763857,50.0012210418118,0.00187267559097393,0.00202097401486867,0.00109227638571952,0.00122104181184568,0.02,0.02,0.02,0.02
11.355,f27c2278f5bdb77b,50.0018771802001,50.0020265360133,50.0010959199455,50.0012251738257,0.00187718020010408,0.0020265360132683,0.00109591994552716,0.00122517382570209,0.02,0.02,0.02,0.02
11.36,f27c2278f5bdb77b,50.0018816751319,50.0020320865993,50.001099555467,50.0012292970102,0.00188167513189086,0.00203208659928578,0.00109955546700036,0.00122929701020524,0.02,0.02,0.02,0.02
11.365,f27c2278f5bdb77b,50.0018861603576,50.0020376257384,50.0011031829277,50.0012334113403,0.00188616035758571,0.00203762573836741,0.00110318292770728,0.00123341134031563,0.02,0.02,0.02,0.02
11.37,f27c2278f5bdb77b,50.0018906358486,50.0020431533961,50.0011068023053,50.001237516791,0.00189063584855376,0.00204315339605898,0.00110680230526583,0.00123751679102213,0.02,0.02,0.02,0.02
11.375,f27c2278f5bdb77b,50.0018951015763,50.0020486695379,50.0011104135773,50.0012416133373,0.0018951015762525,0.00204866953794891,0.00111041357729391,0.00124161333729234,0.02,0.02,0.02,0.02
11.38,f27c2278f5bdb77b,50.0018995575123,50.0020541741297,50.0011140167214,50.0012457009541,0.00189955751226734,0.00205417412973929,0.00111401672144495,0.00124570095409382,0.02,0.02,0.02,0.02
11.385,f27c2278f5bdb77b,50.0019040036283,50.0020596671372,50.0011176117154,50.0012497796164,0.00190400362830445,0.00205966713718908,0.0011176117153866,0.00124977961639416,0.02,0.02,0.02,0.02
11.39,f27c2278f5bdb77b,50.0019084398962,50.0020651485261,50.0011211985368,50.0012538492991,0.00190843989621214,0.00206514852614958,0.0011211985367936,0.00125384929911831,0.02,0.02,0.02,0.02
11.395,f27c2278f5bdb77b,50.001912866288,50.0020706182626,50.0011247771634,50.0012579099772,0.00191286628797371,0.00207061826256449,0.00112477716335491,0.00125790997719832,0.02,0.02,0.02,0.02
11.4,f27c2278f5bdb77b,50.0019172827757,50.0020760763125,50.0011283475728,50.0012619616255,0.00191728277572167,0.00207607631246987,0.00112834757277369,0.0012619616255094,0.02,0.02,0.02,0.02
11.405,f27c2278f5bdb77b,50.0019216893317,50.002081522642,50.0011319097428,50.0012660042189,0.00192168933173065,0.00208152264198702,0.00113190974277444,0.00126600421893386,0.02,0.02,0.02,0.02
11.41,f27c2278f5bdb77b,50.0019260859284,50.0020869572173,50.0011354636511,50.0012700377323,0.00192608592841736,0.00208695721731544,0.00113546365107453,0.00127003773230427,0.02,0.02,0.02,0.02
11.415,f27c2278f5bdb77b,50.0019304725383,50.0020923800048,50.0011390092754,50.0012740621405,0.00193047253831935,0.0020923800047683,0.00113900927542687,0.00127406214045322,0.02,0.02,0.02,0.02
11.42,f27c2278f5bdb77b,50.0019348491341,50.0020977909707,50.0011425465936,50.0012780774182,0.00193484913413045,0.00209779097071561,0.00114254659359148,0.00127807741819908,0.02,0.02,0.02,0.02
11.425,f27c2278f5bdb77b,50.0019392156887,50.0021031900816,50.0011460755833,50.0012820835404,0.00193921568865107,0.00210319008161264,0.00114607558334257,0.00128208354035309,0.02,0.02,0.02,0.02
11.43,f27c2278f5bdb77b,50.0019435721748,50.002108577304,50.0011495962225,50.0012860804817,0.00194357217478824,0.00210857730400704,0.001149596222497,0.00128608048171941,0.02,0.02,0.02,0.02
11.435,f27c2278f5bdb77b,50.0019479185656,50.0021139526045,50.0011531084889,50.0012900682171,0.00194791856556265,0.00211395260450331,0.00115310848890005,0.00129006821712352,0.02,0.02,0.02,0.02
11.44,f27c2278f5bdb77b,50.0019522548341,50.0021193159498,50.0011566123604,50.0012940467214,0.00195225483405892,0.00211931594976988,0.0011566123604041,0.00129404672141931,0.02,0.02,0.02,0.02
11.445,f27c2278f5bdb77b,50.0019565809534,50.0021246673065,50.0011601078149,50.0012980159695,0.00195658095343987,0.00212466730653915,0.00116010781493969,0.00129801596947487,0.02,0.02,0.02,0.02
11.45,f27c2278f5bdb77b,50.0019608968969,50.0021300066416,50.0011635948305,50.0013019759362,0.00196089689693935,0.00213000664159324,0.00116359483045869,0.00130197593622228,0.02,0.02,0.02,0.02
11.455,f27c2278f5bdb77b,50.0019652026378,50.0021353339218,50.001167073385,50.0013059265966,0.00196520263781252,0.00213533392175691,0.0011670733849769,0.0013059265966433,0.02,0.02,0.02,0.02
11.46,f27c2278f5bdb77b,50.0019694981493,50.0021406491139,50.0011705434566,50.0013098679258,0.00196949814933589,0.00214064911389755,0.00117054345655276,0.0013098679257908,0.02,0.02,0.02,0.02
11.465,f27c2278f5bdb77b,50.0019737834048,50.0021459521849,50.0011740050233,50.0013137998988,0.00197378340480725,0.00214595218492519,0.00117400502332288,0.00131379989880287,0.02,0.02,0.02,0.02
11.47,f27c2278f5bdb77b,50.0019780583775,50.0021512431018,50.0011774580635,50.0013177224909,0.00197805837752441,0.00215124310176407,0.00117745806347358,0.00131772249088868,0.02,0.02,0.02,0.02
11.475,f27c2278f5bdb77b,50.0019823230407,50.0021565218314,50.0011809025553,50.0013216356774,0.00198232304074963,0.00215652183136683,0.00118090255528358,0.0013216356773782,0.02,0.02,0.02,0.02
11.48,f27c2278f5bdb77b,50.0019865773677,50.0021617883407,50.0011843384771,50.0013255394337,0.00198657736774521,0.00216178834071457,0.00118433847708133,0.00132553943370795,0.02,0.02,0.02,0.02
11.485,f27c2278f5bdb77b,50.0019908213317,50.0021670425968,50.0011877658073,50.0013294337354,0.00199082133171657,0.00216704259678835,0.00118776580729474,0.00132943373540684,0.02,0.02,0.02,0.02
11.49,f27c2278f5bdb77b,50.0019950549058,50.0021722845666,50.0011911845244,50.0013333185582,0.00199505490584784,0.00217228456659768,0.00119118452442279,0.001333318558153,0.02,0.02,0.02,0.02
11.495,f27c2278f5bdb77b,50.0019992780633,50.0021775142171,50.001194594607,50.0013371938777,0.00199927806325206,0.00217751421714496,0.00119459460704974,0.00133719387773112,0.02,0.02,0.02,0.02
11.5,f27c2278f5bdb77b,50.002003490777,50.0021827315155,50.0011979960338,50.0013410596701,0.002003490777021,0.00218273151547521,0.00119799603383086,0.00134105967005382,0.02,0.02,0.02,0.02
11.505,f27c2278f5bdb77b,50.0020076930202,50.0021879364286,50.0012013887835,50.0013449159112,0.00200769302018244,0.00218793642861215,0.00120138878352094,0.00134491591115449,0.02,0.02,0.02,0.02
11.51,f27c2278f5bdb77b,50.0020118847657,50.0021931289236,50.0012047728349,50.0013487625772,0.00201188476574288,0.0021931289236079,0.0012047728349458,0.00134876257719441,0.02,0.02,0.02,0.02
11.515,f27c2278f5bdb77b,50.0020160659866,50.0021983089675,50.001208148167,50.0013525996444,0.00201606598664483,0.00219830896754303,0.00120814816701653,0.00135259964444856,0.02,0.02,0.02,0.02
11.52,f27c2278f5bdb77b,50.0020202366558,50.0022034765275,50.0012115147587,50.0013564270893,0.00202023665583084,0.00220347652750519,0.00121151475870818,0.00135642708930561,0.02,0.02,0.02,0.02
11.525,f27c2278f5bdb77b,50.0020243967462,50.0022086315706,50.0012148725891,50.0013602448883,0.0020243967461937,0.00220863157060336,0.00121487258908104,0.00136024488826081,0.02,0.02,0.02,0.02
11.53,f27c2278f5bdb77b,50.0020285462307,50.002213774064,50.0012182216373,50.0013640530179,0.00202854623065463,0.00221377406398915,0.00121822163725227,0.00136405301789466,0.02,0.02,0.02,0.02
11.535,f27c2278f5bdb77b,50.0020326850821,50.0022189039748,50.0012215618824,50.0013678514549,0.00203268508212062,0.00221890397484259,0.00122156188242428,0.00136785145488005,0.02,0.02,0.02,0.02
11.54,f27c2278f5bdb77b,50.0020368132735,50.0022240212704,50.0012248933038,50.001371640176,0.00203681327352001,0.00222402127038634,0.00122489330383502,0.00137164017596803,0.02,0.02,0.02,0.02
11.545,f27c2278f5bdb77b,50.0020409307778,50.0022291259179,50.0012282158808,50.001375419158,0.00204093077783085,0.00222912591789992,0.00122821588079347,0.00137541915796646,0.02,0.02,0.02,0.02
11.55,f27c2278f5bdb77b,50.0020450375681,50.0022342178847,50.0012315295926,50.0013791883777,0.00204503756808094,0.00223421788471256,0.00123152959264416,0.00137918837773299,0.02,0.02,0.02,0.02
11.555,f27c2278f5bdb77b,50.0020491336174,50.0022392971382,50.0012348344188,50.0013829478122,0.00204913361736203,0.00223929713821747,0.00123483441877426,0.00138294781218207,0.02,0.02,0.02,0.02
11.56,f27c2278f5bdb77b,50.0020532188989,50.0022443636459,50.0012381303386,50.0013866974382,0.00205321889886534,0.00224436364588598,0.00123813033862774,0.00138669743822817,0.02,0.02,0.02,0.02
11.565,f27c2278f5bdb77b,50.0020572933859,50.0022494173753,50.0012414173316,50.0013904372328,0.00205729338587446,0.00224941737525342,0.00124141733164862,0.00139043723282128,0.02,0.02,0.02,0.02
11.57,f27c2278f5bdb77b,50.0020613570518,50.002254458294,50.0012446953773,50.0013941671729,0.00206135705179378,0.00225445829395454,0.00124469537734484,0.00139416717291851,0.02,0.02,0.02,0.02
11.575,f27c2278f5bdb77b,50.0020654098701,50.0022594863697,50.0012479644552,50.0013978872355,0.00206540987014137,0.00225948636968809,0.00124796445521014,0.00139788723545564,0.02,0.02,0.02,0.02
11.58,f27c2278f5bdb77b,50.0020694518146,50.0022645015703,50.0012512245448,50.0014015973974,0.00206945181459872,0.00226450157027358,0.00125122454479509,0.00140159739737555,0.02,0.02,0.02,0.02
11.585,f27c2278f5bdb77b,50.002073482859,50.0022695038636,50.0012544756256,50.0014052976356,0.00207348285897524,0.00226950386360869,0.00125447562564318,0.00140529763560693,0.02,0.02,0.02,0.02
11.59,f27c2278f5bdb77b,50.0020775029772,50.0022744932177,50.0012577176773,50.0014089879271,0.00207750297724374,0.00227449321769768,0.00125771767731919,0.00140898792705002,0.02,0.02,0.02,0.02
11.595,f27c2278f5bdb77b,50.0020815121435,50.0022794696006,50.0012609506794,50.0014126682486,0.00208151214351915,0.00227946960063719,0.00126095067940923,0.00141266824856956,0.02,0.02,0.02,0.02
11.6,f27c2278f5bdb77b,50.0020855103321,50.0022844329806,50.0012641746115,50.001416338577,0.00208551033208693,0.00228443298062331,0.00126417461150652,0.00141633857703738,0.02,0.02,0.02,0.02
11.605,f27c2278f5bdb77b,50.0020894975174,50.002289383326,50.0012673894532,50.0014199988893,0.00208949751739596,0.00228938332597295,0.00126738945322558,0.00141999888927558,0.02,0.02,0.02,0.02
11.61,f27c2278f5bdb77b,50.002093473674,50.0022943206051,50.0012705951842,50.0014236491621,0.00209347367403012,0.00229432060508117,0.00127059518418804,0.00142364916209914,0.02,0.02,0.02,0.02
11.615,f27c2278f5bdb77b,50.0020974387767,50.0022992447864,50.0012737917841,50.0014272893723,0.00209743877672963,0.0022992447864425,0.00127379178405107,0.00142728937230885,0.02,0.02,0.02,0.02
11.62,f27c2278f5bdb77b,50.0021013928004,50.0023041558386,50.0012769792325,50.0014309194967,0.0021013928003768,0.00230415583864385,0.00127697923247894,0.00143091949669838,0.02,0.02,0.02,0.02
11.625,f27c2278f5bdb77b,50.00210533572,50.0023090537304,50.0012801575092,50.0014345395121,0.00210533571996052,0.00230905373035739,0.00128015750917854,0.00143453951206141,0.02,0.02,0.02,0.02
11.63,f27c2278f5bdb77b,50.0021092675106,50.0023139384304,50.0012833265939,50.0014381493952,0.0021092675106118,0.00231393843035477,0.00128332659387809,0.00143814939520581,0.02,0.02,0.02,0.02
11.635,f27c2278f5bdb77b,50.0021131881475,50.0023188099075,50.0012864864663,50.001441749123,0.00211318814752559,0.00231880990745736,0.00128648646634844,0.0014417491229608,0.02,0.02,0.02,0.02
11.64,f27c2278f5bdb77b,50.002117097606,50.0023236681306,50.0012896371064,50.0014453386722,0.00211709760601764,0.00232366813057894,0.00128963710639596,0.0014453386721911,0.02,0.02,0.02,0.02
11.645,f27c2278f5bdb77b,50.0021209958614,50.0023285130687,50.0012927784939,50.0014489180198,0.00212099586143921,0.00232851306867587,0.00129277849388387,0.00144891801981117,0.02,0.02,0.02,0.02
11.65,f27c2278f5bdb77b,50.0021248828892,50.0023333446908,50.0012959106087,50.0014524871428,0.00212488288921975,0.00233334469076851,0.00129591060873935,0.00145248714278523,0.02,0.02,0.02,0.02
11.655,f27c2278f5bdb77b,50.0021287586648,50.0023381629659,50.0012990334309,50.0014560460182,0.00212875866480289,0.00233816296594114,0.00129903343093218,0.00145604601816274,0.02,0.02,0.02,0.02
11.66,f27c2278f5bdb77b,50.0021326231637,50.0023429678633,50.0013021469405,50.0014595946231,0.0021326231636607,0.00234296786329935,0.00130214694050323,0.00145959462307133,0.02,0.02,0.02,0.02
11.665,f27c2278f5bdb77b,50.0021364763613,50.002347759352,50.0013052511176,50.0014631329347,0.00213647636126524,0.00234775935199849,0.00130525111757862,0.0014631329347381,0.02,0.02,0.02,0.02
11.67,f27c2278f5bdb77b,50.0021403182331,50.0023525374012,50.0013083459423,50.0014666609305,0.00214031823308147,0.00235253740122232,0.00130834594234841,0.00146666093049674,0.02,0.02,0.02,0.02
11.675,f27c2278f5bdb77b,50.0021441487546,50.0023573019802,50.0013114313951,50.0014701785878,0.00214414875455304,0.00235730198017592,0.00131143139508083,0.00147017858778042,0.02,0.02,0.02,0.02
11.68,f27c2278f5bdb77b,50.0021479679011,50.0023620530581,50.0013145074562,50.0014736858842,0.00214796790108807,0.00236205305809989,0.00131450745615069,0.00147368588417862,0.02,0.02,0.02,0.02
11.685,f27c2278f5bdb77b,50.0021517756481,50.0023667906042,50.001317574106,50.0014771827974,0.00215177564806623,0.00236679060423484,0.00131757410599675,0.00147718279737319,0.02,0.02,0.02,0.02
11.69,f27c2278f5bdb77b,50.0021555719708,50.0023715145879,50.0013206313252,50.0014806693052,0.00215557197080329,0.00237151458785689,0.00132063132515725,0.00148066930521651,0.02,0.02,0.02,0.02
11.695,f27c2278f5bdb77b,50.0021593568446,50.0023762249783,50.0013236790943,50.0014841453857,0.00215935684459367,0.0023762249782564,0.00132367909426279,0.00148414538566755,0.02,0.02,0.02,0.02
11.7,f27c2278f5bdb77b,50.0021631302447,50.0023809217447,50.001326717394,50.0014876110168,0.00216313024466075,0.00238092174473792,0.00132671739402923,0.00148761101684158,0.02,0.02,0.02,0.02
11.705,f27c2278f5bdb77b,50.0021668921462,50.0023856048566,50.0013297462053,50.001491066177,0.00216689214619947,0.0023856048566202,0.00132974620526483,0.00149106617696759,0.02,0.02,0.02,0.02
11.71,f27c2278f5bdb77b,50.0021706425244,50.0023902742833,50.0013327655089,50.0014945108444,0.00217064252436217,0.00239027428325755,0.00133276550887018,0.00149451084442376,0.02,0.02,0.02,0.02
11.715,f27c2278f5bdb77b,50.0021743813543,50.002394929994,50.0013357752858,50.0014979449977,0.00217438135426562,0.00239492999401136,0.00133577528582407,0.00149794499770195,0.02,0.02,0.02,0.02
11.72,f27c2278f5bdb77b,50.002178108611,50.0023995719583,50.0013387755172,50.0015013686154,0.00217810861101242,0.00239957195828566,0.00133877551719053,0.00150136861542194,0.02,0.02,0.02,0.02
11.725,f27c2278f5bdb77b,50.0021818242697,50.0024042001455,50.0013417661841,50.0015047816763,0.00218182426970515,0.00240420014552001,0.00134176618410464,0.00150478167629586,0.02,0.02,0.02,0.02
11.73,f27c2278f5bdb77b,50.0021855283054,50.0024088145252,50.0013447472678,50.0015081841591,0.00218552830543217,0.00240881452518948,0.00134474726777967,0.00150818415914955,0.02,0.02,0.02,0.02
11.735,f27c2278f5bdb77b,50.0021892206933,50.0024134150668,50.0013477187495,50.0015115760429,0.0021892206933245,0.00241341506682602,0.0013477187494928,0.00151157604287988,0.02,0.02,0.02,0.02
11.74,f27c2278f5bdb77b,50.0021929014085,50.00241800174,50.0013506806106,50.0015149573065,0.00219290140854156,0.00241800174001838,0.00135068061059229,0.00151495730647611,0.02,0.02,0.02,0.02
11.745,f27c2278f5bdb77b,50.0021965704263,50.0024225745144,50.0013536328325,50.001518327929,0.00219657042630672,0.00242257451439798,0.00135363283246193,0.001518327928963,0.02,0.02,0.02,0.02
11.75,f27c2278f5bdb77b,50.0022002277219,50.0024271333597,50.0013565753965,50.0015216878894,0.00220022772190021,0.00242713335969569,0.00135657539654943,0.00152168788944351,0.02,0.02,0.02,0.02
11.755,f27c2278f5bdb77b,50.0022038732707,50.0024316782457,50.0013595082843,50.001525037167,0.00220387327072302,0.00243167824570634,0.00135950828434517,0.00152503716702768,0.02,0.02,0.02,0.02
11.76,f27c2278f5bdb77b,50.0022075070483,50.0024362091423,50.0013624314774,50.0015283757409,0.00220750704826145,0.00243620914230291,0.00136243147737503,0.00152837574087528,0.02,0.02,0.02,0.02
11.765,f27c2278f5bdb77b,50.0022111290301,50.0024407260195,50.0013653449572,50.0015317035901,0.00221112903012255,0.00244072601947209,0.00136534495719332,0.00153170359013899,0.02,0.02,0.02,0.02
11.77,f27c2278f5bdb77b,50.0022147391921,50.0024452288473,50.0013682487054,50.001535020694,0.00221473919206261,0.00244522884727871,0.00136824870538987,0.0015350206939857,0.02,0.02,0.02,0.02
11.775,f27c2278f5bdb77b,50.00221833751,50.0024497175959,50.0013711427036,50.0015383270316,0.00221833750998712,0.00244971759590129,0.00137114270356875,0.00153832703156809,0.02,0.02,0.02,0.02
11.78,f27c2278f5bdb77b,50.00222192396,50.0024541922356,50.0013740269334,50.001541622582,0.00222192395995791,0.00245419223561782,0.00137402693336952,0.00154162258202462,0.02,0.02,0.02,0.02
11.785,f27c2278f5bdb77b,50.0022254985182,50.0024586527368,50.0013769013764,50.0015449073245,0.0022254985182002,0.00245865273683421,0.00137690137643176,0.00154490732447954,0.02,0.02,0.02,0.02
11.79,f27c2278f5bdb77b,50.0022290611611,50.00246309907,50.0013797660144,50.001548181238,0.00222906116110977,0.00246309907004161,0.00137976601443057,0.0015481812380358,0.02,0.02,0.02,0.02
11.795,f27c2278f5bdb77b,50.0022326118653,50.0024675312059,50.001382620829,50.0015514443018,0.00223261186526713,0.00246753120585907,0.00138262082904106,0.0015514443017679,0.02,0.02,0.02,0.02
11.8,f27c2278f5bdb77b,50.0022361506074,50.002471949115,50.001385465802,50.0015546964947,0.00223615060740912,0.00247194911503357,0.00138546580198096,0.00155469649473616,0.02,0.02,0.02,0.02
11.805,f27c2278f5bdb77b,50.0022396773645,50.0024763527684,50.001388300915,50.001557937796,0.00223967736445729,0.00247635276840441,0.00138830091495379,0.00155793779597246,0.02,0.02,0.02,0.02
11.81,f27c2278f5bdb77b,50.0022431921135,50.0024807421369,50.0013911261497,50.0015611681845,0.00224319211348956,0.00248074213691751,0.00139112614971992,0.00156116818449448,0.02,0.02,0.02,0.02
11.815,f27c2278f5bdb77b,50.0022466948317,50.0024851171916,50.001393941488,50.0015643876393,0.00224669483174011,0.00248511719163957,0.00139394148802552,0.00156438763931988,0.02,0.02,0.02,0.02
11.82,f27c2278f5bdb77b,50.0022501854966,50.0024894779037,50.0013967469117,50.0015675961395,0.00225018549657818,0.00248947790372256,0.00139674691168779,0.00156759613945923,0.02,0.02,0.02,0.02
11.825,f27c2278f5bdb77b,50.0022536640855,50.0024938242444,50.0013995424025,50.0015707936639,0.00225366408551508,0.00249382424443212,0.00139954240252393,0.00157079366393731,0.02,0.02,0.02,0.02
11.83,f27c2278f5bdb77b,50.0022571305762,50.0024981561851,50.0014023279424,50.0015739801918,0.00225713057616872,0.00249815618510496,0.00140232794241513,0.00157398019180022,0.02,0.02,0.02,0.02
11.835,f27c2278f5bdb77b,50.0022605849463,50.0025024736972,50.0014051035133,50.0015771557021,0.00226058494626358,0.00250247369717016,0.00140510351327805,0.00157715570213668,0.02,0.02,0.02,0.02
11.84,f27c2278f5bdb77b,50.0022640271736,50.0025067767521,50.0014078690971,50.0015803201741,0.0022640271735952,0.00250677675212785,0.00140786909707913,0.00158032017407095,0.02,0.02,0.02,0.02
11.845,f27c2278f5bdb77b,50.002267457236,50.0025110653215,50.0014106246758,50.0015834735868,0.00226745723603727,0.00251106532154211,0.00141062467584874,0.00158347358679833,0.02,0.02,0.02,0.02
11.85,f27c2278f5bdb77b,50.0022708751115,50.002515339377,50.0014133702317,50.0015866159196,0.00227087511149193,0.00251533937704806,0.0014133702316883,0.0015866159195923,0.02,0.02,0.02,0.02
11.855,f27c2278f5bdb77b,50.0022742807779,50.0025195988903,50.0014161057467,50.0015897471518,0.00227428077789682,0.0025195988903377,0.001416105746749,0.00158974715181159,0.02,0.02,0.02,0.02
11.86,f27c2278f5bdb77b,50.0022776742132,50.0025238438331,50.0014188312033,50.0015928672629,0.0022776742132109,0.00252384383312432,0.00141883120328856,0.00159286726291441,0.02,0.02,0.02,0.02
11.865,f27c2278f5bdb77b,50.0022810553954,50.0025280741772,50.0014215465836,50.0015959762325,0.00228105539538603,0.00252807417719225,0.00142154658362159,0.00159597623247265,0.02,0.02,0.02,0.02
11.87,f27c2278f5bdb77b,50.0022844243023,50.0025322898943,50.0014242518702,50.0015990740402,0.00228442430233855,0.00253228989434007,0.00142425187016926,0.001599074040179,0.02,0.02,0.02,0.02
11.875,f27c2278f5bdb77b,50.002287780912,50.0025364909564,50.0014269470454,50.0016021606659,0.00228778091199189,0.00253649095640185,0.00142694704543089,0.00160216066587537,0.02,0.02,0.02,0.02
11.88,f27c2278f5bdb77b,50.0022911252022,50.0025406773353,50.001429632092,50.0016052360895,0.00229112520220554,0.00254067733525432,0.00142963209201952,0.00160523608952445,0.02,0.02,0.02,0.02
11.885,f27c2278f5bdb77b,50.0022944571508,50.0025448490028,50.0014323069926,50.0016083002912,0.00229445715080345,0.00254484900278129,0.00143230699262631,0.00160830029123815,0.02,0.02,0.02,0.02
11.89,f27c2278f5bdb77b,50.0022977767356,50.0025490059309,50.00143497173,50.0016113532513,0.00229777673556697,0.00254900593088792,0.00143497173004903,0.00161135325127759,0.02,0.02,0.02,0.02
11.895,f27c2278f5bdb77b,50.0023010839342,50.0025531480915,50.0014376262872,50.0016143949501,0.00230108393422057,0.00255314809152907,0.00143762628717781,0.00161439495005311,0.02,0.02,0.02,0.02
11.9,f27c2278f5bdb77b,50.0023043787245,50.0025572754567,50.001440270647,50.0016174253681,0.00230437872446032,0.00255727545665252,0.00144027064701646,0.00161742536813136,0.02,0.02,0.02,0.02
11.905,f27c2278f5bdb77b,50.0023076610839,50.0025613879982,50.0014429047927,50.0016204444862,0.00230766108391833,0.00256138799824868,0.00144290479265408,0.00162044448620691,0.02,0.02,0.02,0.02
11.91,f27c2278f5bdb77b,50.0023109309902,50.0025654856884,50.0014455287073,50.0016234522851,0.00231093099020541,0.00256548568835058,0.0014455287072721,0.0016234522851164,0.02,0.02,0.02,0.02
11.915,f27c2278f5bdb77b,50.0023141884209,50.002569568499,50.0014481423742,50.0016264487458,0.00231418842092523,0.00256956849900547,0.00144814237415147,0.00162644874583151,0.02,0.02,0.02,0.02
11.92,f27c2278f5bdb77b,50.0023174333536,50.0025736364023,50.0014507457766,50.0016294338494,0.00231743335364598,0.00257363640231034,0.00145074577664417,0.00162943384944469,0.02,0.02,0.02,0.02
11.925,f27c2278f5bdb77b,50.002320665766,50.0025776893704,50.0014533388982,50.0016324075772,0.00232066576595713,0.00257768937042613,0.00145333889820165,0.0016324075771621,0.02,0.02,0.02,0.02
11.93,f27c2278f5bdb77b,50.0023238856355,50.0025817273755,50.0014559217223,50.0016353699103,0.00232388563546948,0.00258172737554219,0.00145592172233222,0.00163536991028224,0.02,0.02,0.02,0.02
11.935,f27c2278f5bdb77b,50.0023270929398,50.0025857503899,50.0014584942326,50.0016383208302,0.00232709293982225,0.00258575038992603,0.00145849423262945,0.00163832083018889,0.02,0.02,0.02,0.02
11.94,f27c2278f5bdb77b,50.0023302876567,50.0025897583859,50.0014610564127,50.0016412603184,0.00233028765673282,0.00258975838592335,0.00146105641273664,0.0016412603183511,0.02,0.02,0.02,0.02
11.945,f27c2278f5bdb77b,50.002333469764,50.0025937513359,50.0014636082464,50.0016441883563,0.00233346976396831,0.00259375133594375,0.00146360824635394,0.00164418835627345,0.02,0.02,0.02,0.02
11.95,f27c2278f5bdb77b,50.0023366392394,50.0025977292125,50.0014661497172,50.0016471049255,0.00233663923941663,0.00259772921249635,0.00146614971724546,0.00164710492552445,0.02,0.02,0.02,0.02
11.955,f27c2278f5bdb77b,50.0023397960611,50.0026016919882,50.0014686808092,50.0016500100077,0.00233979606107226,0.0026016919881684,0.0014686808091966,0.00165001000770104,0.02,0.02,0.02,0.02
11.96,f27c2278f5bdb77b,50.0023429402071,50.0026056396357,50.001471201506,50.0016529035844,0.00234294020705761,0.00260563963567506,0.00147120150604962,0.00165290358440728,0.02,0.02,0.02,0.02
11.965,f27c2278f5bdb77b,50.0023460716556,50.0026095721278,50.0014737117917,50.0016557856373,0.00234607165563006,0.00260957212781676,0.00147371179166811,0.00165578563726854,0.02,0.02,0.02,0.02
11.97,f27c2278f5bdb77b,50.0023491903852,50.0026134894375,50.00147621165,50.0016586561479,0.00234919038523174,0.00261348943752182,0.00147621164995115,0.00165865614789595,0.02,0.02,0.02,0.02
11.975,f27c2278f5bdb77b,50.0023522963745,50.0026173915378,50.0014787010648,50.0016615150979,0.00235229637446821,0.00261739153783935,0.00147870106481918,0.00166151509790069,0.02,0.02,0.02,0.02
11.98,f27c2278f5bdb77b,50.0023553896021,50.0026212784019,50.0014811800202,50.0016643624689,0.00235538960210846,0.00262127840193216,0.00148118002020681,0.00166436246887258,0.02,0.02,0.02,0.02
11.985,f27c2278f5bdb77b,50.0023584700471,50.0026251500031,50.0014836485001,50.0016671982424,0.00235847004713463,0.00262515000309804,0.00148364850007709,0.00166719824238015,0.02,0.02,0.02,0.02
11.99,f27c2278f5bdb77b,50.0023615376887,50.0026290063148,50.0014861064884,50.0016700224,0.00236153768869229,0.0026290063147556,0.00148610648841441,0.0016700223999635,0.02,0.02,0.02,0.02
11.995,f27c2278f5bdb77b,50.0023645925061,50.0026328473105,50.0014885539692,50.0016728349231,0.00236459250614018,0.00263284731045843,0.00148855396921022,0.00167283492314851,0.02,0.02,0.02,0.02
12,f27c2278f5bdb77b,50.002367634479,50.0026366729639,50.0014909909265,50.0016756357934,0.00236763447901467,0.00263667296388803,0.00149099092649863,0.00167563579343266,0.02,0.02,0.02,0.02
12.005,f27c2278f5bdb77b,50.002370663587,50.0026404832488,50.0014934173443,50.0016784249923,0.00237066358702975,0.00264048324883248,0.00149341734430664,0.00167842499231341,0.02,0.02,0.02,0.02
12.01,f27c2278f5bdb77b,50.0023736798101,50.0026442781392,50.0014958332067,50.0016812025013,0.00237367981007708,0.00264427813921486,0.00149583320671809,0.0016812025012527,0.02,0.02,0.02,0.02
12.015,f27c2278f5bdb77b,50.0023766831282,50.0026480576091,50.0014982384978,50.0016839683017,0.00237668312821171,0.00264805760907194,0.00149823849783104,0.00168396830172668,0.02,0.02,0.02,0.02
12.02,f27c2278f5bdb77b,50.0023796735216,50.0026518216326,50.0015006332018,50.0016867223752,0.00237967352162372,0.00265182163255417,0.00150063320177196,0.00168672237523282,0.02,0.02,0.02,0.02
12.025,f27c2278f5bdb77b,50.0023826509707,50.0026555701839,50.0015030173027,50.0016894647033,0.00238265097065948,0.00265557018391149,0.00150301730273839,0.00168946470326858,0.02,0.02,0.02,0.02
12.03,f27c2278f5bdb77b,50.0023856154558,50.0026593032375,50.0015053907849,50.0016921952674,0.00238561545575067,0.0026593032374862,0.00150539078494916,0.00169219526738118,0.02,0.02,0.02,0.02
12.035,f27c2278f5bdb77b,50.0023885669574,50.0026630207677,50.0015077536327,50.0016949140492,0.00238856695744261,0.00266302076771296,0.00150775363268707,0.00169491404916045,0.02,0.02,0.02,0.02
12.04,f27c2278f5bdb77b,50.0023915054564,50.0026667227491,50.0015101058303,50.0016976210303,0.00239150545636591,0.00266672274911173,0.00151010583029887,0.00169762103026727,0.02,0.02,0.02,0.02
12.045,f27c2278f5bdb77b,50.0023944309332,50.0026704091563,50.0015124473622,50.0017003161924,0.0023944309331938,0.00267040915625927,0.00151244736220235,0.0017003161924336,0.02,0.02,0.02,0.02
12.05,f27c2278f5bdb77b,50.0023973433686,50.0026740799638,50.0015147782129,50.0017029995175,0.00239734336864217,0.00267407996383184,0.00151477821287926,0.00170299951748376,0.02,0.02,0.02,0.02
12.055,f27c2278f5bdb77b,50.0024002427434,50.0026777351465,50.0015170983669,50.0017056709874,0.00240024274344819,0.00267773514651992,0.00151709836691083,0.00170567098736285,0.02,0.02,0.02,0.02
12.06,f27c2278f5bdb77b,50.0024031290384,50.0026813746791,50.001519407809,50.0017083305841,0.00240312903837037,0.00268137467910634,0.00151940780896354,0.00170833058411546,0.02,0.02,0.02,0.02
12.065,f27c2278f5bdb77b,50.0024060022341,50.0026849985364,50.0015217065238,50.0017109782899,0.00240600223413168,0.00268499853638815,0.00152170652378203,0.00171097828993538,0.02,0.02,0.02,0.02
12.07,f27c2278f5bdb77b,50.0024088623114,50.0026886066932,50.0015239944962,50.0017136140871,0.00240886231144799,0.00268860669321214,0.00152399449622465,0.00171361408714432,0.02,0.02,0.02,0.02
12.075,f27c2278f5bdb77b,50.002411709251,50.0026921991245,50.0015262717112,50.0017162379582,0.00241170925098544,0.00269219912448193,0.00152627171124919,0.00171623795821318,0.02,0.02,0.02,0.02
12.08,f27c2278f5bdb77b,50.0024145430334,50.0026957758051,50.0015285381539,50.0017188498858,0.00241454303339594,0.00269577580510116,0.00152853815391296,0.00171884988578341,0.02,0.02,0.02,0.02
12.085,f27c2278f5bdb77b,50.0024173636393,50.00269933671,50.0015307938094,50.0017214498527,0.00241736363925327,0.0026993367100232,0.00153079380939403,0.00172144985265277,0.02,0.02,0.02,0.02
12.09,f27c2278f5bdb77b,50.0024201710491,50.0027028818142,50.001533038663,50.0017240378418,0.00242017104909564,0.00270288181422984,0.00153303866296284,0.00172403784176112,0.02,0.02,0.02,0.02
12.095,f27c2278f5bdb77b,50.0024229652434,50.0027064110927,50.0015352727,50.0017266138362,0.00242296524342578,0.00270641109273839,0.00153527270000353,0.00172661383622597,0.02,0.02,0.02,0.02
12.1,f27c2278f5bdb77b,50.0024257462027,50.0027099245206,50.001537495906,50.0017291778193,0.00242574620268243,0.00270992452058749,0.00153749590601393,0.00172917781932824,0.02,0.02,0.02,0.02
12.105,f27c2278f5bdb77b,50.0024285139073,50.0027134220729,50.0015397082666,50.0017317297745,0.00242851390728305,0.00271342207287262,0.00153970826657002,0.00173172977448388,0.02,0.02,0.02,0.02
12.11,f27c2278f5bdb77b,50.0024312683376,50.0027169037247,50.0015419097674,50.0017342696853,0.00243126833761664,0.00271690372471767,0.00154190976737567,0.00173426968526513,0.02,0.02,0.02,0.02
12.115,f27c2278f5bdb77b,50.0024340094741,50.0027203694513,50.0015441003942,50.0017367975354,0.00243400947405803,0.00272036945129628,0.00154410039422004,0.00173679753537925,0.02,0.02,0.02,0.02
12.12,f27c2278f5bdb77b,50.002436737297,50.0027238192279,50.001546280133,50.0017393133087,0.00243673729698202,0.00272381922785314,0.00154628013296332,0.00173931330866139,0.02,0.02,0.02,0.02
12.125,f27c2278f5bdb77b,50.0024394517868,50.0027272530297,50.0015484489696,50.001741816989,0.00243945178679894,0.00272725302966137,0.0015484489695794,0.00174181698903908,0.02,0.02,0.02,0.02
12.13,f27c2278f5bdb77b,50.0024421529239,50.0027306708321,50.0015506068901,50.0017443085606,0.00244215292394756,0.00273067083210776,0.0015506068900919,0.00174430856056063,0.02,0.02,0.02,0.02
12.135,f27c2278f5bdb77b,50.0024448406889,50.0027340726106,50.0015527538806,50.0017467880074,0.00244484068892348,0.00273407261062175,0.00155275388061682,0.00174678800735251,0.02,0.02,0.02,0.02
12.14,f27c2278f5bdb77b,50.0024475150623,50.0027374583407,50.0015548899273,50.0017492553136,0.00244751506230045,0.00273745834073935,0.00155488992731279,0.00174925531359804,0.02,0.02,0.02,0.02
12.145,f27c2278f5bdb77b,50.0024501760248,50.0027408279981,50.0015570150164,50.0017517104636,0.00245017602476594,0.00274082799809605,0.00155701501640948,0.0017517104635516,0.02,0.02,0.02,0.02
12.15,f27c2278f5bdb77b,50.0024528235571,50.0027441815584,50.0015591291342,50.0017541534415,0.00245282355711396,0.00274418155841971,0.00155912913417922,0.00175415344149599,0.02,0.02,0.02,0.02
12.155,f27c2278f5bdb77b,50.0024554576403,50.0027475189976,50.0015612322669,50.0017565842317,0.00245545764028776,0.00274751899756609,0.00156123226694405,0.00175658423174241,0.02,0.02,0.02,0.02
12.16,f27c2278f5bdb77b,50.0024580782554,50.0027508402915,50.001563324401,50.0017590028186,0.00245807825536559,0.00275084029149752,0.00156332440104023,0.0017590028186163,0.02,0.02,0.02,0.02
12.165,f27c2278f5bdb77b,50.0024606853836,50.0027541454163,50.0015654055229,50.0017614091865,0.00246068538362465,0.00275414541631847,0.00156540552286799,0.00176140918645018,0.02,0.02,0.02,0.02
12.17,f27c2278f5bdb77b,50.0024632790065,50.0027574343482,50.0015674756188,50.0017638033196,0.00246327900649845,0.00275743434824705,0.00156747561884174,0.00176380331955528,0.02,0.02,0.02,0.02
12.175,f27c2278f5bdb77b,50.0024658591056,50.0027607070637,50.0015695346754,50.0017661852022,0.00246585910564079,0.00276070706365772,0.00156953467538301,0.00176618520224281,0.02,0.02,0.02,0.02
12.18,f27c2278f5bdb77b,50.0024684256629,50.0027639635391,50.001571582679,50.0017685548188,0.00246842566289018,0.00276396353905994,0.00157158267895596,0.00176855481878846,0.02,0.02,0.02,0.02
12.185,f27c2278f5bdb77b,50.0024709786603,50.0027672037511,50.001573619616,50.0017709121535,0.00247097866030543,0.00276720375109818,0.00157361961604607,0.00177091215346081,0.02,0.02,0.02,0.02
12.19,f27c2278f5bdb77b,50.0024735180801,50.0027704276766,50.0015756454732,50.0017732571905,0.00247351808013008,0.0027704276765661,0.00157564547315303,0.00177325719050003,0.02,0.02,0.02,0.02
12.195,f27c2278f5bdb77b,50.0024760439048,50.0027736352924,50.0015776602368,50.0017755899141,0.00247604390484923,0.0027736352924066,0.00157766023679073,0.00177558991411075,0.02,0.02,0.02,0.02
12.2,f27c2278f5bdb77b,50.0024785561171,50.0027768265757,50.0015796638935,50.0017779103085,0.00247855611711145,0.00277682657568334,0.00157966389351571,0.0017779103084905,0.02,0.02,0.02,0.02
12.205,f27c2278f5bdb77b,50.0024810546998,50.0027800015036,50.0015816564299,50.0017802183578,0.00248105469977844,0.00278000150361635,0.00158165642989161,0.00178021835782971,0.02,0.02,0.02,0.02
12.21,f27c2278f5bdb77b,50.0024835396359,50.0027831600535,50.0015836378325,50.0017825140463,0.00248353963588244,0.0027831600535464,0.0015836378325389,0.00178251404631169,0.02,0.02,0.02,0.02
12.215,f27c2278f5bdb77b,50.0024860109086,50.0027863022029,50.0015856080881,50.0017847973581,0.00248601090864042,0.00278630220293508,0.00158560808808517,0.00178479735812687,0.02,0.02,0.02,0.02
12.22,f27c2278f5bdb77b,50.0024884685014,50.0027894279294,50.0015875671832,50.0017870682775,0.00248846850139728,0.00278942792938608,0.00158756718322905,0.00178706827748698,0.02,0.02,0.02,0.02
12.225,f27c2278f5bdb77b,50.0024909123976,50.0027925372106,50.0015895151047,50.0017893267886,0.00249091239763999,0.00279253721058836,0.00158951510470473,0.0017893267886322,0.02,0.02,0.02,0.02
12.23,f27c2278f5bdb77b,50.002493342581,50.0027956300244,50.0015914518393,50.0017915728759,0.00249334258096212,0.00279563002435168,0.0015914518393032,0.00179157287587373,0.02,0.02,0.02,0.02
12.235,f27c2278f5bdb77b,50.0024957590351,50.0027987063486,50.0015933773739,50.0017938065236,0.00249575903507093,0.00279870634857105,0.00159337737389365,0.00179380652355121,0.02,0.02,0.02,0.02
12.24,f27c2278f5bdb77b,50.0024981617437,50.0028017661612,50.0015952916954,50.0017960277161,0.00249816174371631,0.00280176616124095,0.00159529169540207,0.00179602771612508,0.02,0.02,0.02,0.02
12.245,f27c2278f5bdb77b,50.0025005506907,50.0028048094404,50.0015971947908,50.0017982364381,0.00250055069071209,0.00280480944041983,0.00159719479084686,0.00179823643812682,0.02,0.02,0.02,0.02
12.25,f27c2278f5bdb77b,50.0025029258599,50.0028078361642,50.0015990866473,50.0018004326742,0.00250292585991474,0.00280783616423719,0.00159908664731745,0.0018004326742016,0.02,0.02,0.02,0.02
12.255,f27c2278f5bdb77b,50.0025052872352,50.0028108463109,50.001600967252,50.0018026164091,0.00250528723516652,0.00281084631090778,0.00160096725201697,0.00180261640912249,0.02,0.02,0.02,0.02
12.26,f27c2278f5bdb77b,50.0025076348003,50.0028138398587,50.0016028365922,50.0018047876278,0.00250763480033811,0.00281383985867478,0.00160283659223381,0.00180478762781178,0.02,0.02,0.02,0.02
12.265,f27c2278f5bdb77b,50.0025099685393,50.0028168167858,50.0016046946554,50.0018069463153,0.00250996853925756,0.00281681678584533,0.00160469465536295,0.00180694631531964,0.02,0.02,0.02,0.02
12.27,f27c2278f5bdb77b,50.0025122884357,50.0028197770708,50.0016065414289,50.0018090924569,0.00251228843571738,0.00281977707076919,0.00160654142892014,0.00180909245687388,0.02,0.02,0.02,0.02
12.275,f27c2278f5bdb77b,50.0025145944735,50.0028227206918,50.0016083769005,50.0018112260379,0.00251459447349589,0.00282272069183875,0.00160837690052773,0.00181122603786577,0.02,0.02,0.02,0.02
12.28,f27c2278f5bdb77b,50.0025168866363,50.0028256476275,50.0016102010579,50.0018133470439,0.00251688663630745,0.00282564762748905,0.00161020105791465,0.00181334704385705,0.02,0.02,0.02,0.02
12.285,f27c2278f5bdb77b,50.0025191649078,50.0028285578562,50.0016120138889,50.0018154554606,0.00251916490780957,0.00282855785619773,0.00161201388893062,0.00181545546057293,0.02,0.02,0.02,0.02
12.29,f27c2278f5bdb77b,50.0025214292716,50.0028314513565,50.0016138153816,50.0018175512739,0.00252142927161714,0.00283145135645668,0.00161381538155325,0.00181755127393757,0.02,0.02,0.02,0.02
12.295,f27c2278f5bdb77b,50.0025236797113,50.0028343281068,50.0016156055239,50.00181963447,0.00252367971130241,0.00283432810683593,0.00161560552385964,0.00181963447001721,0.02,0.02,0.02,0.02
12.3,f27c2278f5bdb77b,50.0025259162104,50.0028371880859,50.001617384304,50.0018217050351,0.002525916210395,0.00283718808591971,0.00161738430404057,0.00182170503506995,0.02,0.02,0.02,0.02
12.305,f27c2278f5bdb77b,50.0025281387524,50.0028400312724,50.0016191517104,50.0018237629555,0.00252813875240321,0.00284003127235621,0.00161915171040761,0.00182376295550313,0.02,0.02,0.02,0.02
12.31,f27c2278f5bdb77b,50.0025303473208,50.0028428576449,50.0016209077314,50.0018258082179,0.00253034732080692,0.00284285764485048,0.00162090773135759,0.00182580821788036,0.02,0.02,0.02,0.02
12.315,f27c2278f5bdb77b,50.0025325418991,50.0028456671822,50.0016226523554,50.0018278408089,0.00253254189909313,0.00284566718216439,0.00162265235540104,0.00182784080888609,0.02,0.02,0.02,0.02
12.32,f27c2278f5bdb77b,50.0025347224708,50.0028484598631,50.0016243855711,50.0018298607153,0.00253472247077013,0.00284845986313087,0.00162438557113376,0.00182986071534685,0.02,0.02,0.02,0.02
12.325,f27c2278f5bdb77b,50.0025368890194,50.0028512356667,50.0016261073672,50.0018318679242,0.00253688901938176,0.00285123566666101,0.00162610736722968,0.00183186792420287,0.02,0.02,0.02,0.02
12.33,f27c2278f5bdb77b,50.0025390415285,50.0028539945718,50.0016278177324,50.0018338624225,0.00253904152852868,0.00285399457175117,0.00162781773244802,0.00183386242248673,0.02,0.02,0.02,0.02
12.335,f27c2278f5bdb77b,50.0025411799819,50.0028567365575,50.0016295166556,50.0018358441973,0.00254117998188974,0.00285673655750429,0.00162951665561906,0.00183584419729499,0.02,0.02,0.02,0.02
12.34,f27c2278f5bdb77b,50.0025433043633,50.0028594616031,50.0016312041256,50.0018378132358,0.00254330436326455,0.00285946160312989,0.001631204125637,0.00183781323581655,0.02,0.02,0.02,0.02
12.345,f27c2278f5bdb77b,50.0025454146566,50.0028621696879,50.0016328801314,50.0018397695253,0.00254541465655223,0.00286216968792985,0.00163288013143159,0.00183976952526166,0.02,0.02,0.02,0.02
12.35,f27c2278f5bdb77b,50.0025475108458,50.0028648607914,50.001634544662,50.0018417130529,0.00254751084581528,0.00286486079136239,0.00163454466201074,0.00184171305289738,0.02,0.02,0.02,0.02
12.355,f27c2278f5bdb77b,50.0025495929153,50.002867534893,50.0016361977064,50.001843643806,0.00254959291526546,0.0028675348929923,0.00163619770640366,0.00184364380599078,0.02,0.02,0.02,0.02
12.36,f27c2278f5bdb77b,50.0025516608493,50.0028701919725,50.0016378392537,50.0018455617718,0.00255166084931346,0.00287019197254779,0.00163783925366801,0.00184556177182316,0.02,0.02,0.02,0.02
12.365,f27c2278f5bdb77b,50.0025537146325,50.0028728320099,50.0016394692929,50.0018474669377,0.00255371463254761,0.00287283200989208,0.00163946929291825,0.00184746693766868,0.02,0.02,0.02,0.02
12.37,f27c2278f5bdb77b,50.0025557542498,50.002875454985,50.0016410878133,50.0018493592908,0.0025557542497836,0.0028754549850305,0.00164108781326178,0.00184935929080154,0.02,0.02,0.02,0.02
12.375,f27c2278f5bdb77b,50.002557779686,50.0028780608781,50.0016426948039,50.0018512388185,0.0025577796860432,0.00287806087813891,0.00164269480386992,0.00185123881845328,0.02,0.02,0.02,0.02
12.38,f27c2278f5bdb77b,50.0025597909266,50.0028806496695,50.0016442902539,50.0018531055078,0.00255979092656844,0.00288064966954238,0.00164429025389268,0.00185310550784834,0.02,0.02,0.02,0.02
12.385,f27c2278f5bdb77b,50.0025617879568,50.0028832213397,50.0016458741525,50.0018549593462,0.00256178795684292,0.00288322133973651,0.00164587415252981,0.00185495934618274,0.02,0.02,0.02,0.02
12.39,f27c2278f5bdb77b,50.0025637707626,50.0028857758694,50.001647446489,50.0018568003206,0.00256377076255632,0.00288577586935901,0.00164744648900239,0.00185680032061697,0.02,0.02,0.02,0.02
12.395,f27c2278f5bdb77b,50.0025657393296,50.0028883132392,50.0016490072525,50.0018586284183,0.00256573932962567,0.00288831323921812,0.00164900725254569,0.00185862841831153,0.02,0.02,0.02,0.02
12.4,f27c2278f5bdb77b,50.0025676936442,50.0028908334303,50.0016505564324,50.0018604436264,0.0025676936441883,0.00289083343026419,0.00165055643243051,0.00186044362640558,0.02,0.02,0.02,0.02
12.405,f27c2278f5bdb77b,50.0025696336926,50.0028933364236,50.0016520940179,50.001862245932,0.00256963369257335,0.0028933364236039,0.00165209401794897,0.0018622459320099,0.02,0.02,0.02,0.02
12.41,f27c2278f5bdb77b,50.0025715594613,50.0028958222005,50.0016536199984,50.0018640353223,0.00257155946128762,0.00289582220049311,0.00165361999844293,0.00186403532227786,0.02,0.02,0.02,0.02
12.415,f27c2278f5bdb77b,50.002573470937,50.0028982907423,50.0016551343633,50.0018658117844,0.00257347093702975,0.00289829074230141,0.001655134363304,0.00186581178435574,0.02,0.02,0.02,0.02
12.42,f27c2278f5bdb77b,50.0025753681066,50.0029007420305,50.001656637102,50.0018675753054,0.00257536810661918,0.00290074203054758,0.00165663710195219,0.00186757530543247,0.02,0.02,0.02,0.02
12.425,f27c2278f5bdb77b,50.002577250957,50.0029031760469,50.0016581282039,50.0018693258727,0.00257725095703876,0.00290317604686408,0.00165812820389277,0.00186932587273958,0.02,0.02,0.02,0.02
12.43,f27c2278f5bdb77b,50.0025791194753,50.002905592773,50.0016596076587,50.0018710634736,0.0025791194753495,0.00290559277298286,0.00165960765867368,0.00187106347357258,0.02,0.02,0.02,0.02
12.435,f27c2278f5bdb77b,50.0025809736487,50.0029079921908,50.0016610754559,50.0018727880953,0.0025809736487119,0.00290799219075666,0.00166107545593519,0.00187278809531932,0.02,0.02,0.02,0.02
12.44,f27c2278f5bdb77b,50.0025828134644,50.0029103742821,50.0016625315854,50.0018744997255,0.00258281346435041,0.00291037428211638,0.00166253158539575,0.00187449972545295,0.02,0.02,0.02,0.02
12.445,f27c2278f5bdb77b,50.0025846389095,50.0029127390291,50.0016639760369,50.0018761983516,0.00258463890952498,0.00291273902907818,0.00166397603686619,0.00187619835156738,0.02,0.02,0.02,0.02
12.45,f27c2278f5bdb77b,50.0025864499715,50.0029150864137,50.0016654088003,50.0018778839614,0.00258644997153112,0.00291508641373639,0.00166540880025678,0.00187788396139155,0.02,0.02,0.02,0.02
12.455,f27c2278f5bdb77b,50.0025882466376,50.0029174164182,50.0016668298656,50.0018795565428,0.00258824663764301,0.00291741641824927,0.00166682986557021,0.00187955654278937,0.02,0.02,0.02,0.02
12.46,f27c2278f5bdb77b,50.0025900288951,50.0029197290248,50.0016682392229,50.0018812160838,0.00259002889513482,0.00291972902483906,0.00166823922293702,0.00188121608378822,0.02,0.02,0.02,0.02
12.465,f27c2278f5bdb77b,50.0025917967313,50.0029220242158,50.0016696368626,50.0018828625726,0.00259179673125232,0.00292202421579191,0.00166963686259436,0.00188286257259307,0.02,0.02,0.02,0.02
12.47,f27c2278f5bdb77b,50.0025935501332,50.0029243019734,50.0016710227749,50.0018844959976,0.00259355013319862,0.00292430197342242,0.00167102277490727,0.00188449599756524,0.02,0.02,0.02,0.02
12.475,f27c2278f5bdb77b,50.0025952890881,50.0029265622801,50.0016723969504,50.0018861163473,0.00259528908812712,0.00292656228011623,0.00167239695035448,0.00188611634726499,0.02,0.02,0.02,0.02
12.48,f27c2278f5bdb77b,50.0025970135831,50.0029288051183,50.0016737593795,50.0018877236104,0.00259701358314146,0.00292880511828741,0.00167375937954262,0.00188772361043732,0.02,0.02,0.02,0.02
12.485,f27c2278f5bdb77b,50.0025987236053,50.0029310304704,50.0016751100532,50.001889317776,0.00259872360528846,0.00293103047040688,0.0016751100532062,0.00188931777601908,0.02,0.02,0.02,0.02
12.49,f27c2278f5bdb77b,50.0026004191416,50.002933238319,50.0016764489622,50.0018908988331,0.00260041914157227,0.00293323831899528,0.00167644896220054,0.00189089883311766,0.02,0.02,0.02,0.02
12.495,f27c2278f5bdb77b,50.0026021001789,50.0029354286466,50.0016777760975,50.001892466771,0.00260210017894025,0.002935428646623,0.00167777609750175,0.00189246677103938,0.02,0.02,0.02,0.02
12.5,f27c2278f5bdb77b,50.0026037667043,50.0029376014359,50.0016790914502,50.0018940215793,0.00260376670432549,0.00293760143590305,0.00167909145019962,0.00189402157926111,0.02,0.02,0.02,0.02
12.505,f27c2278f5bdb77b,50.0026054187046,50.0029397566695,50.0016803950115,50.0018955632474,0.0026054187046185,0.00293975666952662,0.00168039501150474,0.00189556324741602,0.02,0.02,0.02,0.02
12.51,f27c2278f5bdb77b,50.0026070561667,50.0029418943303,50.0016816867727,50.0018970917653,0.00260705616672396,0.00294189433025593,0.00168168677272007,0.00189709176530073,0.02,0.02,0.02,0.02
12.515,f27c2278f5bdb77b,50.0026086790776,50.0029440144009,50.0016829667253,50.0018986071228,0.00260867907755369,0.00294401440091008,0.00168296672526225,0.00189860712284684,0.02,0.02,0.02,0.02
12.52,f27c2278f5bdb77b,50.0026102874241,50.0029461168644,50.0016842348606,50.0019001093101,0.002610287424055,0.00294611686441471,0.00168423486063318,0.00190010931012097,0.02,0.02,0.02,0.02
12.525,f27c2278f5bdb77b,50.0026118811932,50.0029482017038,50.0016854911704,50.0019015983173,0.00261188119323918,0.00294820170378784,0.00168549117042716,0.00190159831727499,0.02,0.02,0.02,0.02
12.53,f27c2278f5bdb77b,50.0026134603722,50.0029502689021,50.0016867356463,50.0019030741346,0.00261346037218146,0.0029502689021399,0.0016867356463024,0.00190307413457447,0.02,0.02,0.02,0.02
12.535,f27c2278f5bdb77b,50.0026150249481,50.0029523184427,50.00168796828,50.0019045367523,0.00261502494807786,0.00295231844270916,0.00168796827999529,0.00190453675234892,0.02,0.02,0.02,0.02
12.54,f27c2278f5bdb77b,50.0026165749082,50.0029543503089,50.0016891890633,50.001905986161,0.00261657490824518,0.00295435030885471,0.00168918906329907,0.0019059861609918,0.02,0.02,0.02,0.02
12.545,f27c2278f5bdb77b,50.0026181102401,50.0029563644841,50.0016903979881,50.0019074223509,0.00261811024014946,0.00295636448407777,0.0016903979880567,0.00190742235093211,0.02,0.02,0.02,0.02
12.55,f27c2278f5bdb77b,50.0026196309314,50.002958360952,50.0016915950462,50.0019088453126,0.00261963093144146,0.00295836095201452,0.0016915950461609,0.00190884531262014,0.02,0.02,0.02,0.02
12.555,f27c2278f5bdb77b,50.0026211369699,50.0029603396965,50.0016927802295,50.0019102550365,0.00262113696994959,0.00296033969645748,0.00169278022953989,0.00191025503652043,0.02,0.02,0.02,0.02
12.56,f27c2278f5bdb77b,50.0026226283437,50.0029623007014,50.0016939535302,50.0019116515131,0.00262262834370119,0.00296230070136261,0.00169395353015034,0.00191165151310457,0.02,0.02,0.02,0.02
12.565,f27c2278f5bdb77b,50.002624105041,50.0029642439508,50.00169511494,50.0019130347328,0.00262410504097943,0.00296424395084927,0.00169511493999153,0.00191303473281579,0.02,0.02,0.02,0.02
12.57,f27c2278f5bdb77b,50.0026255670503,50.0029661694292,50.0016962644511,50.0019144046861,0.00262556705025929,0.00296616942920025,0.00169626445107696,0.00191440468609017,0.02,0.02,0.02,0.02
12.575,f27c2278f5bdb77b,50.0026270143603,50.0029680771209,50.0016974020554,50.0019157613633,0.00262701436028578,0.00296807712088309,0.00169740205542723,0.00191576136332827,0.02,0.02,0.02,0.02
12.58,f27c2278f5bdb77b,50.00262844696,50.0029699670105,50.0016985277451,50.0019171047549,0.00262844696003128,0.00296996701053587,0.0016985277451198,0.00191710475492357,0.02,0.02,0.02,0.02
12.585,f27c2278f5bdb77b,50.0026298648387,50.002971839083,50.0016996415122,50.0019184348512,0.00262986483871686,0.00297183908297427,0.00169964151222501,0.00191843485121268,0.02,0.02,0.02,0.02
12.59,f27c2278f5bdb77b,50.0026312679858,50.0029736933232,50.0017007433489,50.0019197516425,0.00263126798581226,0.00297369332317032,0.00170074334885584,0.00191975164253222,0.02,0.02,0.02,0.02
12.595,f27c2278f5bdb77b,50.002632656391,50.0029755297163,50.0017018332471,50.0019210551192,0.00263265639100752,0.002975529716295,0.00170183324713236,0.00192105511919749,0.02,0.02,0.02,0.02
12.6,f27c2278f5bdb77b,50.0026340300442,50.0029773482477,50.0017029111992,50.0019223452715,0.00263403004421292,0.00297734824766138,0.00170291119923149,0.00192234527149537,0.02,0.02,0.02,0.02
12.605,f27c2278f5bdb77b,50.0026353889355,50.0029791489028,50.0017039771973,50.0019236220897,0.00263538893554482,0.00297914890276019,0.00170397719734439,0.00192362208973407,0.02,0.02,0.02,0.02
12.61,f27c2278f5bdb77b,50.0026367330553,50.0029809316672,50.0017050312337,50.0019248855642,0.00263673305531853,0.00298093166721713,0.00170503123371901,0.00192488556422887,0.02,0.02,0.02,0.02
12.615,f27c2278f5bdb77b,50.002638062394,50.0029826965268,50.0017060733007,50.0019261356853,0.00263806239400566,0.00298269652680716,0.00170607330065309,0.00192613568532352,0.02,0.02,0.02,0.02
12.62,f27c2278f5bdb77b,50.0026393769422,50.0029844434675,50.0017071033905,50.0019273724434,0.00263937694222705,0.00298444346745441,0.00170710339050828,0.00192737244341146,0.02,0.02,0.02,0.02
12.625,f27c2278f5bdb77b,50.0026406766907,50.0029861724752,50.0017081214957,50.0019285958289,0.00264067669074564,0.00298617247519672,0.0017081214957031,0.0019285958289359,0.02,0.02,0.02,0.02
12.63,f27c2278f5bdb77b,50.0026419616304,50.0029878835362,50.0017091276087,50.0019298058324,0.00264196163039543,0.00298788353617851,0.00170912760874131,0.00192980583244662,0.02,0.02,0.02,0.02
12.635,f27c2278f5bdb77b,50.0026432317521,50.0029895766367,50.0017101217222,50.0019310024446,0.00264323175210279,0.0029895766366721,0.00171012172220486,0.00193100244457156,0.02,0.02,0.02,0.02
12.64,f27c2278f5bdb77b,50.0026444870468,50.002991251763,50.0017111038288,50.0019321856561,0.00264448704683673,0.00299125176302795,0.00171110382877515,0.00193218565605946,0.02,0.02,0.02,0.02
12.645,f27c2278f5bdb77b,50.0026457275056,50.0029929089017,50.0017120739212,50.0019333554578,0.00264572750561598,0.00299290890169601,0.00171207392124018,0.00193335545779405,0.02,0.02,0.02,0.02
12.65,f27c2278f5bdb77b,50.0026469531194,50.0029945480392,50.0017130319925,50.0019345118408,0.00264695311944507,0.0029945480391973,0.0017130319924874,0.00193451184080828,0.02,0.02,0.02,0.02
12.655,f27c2278f5bdb77b,50.0026481638793,50.0029961691621,50.0017139780355,50.0019356547963,0.00264816387932143,0.00299616916212386,0.00171397803553219,0.00193565479631985,0.02,0.02,0.02,0.02
12.66,f27c2278f5bdb77b,50.0026493597762,50.0029977722571,50.0017149120435,50.0019367843157,0.00264935977622827,0.00299777225713882,0.0017149120435036,0.00193678431568856,0.02,0.02,0.02,0.02
12.665,f27c2278f5bdb77b,50.0026505408011,50.002999357311,50.0017158340097,50.0019379003905,0.00265054080109905,0.00299935731096213,0.00171583400965147,0.00193790039048025,0.02,0.02,0.02,0.02
12.67,f27c2278f5bdb77b,50.0026517069448,50.0030009243104,50.0017167439274,50.0019390030125,0.00265170694481043,0.00300092431036347,0.00171674392737486,0.00193900301246686,0.02,0.02,0.02,0.02
12.675,f27c2278f5bdb77b,50.0026528581982,50.0030024732422,50.0017176417902,50.0019400921736,0.00265285819820349,0.0030024732421694,0.00171764179019362,0.00194009217359081,0.02,0.02,0.02,0.02
12.68,f27c2278f5bdb77b,50.002653994552,50.0030040040933,50.0017185275918,50.001941167866,0.00265399455204118,0.0030040040932704,0.0017185275917555,0.00194116786602905,0.02,0.02,0.02,0.02
12.685,f27c2278f5bdb77b,50.002655115997,50.0030055168506,50.0017194013258,50.0019422300821,0.00265511599704382,0.00300551685058537,0.00171940132584325,0.00194223008212902,0.02,0.02,0.02,0.02
12.69,f27c2278f5bdb77b,50.0026562225239,50.0030070115011,50.0017202629864,50.0019432788145,0.00265622252387487,0.00300701150111848,0.00172026298636752,0.00194327881445844,0.02,0.02,0.02,0.02
12.695,f27c2278f5bdb77b,50.0026573141232,50.0030084880319,50.0017211125674,50.0019443140558,0.00265731412316228,0.00300848803192366,0.00172111256738106,0.00194431405575557,0.02,0.02,0.02,0.02
12.7,f27c2278f5bdb77b,50.0026583907855,50.0030099464301,50.001721950063,50.001945335799,0.00265839078550556,0.00300994643011876,0.001721950063029,0.00194533579895051,0.02,0.02,0.02,0.02
12.705,f27c2278f5bdb77b,50.0026594525015,50.0030113866829,50.0017227754676,50.0019463440371,0.00265945250149713,0.00301138668289269,0.00172277546759858,0.00194634403712968,0.02,0.02,0.02,0.02
12.71,f27c2278f5bdb77b,50.0026604992617,50.0030128087775,50.0017235887755,50.0019473387636,0.00266049926172229,0.00301280877753385,0.0017235887754623,0.00194733876355713,0.02,0.02,0.02,0.02
12.715,f27c2278f5bdb77b,50.0026615310568,50.0030142127014,50.0017243899811,50.0019483199716,0.0026615310568161,0.00301421270140878,0.00172438998110636,0.0019483199716106,0.02,0.02,0.02,0.02
12.72,f27c2278f5bdb77b,50.0026625478775,50.003015598442,50.0017251790791,50.0019492876548,0.00266254787747044,0.00301559844199062,0.0017251790791093,0.00194928765480284,0.02,0.02,0.02,0.02
12.725,f27c2278f5bdb77b,50.0026635497144,50.0030169659869,50.0017259560641,50.0019502418067,0.00266354971442695,0.00301696598686618,0.00172595606412074,0.00195024180674608,0.02,0.02,0.02,0.02
12.73,f27c2278f5bdb77b,50.0026645365586,50.0030183153237,50.0017267209309,50.0019511824211,0.00266453655856225,0.00301831532373598,0.00172672093086845,0.00195118242113068,0.02,0.02,0.02,0.02
12.735,f27c2278f5bdb77b,50.0026655084009,50.0030196464405,50.0017274736742,50.0019521094917,0.00266550840087376,0.00301964644045682,0.00172747367415838,0.00195210949171809,0.02,0.02,0.02,0.02
12.74,f27c2278f5bdb77b,50.0026664652325,50.003020959325,50.0017282142888,50.0019530230123,0.00266646523250103,0.00302095932501345,0.00172821428883196,0.00195302301232658,0.02,0.02,0.02,0.02
12.745,f27c2278f5bdb77b,50.0026674070448,50.0030222539655,50.0017289427698,50.0019539229768,0.00266740704477542,0.00302225396554689,0.00172894276979463,0.00195392297679575,0.02,0.02,0.02,0.02
12.75,f27c2278f5bdb77b,50.0026683338292,50.0030235303504,50.001729659112,50.001954809379,0.00266833382922016,0.00302353035036873,0.0017296591119873,0.00195480937897941,0.02,0.02,0.02,0.02
12.755,f27c2278f5bdb77b,50.0026692455776,50.003024788468,50.0017303633104,50.0019556822127,0.00266924557758585,0.00302478846795395,0.00173036331037935,0.00195568221272424,0.02,0.02,0.02,0.02
12.76,f27c2278f5bdb77b,50.0026701422818,50.003026028307,50.00173105536,50.0019565414719,0.00267014228184337,0.0030260283069623,0.00173105535998275,0.00195654147189117,0.02,0.02,0.02,0.02
12.765,f27c2278f5bdb77b,50.0026710239342,50.0030272498562,50.0017317352558,50.0019573871503,0.00267102393422647,0.00302724985624536,0.0017317352558166,0.00195738715029137,0.02,0.02,0.02,0.02
12.77,f27c2278f5bdb77b,50.0026718905272,50.0030284531048,50.0017324029929,50.0019582192417,0.0026718905272034,0.00302845310482525,0.00173240299293553,0.001958219241736,0.02,0.02,0.02,0.02
12.775,f27c2278f5bdb77b,50.0026727420535,50.0030296380419,50.0017330585664,50.00195903774,0.00267274205352663,0.00302963804192302,0.00173305856641548,0.00195903773997941,0.02,0.02,0.02,0.02
12.78,f27c2278f5bdb77b,50.0026735785062,50.003030804657,50.0017337019713,50.0019598426388,0.00267357850619732,0.00303080465695871,0.00173370197133949,0.0019598426387617,0.02,0.02,0.02,0.02
12.785,f27c2278f5bdb77b,50.0026743998785,50.0030319529395,50.0017343332028,50.0019606339318,0.0026743998784724,0.00303195293952996,0.00173433320283323,0.00196063393178747,0.02,0.02,0.02,0.02
12.79,f27c2278f5bdb77b,50.0026752061639,50.0030330828794,50.001734952256,50.0019614116127,0.00267520616387884,0.00303308287942627,0.00173495225602949,0.00196141161273999,0.02,0.02,0.02,0.02
12.795,f27c2278f5bdb77b,50.0026759973562,50.0030341944666,50.0017355591261,50.0019621756753,0.00267599735616386,0.00303419446661479,0.00173555912610368,0.00196217567528834,0.02,0.02,0.02,0.02
12.8,f27c2278f5bdb77b,50.0026767734493,50.0030352876912,50.0017361538083,50.0019629261131,0.00267677344930917,0.00303528769124028,0.00173615380825254,0.00196292611309445,0.02,0.02,0.02,0.02
12.805,f27c2278f5bdb77b,50.0026775344375,50.0030363625436,50.0017367362977,50.0019636629198,0.00267753443750962,0.00303636254363226,0.00173673629774385,0.00196366291983452,0.02,0.02,0.02,0.02
12.81,f27c2278f5bdb77b,50.0026782803151,50.0030374190142,50.0017373065899,50.0019643860892,0.00267828031513773,0.00303741901424814,0.00173730658985249,0.0019643860891847,0.02,0.02,0.02,0.02
12.815,f27c2278f5bdb77b,50.0026790110767,50.0030384570937,50.00173786468,50.0019650956149,0.00267901107672941,0.00303845709372297,0.00173786467995285,0.00196509561489933,0.02,0.02,0.02,0.02
12.82,f27c2278f5bdb77b,50.002679726717,50.0030394767728,50.0017384105635,50.0019657914908,0.00267972671697692,0.00303947677281968,0.00173841056346902,0.00196579149076825,0.02,0.02,0.02,0.02
12.825,f27c2278f5bdb77b,50.0026804272307,50.0030404780424,50.0017389442359,50.0019664737107,0.00268042723067907,0.00304047804243623,0.00173894423589616,0.00196647371066661,0.02,0.02,0.02,0.02
12.83,f27c2278f5bdb77b,50.0026811126127,50.0030414608936,50.0017394656928,50.0019671422686,0.00268111261270576,0.00304146089359136,0.00173946569283601,0.00196714226856898,0.02,0.02,0.02,0.02
12.835,f27c2278f5bdb77b,50.002681782858,50.0030424253174,50.00173997493,50.0019677971586,0.00268178285800502,0.00304242531741039,0.00173997492996136,0.00196779715856366,0.02,0.02,0.02,0.02
12.84,f27c2278f5bdb77b,50.0026824379616,50.0030433713051,50.0017404719431,50.0019684383749,0.00268243796156753,0.00304337130511101,0.00174047194306581,0.00196843837487393,0.02,0.02,0.02,0.02
12.845,f27c2278f5bdb77b,50.0026830779184,50.003044298848,50.0017409567281,50.0019690659119,0.00268307791838396,0.00304429884800328,0.00174095672805663,0.00196906591189361,0.02,0.02,0.02,0.02
12.85,f27c2278f5bdb77b,50.0026837027234,50.0030452079375,50.001741429281,50.0019696797642,0.00268370272344498,0.00304520793748253,0.00174142928096188,0.00196967976416573,0.02,0.02,0.02,0.02
12.855,f27c2278f5bdb77b,50.0026843123717,50.003046098565,50.0017418895979,50.0019702799264,0.00268431237171285,0.00304609856500804,0.00174188959792332,0.00197027992642518,0.02,0.02,0.02,0.02
12.86,f27c2278f5bdb77b,50.0026849068581,50.0030469707221,50.0017423376752,50.0019708663936,0.00268490685811429,0.00304697072212434,0.00174233767523901,0.00197086639361288,0.02,0.02,0.02,0.02
12.865,f27c2278f5bdb77b,50.0026854861775,50.0030478244004,50.0017427735093,50.0019714391609,0.00268548617751208,0.00304782440041151,0.00174277350931362,0.00197143916086162,0.02,0.02,0.02,0.02
12.87,f27c2278f5bdb77b,50.0026860503247,50.0030486595915,50.0017431970967,50.0019719982235,0.00268605032471214,0.00304865959153489,0.00174319709672233,0.00197199822351024,0.02,0.02,0.02,0.02
12.875,f27c2278f5bdb77b,50.0026865992945,50.0030494762872,50.0017436084342,50.0019725435771,0.00268659929447068,0.00304947628718821,0.0017436084341611,0.00197254357713916,0.02,0.02,0.02,0.02
12.88,f27c2278f5bdb77b,50.0026871330815,50.0030502744792,50.0017440075185,50.0019730752175,0.00268713308145863,0.00305027447915762,0.00174400751846093,0.00197307521751355,0.02,0.02,0.02,0.02
12.885,f27c2278f5bdb77b,50.0026876516803,50.0030510541593,50.0017443943466,50.0019735931406,0.00268765168030427,0.00305105415927187,0.00174439434660911,0.00197359314061885,0.02,0.02,0.02,0.02
12.89,f27c2278f5bdb77b,50.0026881550856,50.0030518153194,50.0017447689157,50.0019740973426,0.00268815508558617,0.00305181531942367,0.00174476891570663,0.00197409734264653,0.02,0.02,0.02,0.02
12.895,f27c2278f5bdb77b,50.0026886432918,50.0030525579516,50.001745131223,50.00197458782,0.00268864329183316,0.00305255795157677,0.00174513122299658,0.00197458781997994,0.02,0.02,0.02,0.02
12.9,f27c2278f5bdb77b,50.0026891162936,50.0030532820478,50.0017454812658,50.0019750645692,0.00268911629356694,0.00305328204778021,0.00174548126584995,0.00197506456919427,0.02,0.02,0.02,0.02
12.905,f27c2278f5bdb77b,50.0026895740853,50.0030539876002,50.0017458190417,50.001975527587,0.00268957408531634,0.00305398760016828,0.001745819041723,0.00197552758702813,0.02,0.02,0.02,0.02
12.91,f27c2278f5bdb77b,50.0026900166616,50.003054674601,50.0017461445482,50.0019759768704,0.00269001666161017,0.00305467460096054,0.0017461445482212,0.00197597687036222,0.02,0.02,0.02,0.02
12.915,f27c2278f5bdb77b,50.002690444017,50.0030553430425,50.001746457783,50.0019764124162,0.00269044401704832,0.00305534304250443,0.00174645778301397,0.00197641241621938,0.02,0.02,0.02,0.02
12.92,f27c2278f5bdb77b,50.0026908561463,50.0030559929172,50.0017467587439,50.0019768342217,0.00269085614629461,0.0030559929172469,0.0017467587438702,0.00197683422174322,0.02,0.02,0.02,0.02
12.925,f27c2278f5bdb77b,50.0026912530441,50.0030566242178,50.0017470474286,50.0019772422842,0.00269125304411233,0.00305662421777697,0.00174704742864407,0.00197724228416263,0.02,0.02,0.02,0.02
12.93,f27c2278f5bdb77b,50.0026916347054,50.0030572369368,50.0017473238352,50.0019776366008,0.0026916347054069,0.00305723693681159,0.00174732383524656,0.00197763660078465,0.02,0.02,0.02,0.02
12.935,f27c2278f5bdb77b,50.0026920011252,50.0030578310672,50.0017475879617,50.001978017169,0.00269200112521872,0.00305783106723823,0.00174758796166685,0.00197801716896606,0.02,0.02,0.02,0.02
12.94,f27c2278f5bdb77b,50.0026923522988,50.0030584066021,50.0017478398059,50.0019783839861,0.00269235229879428,0.00305840660208645,0.00174783980592963,0.00197838398611339,0.02,0.02,0.02,0.02
12.945,f27c2278f5bdb77b,50.0026926882216,50.0030589635346,50.0017480793661,50.0019787370496,0.00269268822155766,0.00305896353457058,0.00174807936609511,0.00197873704963314,0.02,0.02,0.02,0.02
12.95,f27c2278f5bdb77b,50.0026930088892,50.0030595018581,50.0017483066403,50.001979076357,0.00269300888918167,0.00305950185810389,0.00174830664028036,0.00197907635695316,0.02,0.02,0.02,0.02
12.955,f27c2278f5bdb77b,50.0026933142976,50.0030600215663,50.0017485216266,50.0019794019055,0.00269331429758068,0.00306002156625595,0.00174852162662376,0.00197940190547286,0.02,0.02,0.02,0.02
12.96,f27c2278f5bdb77b,50.0026936044429,50.0030605226528,50.0017487243233,50.0019797136926,0.00269360444292488,0.00306052265281664,0.00174872432327078,0.00197971369257743,0.02,0.02,0.02,0.02
12.965,f27c2278f5bdb77b,50.0026938793216,50.0030610051118,50.0017489147284,50.0019800117156,0.00269387932164733,0.00306100511176766,0.00174891472840244,0.00198001171562368,0.02,0.02,0.02,0.02
12.97,f27c2278f5bdb77b,50.0026941389305,50.0030614689373,50.0017490928402,50.0019802959719,0.00269413893047243,0.00306146893731096,0.00174909284022817,0.00198029597193283,0.02,0.02,0.02,0.02
12.975,f27c2278f5bdb77b,50.0026943832664,50.0030619141238,50.001749258657,50.0019805664588,0.0026943832663946,0.00306191412381907,0.0017492586569503,0.00198056645878353,0.02,0.02,0.02,0.02
12.98,f27c2278f5bdb77b,50.0026946123267,50.0030623406659,50.0017494121768,50.0019808231734,0.00269461232669954,0.00306234066590605,0.00174941217681379,0.00198082317342596,0.02,0.02,0.02,0.02
12.985,f27c2278f5bdb77b,50.0026948261089,50.0030627485584,50.0017495533981,50.0019810661131,0.00269482610892169,0.00306274855837074,0.00174955339807781,0.0019810661130748,0.02,0.02,0.02,0.02
12.99,f27c2278f5bdb77b,50.0026950246109,50.0030631377962,50.001749682319,50.0019812952749,0.00269502461087257,0.00306313779620382,0.00174968231902284,0.00198129527491631,0.02,0.02,0.02,0.02
12.995,f27c2278f5bdb77b,50.0026952078306,50.0030635083746,50.001749798938,50.0019815106561,0.00269520783061239,0.0030635083745949,0.001749798937972,0.00198151065613672,0.02,0.02,0.02,0.02
13,f27c2278f5bdb77b,50.0026953757664,50.0030638602889,50.0017499032533,50.0019817122539,0.00269537576640744,0.00306386028891836,0.00174990325327684,0.00198171225390809,0.02,0.02,0.02,0.02
13.005,f27c2278f5bdb77b,50.0026955284168,50.0030641935347,50.0017499952633,50.0019819000654,0.00269552841676557,0.0030641935347191,0.00174999526333863,0.00198190006543797,0.02,0.02,0.02,0.02
13.01,f27c2278f5bdb77b,50.0026956657803,50.0030645081077,50.0017500749666,50.001982074088,0.00269566578033675,0.00306450810770542,0.00175007496662971,0.00198207408795525,0.02,0.02,0.02,0.02
13.015,f27c2278f5bdb77b,50.0026957878559,50.0030648040037,50.0017501423617,50.0019822343187,0.00269578785594859,0.00306480400374909,0.00175014236167215,0.00198223431874567,0.02,0.02,0.02,0.02
13.02,f27c2278f5bdb77b,50.0026958946426,50.0030650812188,50.0017501974471,50.0019823807552,0.0026958946425566,0.00306508121884974,0.00175019744707328,0.00198238075515889,0.02,0.02,0.02,0.02
13.025,f27c2278f5bdb77b,50.0026959861392,50.0030653397491,50.0017502402215,50.0019825133947,0.00269598613921573,0.00306533974914913,0.0017502402215186,0.00198251339467248,0.02,0.02,0.02,0.02
13.03,f27c2278f5bdb77b,50.002696062345,50.0030655795909,50.0017502706838,50.0019826322348,0.00269606234504494,0.00306557959090981,0.00175027068379308,0.00198263223484219,0.02,0.02,0.02,0.02
13.035,f27c2278f5bdb77b,50.0026961232592,50.0030658007405,50.0017502888328,50.0019827372734,0.00269612325920576,0.00306580074049378,0.00175028883280248,0.00198273727338005,0.02,0.02,0.02,0.02
13.04,f27c2278f5bdb77b,50.0026961688809,50.0030660031944,50.0017502946675,50.0019828285082,0.0026961688808953,0.00306600319436257,0.00175029466754495,0.00198282850816156,0.02,0.02,0.02,0.02
13.045,f27c2278f5bdb77b,50.0026961992093,50.0030661869491,50.0017502881872,50.0019829059372,0.00269619920929642,0.00306618694907712,0.00175028818716783,0.0019829059372185,0.02,0.02,0.02,0.02
13.05,f27c2278f5bdb77b,50.0026962142435,50.0030663520013,50.0017502693909,50.0019829695588,0.00269621424354938,0.00306635200125527,0.00175026939091794,0.00198296955877453,0.02,0.02,0.02,0.02
13.055,f27c2278f5bdb77b,50.0026962139828,50.0030664983476,50.0017502382782,50.0019830193713,0.00269621398278019,0.0030664983476143,0.00175023827821263,0.00198301937127354,0.02,0.02,0.02,0.02
13.06,f27c2278f5bdb77b,50.002696198426,50.0030666259849,50.0017501948486,50.0019830553734,0.00269619842603674,0.00306662598491414,0.00175019484858296,0.00198305537335841,0.02,0.02,0.02,0.02
13.065,f27c2278f5bdb77b,50.0026961675723,50.00306673491,50.0017501391017,50.0019830775639,0.00269616757230295,0.00306673490999998,0.0017501391017305,0.00198307756389227,0.02,0.02,0.02,0.02
13.07,f27c2278f5bdb77b,50.0026961214205,50.0030668251198,50.0017500710375,50.001983085942,0.0026961214205059,0.00306682511975254,0.0017500710374847,0.00198308594197982,0.02,0.02,0.02,0.02
13.075,f27c2278f5bdb77b,50.0026960599695,50.0030668966111,50.0017499906558,50.0019830805069,0.00269605996946609,0.00306689661113069,0.00174999065583137,0.00198308050692475,0.02,0.02,0.02,0.02
13.08,f27c2278f5bdb77b,50.002695983218,50.0030669493812,50.0017498979569,50.0019830612583,0.00269598321797559,0.00306694938115726,0.00174989795689839,0.00198306125828651,0.02,0.02,0.02,0.02
13.085,f27c2278f5bdb77b,50.0026958911647,50.0030669834269,50.0017497929409,50.0019830281958,0.00269589116474123,0.00306698342691192,0.00174979294094157,0.00198302819582352,0.02,0.02,0.02,0.02
13.09,f27c2278f5bdb77b,50.0026957838084,50.0030669987456,50.0017496756084,50.0019829813195,0.00269578380842006,0.0030669987455525,0.00174967560838013,0.00198298131950025,0.02,0.02,0.02,0.02
13.095,f27c2278f5bdb77b,50.0026956611476,50.0030669953343,50.0017495459597,50.0019829206295,0.00269566114764785,0.00306699533431498,0.00174954595973986,0.00198292062949434,0.02,0.02,0.02,0.02
13.1,f27c2278f5bdb77b,50.002695523181,50.0030669731905,50.0017494039957,50.0019828461261,0.00269552318104616,0.00306697319052063,0.00174940399567447,0.00198284612614685,0.02,0.02,0.02,0.02
13.105,f27c2278f5bdb77b,50.0026953699073,50.0030669323116,50.001749249717,50.00198275781,0.00269536990725783,0.00306693231159727,0.00174924971695845,0.00198275780998358,0.02,0.02,0.02,0.02
13.11,f27c2278f5bdb77b,50.002695201325,50.0030668726951,50.0017490831245,50.0019826556817,0.00269520132495416,0.00306687269505801,0.00174908312445865,0.00198265568167244,0.02,0.02,0.02,0.02
13.115,f27c2278f5bdb77b,50.0026950174329,50.0030667943386,50.0017489042191,50.001982539742,0.00269501743287748,0.00306679433857227,0.00174890421914142,0.00198253974198792,0.02,0.02,0.02,0.02
13.12,f27c2278f5bdb77b,50.0026948182299,50.0030666972399,50.0017487130021,50.0019824099918,0.00269481822986251,0.00306669723990893,0.00174871300206547,0.00198240999182531,0.02,0.02,0.02,0.02
13.125,f27c2278f5bdb77b,50.0026946037149,50.003066581397,50.0017485094743,50.0019822664322,0.00269460371487895,0.00306658139700744,0.00174850947434635,0.00198226643217225,0.02,0.02,0.02,0.02
13.13,f27c2278f5bdb77b,50.002694373887,50.0030664468079,50.0017482936372,50.0019821090641,0.00269437388703864,0.00306644680794221,0.00174829363716356,0.00198210906405194,0.02,0.02,0.02,0.02
13.135,f27c2278f5bdb77b,50.0026941287457,50.003066293471,50.0017480654918,50.0019819378886,0.00269412874565234,0.00306629347097953,0.00174806549176054,0.0019819378885586,0.02,0.02,0.02,0.02
13.14,f27c2278f5bdb77b,50.0026938682902,50.0030661213845,50.0017478250394,50.0019817529068,0.00269386829021556,0.00306612138454909,0.00174782503941628,0.00198175290677227,0.02,0.02,0.02,0.02
13.145,f27c2278f5bdb77b,50.0026935925205,50.0030659305473,50.0017475722814,50.0019815541198,0.00269359252048673,0.00306593054727244,0.00174757228143818,0.0019815541198156,0.02,0.02,0.02,0.02
13.15,f27c2278f5bdb77b,50.0026933014365,50.003065720958,50.0017473072192,50.0019813415288,0.00269330143645874,0.0030657209579843,0.00174730721917626,0.0019813415287615,0.02,0.02,0.02,0.02
13.155,f27c2278f5bdb77b,50.0026929950384,50.0030654926157,50.001747029854,50.0019811151347,0.00269299503840159,0.0030654926157041,0.00174702985398767,0.00198111513469001,0.02,0.02,0.02,0.02
13.16,f27c2278f5bdb77b,50.0026926733269,50.0030652455197,50.0017467401873,50.0019808749386,0.0026926733268553,0.00306524551968579,0.00174674018725796,0.00198087493861721,0.02,0.02,0.02,0.02
13.165,f27c2278f5bdb77b,50.0026923363027,50.0030649796694,50.0017464382204,50.0019806209415,0.00269233630267962,0.00306497966938224,0.00174643822038689,0.00198062094154494,0.02,0.02,0.02,0.02
13.17,f27c2278f5bdb77b,50.002691983967,50.0030646950645,50.0017461239548,50.0019803531444,0.00269198396701142,0.00306469506447371,0.00174612395477425,0.00198035314441825,0.02,0.02,0.02,0.02
13.175,f27c2278f5bdb77b,50.0026916163213,50.0030643917048,50.0017457973919,50.0019800715481,0.0026916163212789,0.00306439170483941,0.00174579739186242,0.0019800715481253,0.02,0.02,0.02,0.02
13.18,f27c2278f5bdb77b,50.0026912333672,50.0030640695906,50.0017454585331,50.0019797761535,0.00269123336722288,0.00306406959060013,0.00174545853307961,0.00197977615353295,0.02,0.02,0.02,0.02
13.185,f27c2278f5bdb77b,50.0026908351068,50.0030637287221,50.0017451073799,50.0019794669615,0.00269083510683288,0.0030637287220614,0.00174510737990374,0.00197946696147255,0.02,0.02,0.02,0.02
13.19,f27c2278f5bdb77b,50.0026904215424,50.0030633690997,50.0017447439338,50.0019791439727,0.00269042154238974,0.00306336909974902,0.00174474393382695,0.00197914397274701,0.02,0.02,0.02,0.02
13.195,f27c2278f5bdb77b,50.0026899926764,50.0030629907244,50.0017443681964,50.0019788071881,0.00268999267640879,0.00306299072438065,0.00174436819637691,0.00197880718813792,0.02,0.02,0.02,0.02
13.2,f27c2278f5bdb77b,50.0026895485116,50.0030625935969,50.0017439801691,50.0019784566085,0.00268954851162562,0.00306259359685868,0.00174398016912392,0.00197845660846241,0.02,0.02,0.02,0.02
13.205,f27c2278f5bdb77b,50.002689089051,50.0030621777183,50.0017435798537,50.0019780922345,0.00268908905097476,0.00306217771827022,0.00174357985369511,0.0019780922345447,0.02,0.02,0.02,0.02
13.21,f27c2278f5bdb77b,50.0026886142976,50.0030617430899,50.0017431672518,50.0019777140673,0.0026886142975826,0.00306174308985874,0.00174316725177448,0.00197771406725877,0.02,0.02,0.02,0.02
13.215,f27c2278f5bdb77b,50.0026881242547,50.003061289713,50.0017427423651,50.0019773221075,0.00268812425468923,0.003061289713024,0.00174274236513838,0.00197732210754253,0.02,0.02,0.02,0.02
13.22,f27c2278f5bdb77b,50.0026876189257,50.0030608175893,50.0017423051956,50.0019769163564,0.0026876189256555,0.00306081758931498,0.00174230519562002,0.00197691635643338,0.02,0.02,0.02,0.02
13.225,f27c2278f5bdb77b,50.0026870983139,50.0030603267204,50.0017418557452,50.0019764968151,0.00268709831392044,0.00306032672038725,0.00174185574516628,0.00197649681506817,0.02,0.02,0.02,0.02
13.23,f27c2278f5bdb77b,50.002686562423,50.003059817108,50.0017413940158,50.0019760634847,0.00268656242299414,0.00305981710803138,0.00174139401583062,0.001976063484733,0.02,0.02,0.02,0.02
13.235,f27c2278f5bdb77b,50.0026860112564,50.0030592887541,50.0017409200098,50.0019756163669,0.00268601125637247,0.00305928875414452,0.00174092000977311,0.00197561636685606,0.02,0.02,0.02,0.02
13.24,f27c2278f5bdb77b,50.0026854448176,50.0030587416607,50.0017404337293,50.0019751554631,0.0026854448175726,0.00305874166069486,0.00174043372928878,0.00197515546305738,0.02,0.02,0.02,0.02
13.245,f27c2278f5bdb77b,50.0026848631101,50.0030581758298,50.0017399351768,50.0019746807751,0.00268486311008331,0.00305817582976431,0.00173993517680771,0.00197468077513463,0.02,0.02,0.02,0.02
13.25,f27c2278f5bdb77b,50.0026842661373,50.0030575912635,50.0017394243549,50.0019741923051,0.00268426613733652,0.00305759126348448,0.00173942435489494,0.00197419230509865,0.02,0.02,0.02,0.02
13.255,f27c2278f5bdb77b,50.0026836539027,50.0030569879641,50.0017389012663,50.0019736900552,0.0026836539027002,0.00305698796407228,0.00173890126625764,0.00197369005519477,0.02,0.02,0.02,0.02
13.26,f27c2278f5bdb77b,50.0026830264095,50.0030563659338,50.0017383659138,50.0019731740279,0.00268302640947127,0.00305636593378722,0.00173836591376642,0.00197317402787434,0.02,0.02,0.02,0.02
13.265,f27c2278f5bdb77b,50.0026823836609,50.003055725175,50.0017378183004,50.0019726442259,0.00268238366086848,0.00305572517498121,0.00173781830044106,0.00197264422585164,0.02,0.02,0.02,0.02
13.27,f27c2278f5bdb77b,50.00268172566,50.00305506569,50.0017372584294,50.0019721006521,0.00268172566000402,0.00305506569003455,0.00173725842943639,0.00197210065205411,0.02,0.02,0.02,0.02
13.275,f27c2278f5bdb77b,50.0026810524099,50.0030543874814,50.0017366863041,50.0019715433097,0.00268105240994032,0.00305438748141285,0.00173668630407775,0.00197154330965787,0.02,0.02,0.02,0.02
13.28,f27c2278f5bdb77b,50.0026803639136,50.0030536905516,50.0017361019278,50.0019709722021,0.00268036391362614,0.0030536905516243,0.00173610192783968,0.00197097220207354,0.02,0.02,0.02,0.02
13.285,f27c2278f5bdb77b,50.002679660174,50.0030529749033,50.0017355053043,50.0019703873329,0.0026796601739818,0.0030529749032695,0.00173550530432465,0.00197038733293198,0.02,0.02,0.02,0.02
13.29,f27c2278f5bdb77b,50.0026789411939,50.003052240539,50.0017348964373,50.0019697887061,0.00267894119386369,0.00305224053901298,0.0017348964372772,0.00196978870607722,0.02,0.02,0.02,0.02
13.295,f27c2278f5bdb77b,50.0026782069761,50.0030514874616,50.0017342753306,50.0019691763255,0.00267820697610688,0.00305148746159745,0.0017342753305698,0.00196917632553806,0.02,0.02,0.02,0.02
13.3,f27c2278f5bdb77b,50.0026774575235,50.0030507156739,50.0017336419882,50.0019685501955,0.00267745752353932,0.00305071567387927,0.0017336419881957,0.0019685501955351,0.02,0.02,0.02,0.02
13.305,f27c2278f5bdb77b,50.002676692839,50.0030499251788,50.0017329964143,50.0019679103204,0.00267669283903871,0.0030499251788072,0.00173299641426894,0.00196791032043819,0.02,0.02,0.02,0.02
13.31,f27c2278f5bdb77b,50.0026759129255,50.0030491159795,50.001732338613,50.0019672567048,0.00267591292551117,0.00304911597945079,0.00173233861296751,0.00196725670475928,0.02,0.02,0.02,0.02
13.315,f27c2278f5bdb77b,50.002675117786,50.003048288079,50.0017316685886,50.0019665893531,0.0026751177859623,0.00304828807902879,0.0017316685885902,0.00196658935312399,0.02,0.02,0.02,0.02
13.32,f27c2278f5bdb77b,50.0026743074235,50.0030474414809,50.0017309863455,50.0019659082702,0.00267430742351848,0.00304744148088076,0.00173098634549973,0.00196590827024323,0.02,0.02,0.02,0.02
13.325,f27c2278f5bdb77b,50.0026734818414,50.0030465761885,50.0017302918881,50.0019652134609,0.00267348184144822,0.00304657618852389,0.00173029188811569,0.00196521346089895,0.02,0.02,0.02,0.02
13.33,f27c2278f5bdb77b,50.0026726410432,50.0030456922056,50.0017295852209,50.0019645049299,0.00267264104322606,0.00304569220563167,0.00172958522091449,0.00196450492992284,0.02,0.02,0.02,0.02
13.335,f27c2278f5bdb77b,50.0026717850325,50.0030447895361,50.0017288663484,50.0019637826822,0.0026717850324971,0.00304478953607656,0.00172886634841518,0.0019637826821608,0.02,0.02,0.02,0.02
13.34,f27c2278f5bdb77b,50.0026709138132,50.0030438681839,50.0017281352752,50.0019630467225,0.00267091381317641,0.00304386818391578,0.00172813527517945,0.00196304672247294,0.02,0.02,0.02,0.02
13.345,f27c2278f5bdb77b,50.0026700273894,50.0030429281534,50.0017273920058,50.0019622970557,0.00267002738942779,0.00304292815341256,0.0017273920057832,0.00196229705568385,0.02,0.02,0.02,0.02
13.35,f27c2278f5bdb77b,50.0026691257657,50.0030419694491,50.0017266365448,50.0019615336866,0.00266912576569212,0.00304196944905044,0.00172663654482363,0.00196153368661811,0.02,0.02,0.02,0.02
13.355,f27c2278f5bdb77b,50.0026682089467,50.0030409920755,50.0017258688969,50.00196075662,0.00266820894670872,0.00304099207551189,0.00172586889690507,0.00196075662003636,0.02,0.02,0.02,0.02
13.36,f27c2278f5bdb77b,50.0026672769375,50.0030399960377,50.0017250890667,50.0019599658607,0.00266727693750823,0.00303999603772809,0.00172508906666025,0.00195996586066371,0.02,0.02,0.02,0.02
13.365,f27c2278f5bdb77b,50.0026663297435,50.0030389813408,50.0017242970587,50.0019591614132,0.00266632974346948,0.00303898134083624,0.0017242970587148,0.00195916141316133,0.02,0.02,0.02,0.02
13.37,f27c2278f5bdb77b,50.0026653673702,50.0030379479902,50.0017234928777,50.0019583432821,0.00266536737024126,0.00303794799021517,0.00172349287770857,0.00195834328214062,0.02,0.02,0.02,0.02
13.375,f27c2278f5bdb77b,50.0026643898238,50.0030368959915,50.0017226765283,50.0019575114722,0.00266438982379924,0.00303689599145684,0.00172267652829561,0.00195751147216328,0.02,0.02,0.02,0.02
13.38,f27c2278f5bdb77b,50.0026633971104,50.0030358253504,50.0017218480151,50.0019566659877,0.00266339711041752,0.00303582535038771,0.00172184801512998,0.00195666598773414,0.02,0.02,0.02,0.02
13.385,f27c2278f5bdb77b,50.0026623892367,50.003034736073,50.0017210073429,50.0019558068333,0.00266238923665441,0.00303473607303317,0.00172100734292258,0.00195580683334384,0.02,0.02,0.02,0.02
13.39,f27c2278f5bdb77b,50.0026613662093,50.0030336281656,50.0017201545164,50.0019549340134,0.00266136620933111,0.0030336281656318,0.00172015451637009,0.00195493401344038,0.02,0.02,0.02,0.02
13.395,f27c2278f5bdb77b,50.0026603280355,50.0030325016346,50.0017192895402,50.0019540475325,0.00266032803549621,0.0030325016346211,0.00171928954023315,0.00195404753247175,0.02,0.02,0.02,0.02
13.4,f27c2278f5bdb77b,50.0026592747224,50.0030313564866,50.0017184124193,50.0019531473949,0.00265927472243277,0.00303135648662334,0.00171841241932214,0.00195314739491437,0.02,0.02,0.02,0.02
13.405,f27c2278f5bdb77b,50.0026582062776,50.0030301927284,50.0017175231585,50.0019522336053,0.00265820627759439,0.00303019272843841,0.00171752315848295,0.00195223360525887,0.02,0.02,0.02,0.02
13.41,f27c2278f5bdb77b,50.0026571227086,50.003029010367,50.0017166217627,50.0019513061681,0.00265712270859808,0.00302901036702252,0.00171662176266096,0.00195130616807404,0.02,0.02,0.02,0.02
13.415,f27c2278f5bdb77b,50.0026560240232,50.0030278094095,50.0017157082369,50.001950365088,0.00265602402317455,0.00302780940948111,0.0017157082368513,0.00195036508798552,0.02,0.02,0.02,0.02
13.42,f27c2278f5bdb77b,50.0026549102292,50.0030265898631,50.0017147825862,50.0019494103697,0.00265491022915398,0.0030265898630546,0.00171478258616276,0.00194941036974683,0.02,0.02,0.02,0.02
13.425,f27c2278f5bdb77b,50.0026537813344,50.0030253517351,50.0017138448158,50.0019484420182,0.00265378133440919,0.00302535173511842,0.00171384481581072,0.0019484420182323,0.02,0.02,0.02,0.02
13.43,f27c2278f5bdb77b,50.0026526373468,50.0030240950331,50.0017128949311,50.0019474600385,0.00265263734684851,0.00302409503312617,0.00171289493111715,0.00194746003847257,0.02,0.02,0.02,0.02
13.435,f27c2278f5bdb77b,50.0026514782744,50.0030228197646,50.0017119329375,50.0019464644357,0.00265147827436607,0.00302281976464513,0.00171193293753902,0.00194646443566882,0.02,0.02,0.02,0.02
13.44,f27c2278f5bdb77b,50.0026503041248,50.0030215259373,50.0017109588406,50.0019454552152,0.00265030412482758,0.00302152593732785,0.00171095884064698,0.00194545521523537,0.02,0.02,0.02,0.02
13.445,f27c2278f5bdb77b,50.0026491149061,50.0030202135589,50.0017099726462,50.0019444323828,0.00264911490605613,0.00302021355890503,0.00170997264618933,0.00194443238276421,0.02,0.02,0.02,0.02
13.45,f27c2278f5bdb77b,50.0026479106258,50.0030188826372,50.00170897436,50.0019433959441,0.0026479106257824,0.00301888263715711,0.00170897436003514,0.00194339594410309,0.02,0.02,0.02,0.02
13.455,f27c2278f5bdb77b,50.0026466912917,50.0030175331799,50.0017079639882,50.0019423459053,0.00264669129166606,0.00301753317994979,0.00170796398822404,0.00194234590533426,0.02,0.02,0.02,0.02
13.46,f27c2278f5bdb77b,50.0026454569113,50.0030161651952,50.0017069415369,50.0019412822728,0.00264545691126017,0.00301616519518433,0.00170694153694484,0.00194128227276735,0.02,0.02,0.02,0.02
13.465,f27c2278f5bdb77b,50.002644207492,50.0030147786908,50.0017059070125,50.001940205053,0.00264420749201832,0.00301477869082589,0.0017059070125427,0.00194020505298198,0.02,0.02,0.02,0.02
13.47,f27c2278f5bdb77b,50.0026429430413,50.0030133736749,50.0017048604215,50.0019391142528,0.00264294304129464,0.00301337367489651,0.00170486042152618,0.00193911425279225,0.02,0.02,0.02,0.02
13.475,f27c2278f5bdb77b,50.0026416635664,50.0030119501555,50.0017038017706,50.0019380098793,0.00264166356636508,0.00301195015548217,0.00170380177055307,0.00193800987925385,0.02,0.02,0.02,0.02
13.48,f27c2278f5bdb77b,50.0026403690744,50.0030105081407,50.0017027310664,50.0019368919397,0.00264036907439902,0.00301050814071147,0.00170273106643037,0.00193689193967828,0.02,0.02,0.02,0.02
13.485,f27c2278f5bdb77b,50.0026390595725,50.0030090476388,50.0017016483161,50.0019357604416,0.00263905957251609,0.0030090476388196,0.00170164831610009,0.00193576044157595,0.02,0.02,0.02,0.02
13.49,f27c2278f5bdb77b,50.0026377350678,50.0030075686581,50.0017005535266,50.0019346153927,0.00263773506780041,0.00300756865807728,0.00170055352664633,0.00193461539268469,0.02,0.02,0.02,0.02
13.495,f27c2278f5bdb77b,50.0026363955673,50.0030060712069,50.0016994467053,50.0019334568009,0.00263639556729345,0.00300607120688312,0.001699446705274,0.00193345680091284,0.02,0.02,0.02,0.02
13.5,f27c2278f5bdb77b,50.0026350410781,50.0030045552937,50.0016983278593,50.0019322846744,0.00263504107807933,0.0030045552936997,0.00169832785930879,0.00193228467436768,0.02,0.02,0.02,0.02
13.505,f27c2278f5bdb77b,50.0026336716073,50.0030030209271,50.0016971969962,50.0019310990213,0.00263367160726347,0.00300302092714588,0.00169719699616167,0.00193109902128441,0.02,0.02,0.02,0.02
13.51,f27c2278f5bdb77b,50.002632287162,50.0030014681159,50.0016960541233,50.00192989985,0.00263228716202235,0.00300146811592583,0.00169605412333595,0.00192989985001191,0.02,0.02,0.02,0.02
13.515,f27c2278f5bdb77b,50.0026308877497,50.0029998968689,50.0016948992484,50.001928687169,0.00263088774966036,0.00299989686891422,0.00169489924842736,0.00192868716901984,0.02,0.02,0.02,0.02
13.52,f27c2278f5bdb77b,50.0026294733776,50.0029983071951,50.0016937323791,50.0019274609868,0.00262947337760266,0.00299830719513494,0.00169373237908843,0.00192746098684182,0.02,0.02,0.02,0.02
13.525,f27c2278f5bdb77b,50.0026280440535,50.0029966991038,50.001692553523,50.0019262213121,0.00262804405347339,0.00299669910376821,0.00169255352300723,0.00192622131205411,0.02,0.02,0.02,0.02
13.53,f27c2278f5bdb77b,50.0026265997851,50.0029950726042,50.0016913626879,50.0019249681533,0.0026265997850814,0.00299507260419318,0.0016913626879429,0.00192496815326137,0.02,0.02,0.02,0.02
13.535,f27c2278f5bdb77b,50.0026251405805,50.002993427706,50.0016901598817,50.0019237015191,0.00262514058049845,0.00299342770598088,0.00169015988165455,0.00192370151906829,0.02,0.02,0.02,0.02
13.54,f27c2278f5bdb77b,50.002623666448,50.0029917644189,50.001688945112,50.0019224214181,0.00262366644804501,0.00299176441890125,0.00168894511195106,0.00192242141806531,0.02,0.02,0.02,0.02
13.545,f27c2278f5bdb77b,50.0026221773963,50.0029900827529,50.0016877183866,50.0019211278588,0.00262217739631865,0.00299008275294455,0.00168771838663417,0.00192112785880738,0.02,0.02,0.02,0.02
13.55,f27c2278f5bdb77b,50.0026206734342,50.0029883827183,50.0016864797135,50.0019198208498,0.00262067343423666,0.00298838271832835,0.00168647971352698,0.00191982084979969,0.02,0.02,0.02,0.02
13.555,f27c2278f5bdb77b,50.002619154571,50.0029866643255,50.0016852291004,50.0019185003995,0.00261915457103612,0.00298666432549055,0.00168522910044544,0.00191850039948349,0.02,0.02,0.02,0.02
13.56,f27c2278f5bdb77b,50.0026176208163,50.0029849275851,50.0016839665552,50.0019171665163,0.0026176208162596,0.00298492758509639,0.00168396655521974,0.0019171665162574,0.02,0.02,0.02,0.02
13.565,f27c2278f5bdb77b,50.0026160721798,50.0029831725081,50.0016826920857,50.0019158192084,0.00261607217979787,0.0029831725080669,0.00168269208567295,0.00191581920841344,0.02,0.02,0.02,0.02
13.57,f27c2278f5bdb77b,50.0026145086718,50.0029813991055,50.0016814056996,50.0019144584842,0.0026145086718472,0.00298139910552209,0.00168140569962816,0.00191445848421523,0.02,0.02,0.02,0.02
13.575,f27c2278f5bdb77b,50.0026129303029,50.0029796073888,50.0016801074049,50.0019130843518,0.00261293030293075,0.00297960738883774,0.00168010740493685,0.00191308435184112,0.02,0.02,0.02,0.02
13.58,f27c2278f5bdb77b,50.0026113370839,50.0029777973696,50.0016787972094,50.0019116968194,0.00261133708386296,0.00297779736959569,0.00167879720942921,0.00191169681943393,0.02,0.02,0.02,0.02
13.585,f27c2278f5bdb77b,50.0026097290257,50.0029759690596,50.001677475121,50.0019102958951,0.00260972902574963,0.00297596905960518,0.00167747512099226,0.00191029589509384,0.02,0.02,0.02,0.02
13.59,f27c2278f5bdb77b,50.0026081061399,50.0029741224709,50.0016761411475,50.0019088815869,0.00260810613993812,0.00297412247086015,0.00167614114751302,0.00190888158689972,0.02,0.02,0.02,0.02
13.595,f27c2278f5bdb77b,50.002606468438,50.0029722576156,50.0016747952969,50.0019074539029,0.00260646843802448,0.00297225761556064,0.00167479529694248,0.00190745390292335,0.02,0.02,0.02,0.02
13.6,f27c2278f5bdb77b,50.0026048159318,50.0029703745061,50.0016734375773,50.0019060128513,0.00260481593178952,0.00297037450609139,0.00167343757726002,0.00190601285127201,0.02,0.02,0.02,0.02
13.605,f27c2278f5bdb77b,50.0026031486332,50.002968473155,50.0016720679965,50.0019045584401,0.00260314863319167,0.00296847315499349,0.0016720679965232,0.00190455844008142,0.02,0.02,0.02,0.02
13.61,f27c2278f5bdb77b,50.0026014665543,50.002966553575,50.0016706865629,50.0019030906776,0.00260146655430304,0.00296655357497144,0.00167068656286773,0.00190309067757966,0.02,0.02,0.02,0.02
13.615,f27c2278f5bdb77b,50.0025997697073,50.0029646157789,50.0016692932845,50.0019016095721,0.00259976970730236,0.00296461577885054,0.00166929328450749,0.00190160957207297,0.02,0.02,0.02,0.02
13.62,f27c2278f5bdb77b,50.0025980581044,50.0029626597796,50.0016678881698,50.001900115132,0.00259805810443936,0.0029626597795982,0.00166788816977004,0.00190011513199551,0.02,0.02,0.02,0.02
13.625,f27c2278f5bdb77b,50.002596331758,50.0029606855903,50.0016664712271,50.0018986073659,0.00259633175796381,0.00296068559027418,0.00166647122708241,0.00189860736592351,0.02,0.02,0.02,0.02
13.63,f27c2278f5bdb77b,50.0025945906801,50.002958693224,50.001665042465,50.0018970862826,0.00259459068013257,0.00295869322404485,0.00166504246501376,0.00189708628262508,0.02,0.02,0.02,0.02
13.635,f27c2278f5bdb77b,50.0025928348832,50.0029566826941,50.0016636018923,50.001895551891,0.00259283488317408,0.00295668269414762,0.00166360189226111,0.00189555189104595,0.02,0.02,0.02,0.02
13.64,f27c2278f5bdb77b,50.0025910643792,50.0029546540139,50.0016621495176,50.0018940042003,0.00259106437923151,0.00295465401390516,0.00166214951764942,0.00189400420034502,0.02,0.02,0.02,0.02
13.645,f27c2278f5bdb77b,50.0025892791804,50.0029526071967,50.0016606853502,50.0018924432199,0.0025892791803912,0.00295260719668278,0.00166068535018837,0.00189244321991566,0.02,0.02,0.02,0.02
13.65,f27c2278f5bdb77b,50.0025874792986,50.0029505422559,50.001659209399,50.0018908689594,0.00258747929862579,0.00295054225591684,0.00165920939902264,0.00189086895939283,0.02,0.02,0.02,0.02
13.655,f27c2278f5bdb77b,50.0025856647458,50.0029484592051,50.0016577216735,50.0018892814287,0.00258566474578004,0.00294845920509346,0.00165772167345324,0.00188928142866018,0.02,0.02,0.02,0.02
13.66,f27c2278f5bdb77b,50.0025838355336,50.0029463580577,50.001656222183,50.0018876806379,0.0025838355336063,0.00294635805773424,0.00165622218295169,0.00188768063787847,0.02,0.02,0.02,0.02
13.665,f27c2278f5bdb77b,50.0025819916737,50.0029442388274,50.0016547109372,50.0018860665974,0.00258199167372197,0.00294423882741768,0.00165471093716008,0.00188606659743584,0.02,0.02,0.02,0.02
13.67,f27c2278f5bdb77b,50.0025801331776,50.0029421015278,50.0016531879458,50.001884439318,0.00258013317763073,0.00294210152776486,0.00165318794584834,0.00188443931799753,0.02,0.02,0.02,0.02
13.675,f27c2278f5bdb77b,50.0025782600567,50.0029399461725,50.001651653219,50.0018827988105,0.00257826005674389,0.00293994617245374,0.00165165321897831,0.00188279881047748,0.02,0.02,0.02,0.02
13.68,f27c2278f5bdb77b,50.0025763723224,50.0029377727752,50.0016501067666,50.001881145086,0.00257637232237329,0.00293777277521912,0.00165010676662547,0.00188114508600989,0.02,0.02,0.02,0.02
13.685,f27c2278f5bdb77b,50.0025744699858,50.0029355813499,50.001648548599,50.001879478156,0.00257446998576683,0.00293558134985972,0.00164854859902164,0.00187947815596345,0.02,0.02,0.02,0.02
13.69,f27c2278f5bdb77b,50.0025725530581,50.0029333719103,50.0016469787265,50.0018777980319,0.00257255305814397,0.00293337191025245,0.00164697872651942,0.0018777980319058,0.02,0.02,0.02,0.02
13.695,f27c2278f5bdb77b,50.0025706215507,50.0029311444704,50.0016453971596,50.0018761047256,0.00257062155070997,0.00293114447038079,0.00164539715958512,0.0018761047255893,0.02,0.02,0.02,0.02
13.7,f27c2278f5bdb77b,50.0025686754747,50.0029288990443,50.0016438039088,50.0018743982489,0.00256867547468431,0.00292889904431348,0.00164380390880581,0.00187439824890845,0.02,0.02,0.02,0.02
13.705,f27c2278f5bdb77b,50.0025667148414,50.0029266356462,50.0016421989848,50.0018726786139,0.00256671484136461,0.00292663564623297,0.00164219898483253,0.00187267861391405,0.02,0.02,0.02,0.02
13.71,f27c2278f5bdb77b,50.0025647396621,50.0029243542905,50.0016405823984,50.0018709458327,0.00256473966211956,0.0029243542904851,0.0016405823984158,0.00187094583273506,0.02,0.02,0.02,0.02
13.715,f27c2278f5bdb77b,50.0025627499485,50.0029220549915,50.0016389541604,50.0018691999176,0.00256274994847416,0.00292205499152942,0.00163895416036297,0.00186919991759993,0.02,0.02,0.02,0.02
13.72,f27c2278f5bdb77b,50.0025607457121,50.002919737764,50.0016373142815,50.0018674408808,0.00256074571209552,0.00291973776400312,0.00163731428153113,0.00186744088077972,0.02,0.02,0.02,0.02
13.725,f27c2278f5bdb77b,50.0025587269649,50.0029174026227,50.0016356627728,50.0018656687346,0.00255872696487813,0.00291740262273521,0.00163566277282001,0.00186566873456684,0.02,0.02,0.02,0.02
13.73,f27c2278f5bdb77b,50.0025566937189,50.0029150495827,50.0016339996452,50.0018638834913,0.00255669371893674,0.00291504958271105,0.00163399964515065,0.00186388349126076,0.02,0.02,0.02,0.02
13.735,f27c2278f5bdb77b,50.0025546459867,50.0029126786592,50.0016323249095,50.0018620851631,0.00255464598665611,0.00291267865915756,0.0016323249094583,0.00186208516312547,0.02,0.02,0.02,0.02
13.74,f27c2278f5bdb77b,50.0025525837807,50.0029102898675,50.0016306385767,50.0018602737624,0.00255258378070522,0.00291028986749353,0.00163063857670664,0.00186027376240361,0.02,0.02,0.02,0.02
13.745,f27c2278f5bdb77b,50.0025505071141,50.0029078832234,50.0016289406578,50.0018584493013,0.00255050711406568,0.00290788322335089,0.00162894065783092,0.00185844930125967,0.02,0.02,0.02,0.02
13.75,f27c2278f5bdb77b,50.0025484160001,50.0029054587426,50.0016272311638,50.0018566117918,0.00254841600006017,0.00290545874262449,0.00162723116378061,0.0018566117918013,0.02,0.02,0.02,0.02
13.755,f27c2278f5bdb77b,50.0025463104523,50.0029030164414,50.0016255101055,50.0018547612461,0.0025463104523169,0.00290301644141522,0.00162551010550516,0.00185476124605088,0.02,0.02,0.02,0.02
13.76,f27c2278f5bdb77b,50.0025441904848,50.0029005563361,50.0016237774939,50.001852897676,0.00254419048483356,0.00290055633605846,0.00162377749391851,0.00185289767595975,0.02,0.02,0.02,0.02
13.765,f27c2278f5bdb77b,50.0025420561119,50.0028980784431,50.00162203334,50.0018510210934,0.0025420561119347,0.00289807844314538,0.00162203333996302,0.00185102109338686,0.02,0.02,0.02,0.02
13.77,f27c2278f5bdb77b,50.0025399073483,50.0028955827795,50.0016202776545,50.0018491315101,0.0025399073482717,0.00289558277948032,0.00162027765454553,0.00184913151010591,0.02,0.02,0.02,0.02
13.775,f27c2278f5bdb77b,50.0025377442088,50.0028930693621,50.0016185104486,50.0018472289378,0.00253774420880859,0.00289306936209499,0.00161851044860128,0.00184722893783373,0.02,0.02,0.02,0.02
13.78,f27c2278f5bdb77b,50.0025355667088,50.0028905382082,50.0016167317331,50.0018453133882,0.00253556670882205,0.00289053820824847,0.00161673173307264,0.00184531338823746,0.02,0.02,0.02,0.02
13.785,f27c2278f5bdb77b,50.0025333748638,50.0028879893354,50.0016149415189,50.0018433848729,0.00253337486384453,0.0028879893354059,0.00161494151890196,0.00184338487292024,0.02,0.02,0.02,0.02
13.79,f27c2278f5bdb77b,50.0025311686897,50.0028854227612,50.0016131398171,50.0018414434035,0.0025311686896714,0.00288542276123138,0.00161313981708133,0.00184144340349945,0.02,0.02,0.02,0.02
13.795,f27c2278f5bdb77b,50.0025289482023,50.0028828385036,50.0016113266386,50.0018394889916,0.00252894820228278,0.00288283850355242,0.00161132663864549,0.00183948899157116,0.02,0.02,0.02,0.02
13.8,f27c2278f5bdb77b,50.0025267134179,50.0028802365804,50.0016095019947,50.0018375216488,0.00252671341787192,0.00288023658039549,0.0016095019946718,0.00183752164877404,0.02,0.02,0.02,0.02
13.805,f27c2278f5bdb77b,50.0025244643527,50.0028776170099,50.0016076658963,50.0018355413868,0.00252446435273868,0.00287761700992206,0.00160766589631578,0.00183554138679654,0.02,0.02,0.02,0.02
13.81,f27c2278f5bdb77b,50.0025222010233,50.0028749798104,50.0016058183548,50.0018335482174,0.00252220102329659,0.00287497981043572,0.00160581835482532,0.00183354821741233,0.02,0.02,0.02,0.02
13.815,f27c2278f5bdb77b,50.002519923446,50.0028723250004,50.0016039593815,50.0018315421525,0.00251992344603025,0.00287232500035373,0.00160395938151936,0.0018315421525088,0.02,0.02,0.02,0.02
13.82,f27c2278f5bdb77b,50.0025176316374,50.0028696525982,50.0016020889879,50.0018295232041,0.00251763163743846,0.00286965259821415,0.00160208898785896,0.00182952320411545,0.02,0.02,0.02,0.02
13.825,f27c2278f5bdb77b,50.002515325614,50.0028669626226,50.0016002071854,50.0018274913844,0.0025153256140058,0.0028669626226403,0.00160020718539755,0.00182749138442517,0.02,0.02,0.02,0.02
13.83,f27c2278f5bdb77b,50.0025130053922,50.0028642550923,50.0015983139858,50.0018254467058,0.00251300539219557,0.00286425509231947,0.00159831398583776,0.00182544670581564,0.02,0.02,0.02,0.02
13.835,f27c2278f5bdb77b,50.0025106709884,50.002861530026,50.001596409401,50.0018233891809,0.00251067098837154,0.00286153002602418,0.00159640940103145,0.00182338918088476,0.02,0.02,0.02,0.02
13.84,f27c2278f5bdb77b,50.0025083224188,50.0028587874426,50.001594493443,50.0018213188225,0.00250832241881227,0.00285878744256252,0.00159449344297968,0.00182131882247205,0.02,0.02,0.02,0.02
13.845,f27c2278f5bdb77b,50.0025059596997,50.0028560273608,50.0015925661238,50.0018192356436,0.0025059596996897,0.00285602736079227,0.00159256612381853,0.00181923564363728,0.02,0.02,0.02,0.02
13.85,f27c2278f5bdb77b,50.002503582847,50.0028532497996,50.0015906274559,50.0018171396577,0.00250358284702656,0.00285324979962098,0.00159062745588301,0.00181713965771735,0.02,0.02,0.02,0.02
13.855,f27c2278f5bdb77b,50.0025011918767,50.002850454778,50.0015886774517,50.0018150308783,0.0025011918767035,0.00285045477797752,0.00158867745165026,0.00181503087831203,0.02,0.02,0.02,0.02
13.86,f27c2278f5bdb77b,50.0024987868045,50.0028476423148,50.0015867161238,50.0018129093193,0.00249878680448035,0.00284764231481915,0.00158671612376793,0.00181290931928402,0.02,0.02,0.02,0.02
13.865,f27c2278f5bdb77b,50.002496367646,50.0028448124292,50.001584743485,50.0018107749948,0.00249636764596062,0.00284481242916002,0.00158474348504001,0.00181077499476601,0.02,0.02,0.02,0.02
13.87,f27c2278f5bdb77b,50.0024939344166,50.00284196514,50.0015827595484,50.0018086279191,0.00249393441662704,0.00284196514002844,0.0015827595484339,0.00180862791914649,0.02,0.02,0.02,0.02
13.875,f27c2278f5bdb77b,50.0024914871318,50.0028391004665,50.0015807643271,50.0018064681071,0.00249148713184155,0.00283910046650959,0.00158076432707333,0.00180646810706264,0.02,0.02,0.02,0.02
13.88,f27c2278f5bdb77b,50.0024890258069,50.0028362184277,50.0015787578342,50.0018042955734,0.00248902580688082,0.0028362184277313,0.0015787578342028,0.00180429557339323,0.02,0.02,0.02,0.02
13.885,f27c2278f5bdb77b,50.002486550457,50.0028333190429,50.0015767400832,50.0018021103332,0.00248655045695756,0.00283331904289241,0.00157674008321607,0.00180211033320887,0.02,0.02,0.02,0.02
13.89,f27c2278f5bdb77b,50.0024840610973,50.0028304023313,50.0015747110876,50.0017999124018,0.00248406109725607,0.00283040233126997,0.00157471108762053,0.00179991240180044,0.02,0.02,0.02,0.02
13.895,f27c2278f5bdb77b,50.0024815577429,50.0028274683122,50.001572670861,50.0017977017946,0.00248155774294645,0.00282746831221203,0.00157267086103019,0.00179770179460803,0.02,0.02,0.02,0.02
13.9,f27c2278f5bdb77b,50.0024790404093,50.0028245170052,50.0015706194172,50.0017954785272,0.00247904040926272,0.00282451700518749,0.00157061941715142,0.00179547852721385,0.02,0.02,0.02,0.02
13.905,f27c2278f5bdb77b,50.0024765091115,50.0028215484298,50.0015685567698,50.0017932426153,0.00247650911148156,0.00282154842977889,0.00156855676976875,0.00179324261531377,0.02,0.02,0.02,0.02
13.91,f27c2278f5bdb77b,50.002473963865,50.0028185626057,50.0015664829327,50.0017909940747,0.00247396386502885,0.00281856260570379,0.00156648293272355,0.00179099407468897,0.02,0.02,0.02,0.02
13.915,f27c2278f5bdb77b,50.0024714046855,50.0028155595528,50.0015643979199,50.0017887329212,0.00247140468547258,0.00281555955284318,0.00156439791991403,0.00178873292117032,0.02,0.02,0.02,0.02
13.92,f27c2278f5bdb77b,50.0024688315886,50.0028125392912,50.0015623017453,50.0017864591706,0.00246883158856548,0.00281253929122727,0.00156230174526684,0.00178645917060294,0.02,0.02,0.02,0.02
13.925,f27c2278f5bdb77b,50.0024662445903,50.0028095018411,50.0015601944227,50.0017841728389,0.00246624459030897,0.00280950184107809,0.00156019442273703,0.00178417283885324,0.02,0.02,0.02,0.02
13.93,f27c2278f5bdb77b,50.002463643707,50.0028064472228,50.0015580759663,50.0017818739417,0.00246364370696028,0.00280644722281664,0.00155807596628676,0.001781873941745,0.02,0.02,0.02,0.02
13.935,f27c2278f5bdb77b,50.0024610289551,50.0028033754571,50.0015559463899,50.001779562495,0.00246102895505373,0.00280337545706288,0.00155594638987822,0.00177956249503808,0.02,0.02,0.02,0.02
13.94,f27c2278f5bdb77b,50.0024584003515,50.0028002865647,50.0015538057075,50.0017772385145,0.00245840035145051,0.00280028656467834,0.00155380570746644,0.00177723851445677,0.02,0.02,0.02,0.02
13.945,f27c2278f5bdb77b,50.0024557579134,50.0027971805667,50.001551653933,50.0017749020156,0.00245575791335284,0.00279718056671641,0.00155165393299228,0.00177490201561881,0.02,0.02,0.02,0.02
13.95,f27c2278f5bdb77b,50.0024531016583,50.0027940574845,50.0015494910804,50.0017725530141,0.00245310165830404,0.00279405748448625,0.00154949108038238,0.00177255301405665,0.02,0.02,0.02,0.02
13.955,f27c2278f5bdb77b,50.0024504316042,50.0027909173395,50.0015473171635,50.0017701915252,0.00245043160418135,0.00279091733952441,0.00154731716354917,0.0017701915252033,0.02,0.02,0.02,0.02
13.96,f27c2278f5bdb77b,50.0024477477692,50.0027877601536,50.0015451321964,50.0017678175644,0.00244774776923151,0.00278776015360904,0.00154513219638375,0.00176781756438515,0.02,0.02,0.02,0.02
13.965,f27c2278f5bdb77b,50.002445050172,50.0027845859487,50.0015429361928,50.0017654311468,0.00244505017204943,0.00278458594873143,0.00154293619275592,0.00176543114682914,0.02,0.02,0.02,0.02
13.97,f27c2278f5bdb77b,50.0024423388315,50.0027813947471,50.0015407291665,50.0017630322877,0.00244233883154976,0.00278139474713157,0.00154072916652837,0.00176303228768404,0.02,0.02,0.02,0.02
13.975,f27c2278f5bdb77b,50.002439613767,50.0027781865713,50.0015385111316,50.001760621002,0.00243961376695978,0.0027781865712555,0.00153851113157799,0.00176062100202046,0.02,0.02,0.02,0.02
13.98,f27c2278f5bdb77b,50.0024368749978,50.0027749614438,50.0015362821018,50.0017581973048,0.00243687499781231,0.00277496144376244,0.00153628210176748,0.00175819730483795,0.02,0.02,0.02,0.02
13.985,f27c2278f5bdb77b,50.0024341225439,50.0027717193875,50.001534042091,50.0017557612111,0.00243412254386755,0.00277171938751053,0.00153404209100216,0.00175576121110055,0.02,0.02,0.02,0.02
13.99,f27c2278f5bdb77b,50.0024313564251,50.0027684604255,50.0015317911132,50.0017533127358,0.00243135642514147,0.00276846042554268,0.00153179111320156,0.00175331273576518,0.02,0.02,0.02,0.02
13.995,f27c2278f5bdb77b,50.0024285766618,50.0027651845811,50.0015295291823,50.0017508518938,0.00242857666182061,0.00276518458107233,0.00152952918233495,0.00175085189378876,0.02,0.02,0.02,0.02
14,f27c2278f5bdb77b,50.0024257832742,50.0027618918774,50.0015272563124,50.0017483787002,0.00242578327423359,0.00276189187744791,0.00152725631244266,0.00174837870017086,0.02,0.02,0.02,0.02
14.005,f27c2278f5bdb77b,50.0024229762828,50.0027585823382,50.0015249725176,50.00174589317,0.00242297628283694,0.00275858233817416,0.00152497251762185,0.00174589316997498,0.02,0.02,0.02,0.02
14.01,f27c2278f5bdb77b,50.0024201557081,50.0027552559869,50.0015226778121,50.0017433953184,0.00242015570812981,0.00275525598686244,0.00152267781208337,0.0017433953183712,0.02,0.02,0.02,0.02
14.015,f27c2278f5bdb77b,50.0024173215707,50.0027519128472,50.0015203722101,50.0017408851607,0.002417321570654,0.00275191284722354,0.00152037221012336,0.00174088516065751,0.02,0.02,0.02,0.02
14.02,f27c2278f5bdb77b,50.0024144738909,50.0027485529431,50.0015180557262,50.0017383627123,0.00241447389092286,0.00274855294306064,0.00151805572616581,0.00173836271228822,0.02,0.02,0.02,0.02
14.025,f27c2278f5bdb77b,50.0024116126894,50.0027451762982,50.0015157283748,50.0017358279889,0.00241161268940004,0.00274517629823379,0.00151572837475555,0.00173582798888816,0.02,0.02,0.02,0.02
14.03,f27c2278f5bdb77b,50.0024087379865,50.0027417829367,50.0015133901706,50.0017332810063,0.00240873798647101,0.00274178293665983,0.00151339017059371,0.00173328100631664,0.02,0.02,0.02,0.02
14.035,f27c2278f5bdb77b,50.0024058498024,50.0027383728823,50.0015110411285,50.0017307217806,0.00240584980240044,0.00273837288230538,0.00151104112853062,0.00173072178063904,0.02,0.02,0.02,0.02
14.04,f27c2278f5bdb77b,50.0024029481573,50.0027349461592,50.0015086812636,50.0017281503282,0.00240294815733222,0.00273494615915837,0.00150868126356585,0.00172815032819074,0.02,0.02,0.02,0.02
14.045,f27c2278f5bdb77b,50.0024000330712,50.0027315027912,50.0015063105909,50.0017255666656,0.0024000330712326,0.00273150279123513,0.00150631059086237,0.00172556666555579,0.02,0.02,0.02,0.02
14.05,f27c2278f5bdb77b,50.0023971045639,50.0027280428026,50.0015039291258,50.0017229708096,0.00239710456392572,0.00272804280256622,0.00150392912576791,0.00172297080959538,0.02,0.02,0.02,0.02
14.055,f27c2278f5bdb77b,50.0023941626551,50.0027245662172,50.0015015368838,50.0017203627774,0.0023941626550581,0.00272456621721062,0.0015015368837723,0.0017203627774407,0.02,0.02,0.02,0.02
14.06,f27c2278f5bdb77b,50.0023912073641,50.0027210730592,50.0014991338806,50.0017177425865,0.0023912073641128,0.0027210730592202,0.00149913388055012,0.00171774258650714,0.02,0.02,0.02,0.02
14.065,f27c2278f5bdb77b,50.0023882387104,50.0027175633527,50.0014967201319,50.0017151102545,0.0023882387104095,0.00271756335268236,0.00149672013192514,0.00171511025447302,0.02,0.02,0.02,0.02
14.07,f27c2278f5bdb77b,50.0023852567131,50.0027140371217,50.0014942956539,50.0017124657993,0.00238525671313994,0.00271403712171292,0.00149429565388459,0.00171246579926532,0.02,0.02,0.02,0.02
14.075,f27c2278f5bdb77b,50.0023822613914,50.0027104943904,50.0014918604625,50.0017098092391,0.00238226139135378,0.0027104943904348,0.00149186046254357,0.00170980923908814,0.02,0.02,0.02,0.02
14.08,f27c2278f5bdb77b,50.002379252764,50.002706935183,50.0014894145742,50.0017071405923,0.00237925276402251,0.00270693518304199,0.0014894145741664,0.00170714059233745,0.02,0.02,0.02,0.02
14.085,f27c2278f5bdb77b,50.0023762308501,50.0027033595238,50.0014869580051,50.0017044598776,0.00237623085006078,0.0027033595237711,0.0014869580051311,0.00170445987762236,0.02,0.02,0.02,0.02
14.09,f27c2278f5bdb77b,50.0023731956683,50.0026997674369,50.0014844907719,50.0017017671137,0.0023731956683406,0.00269976743692268,0.00148449077192936,0.00170176711374381,0.02,0.02,0.02,0.02
14.095,f27c2278f5bdb77b,50.0023701472378,50.0026961589469,50.0014820128911,50.0016990623196,0.00237014723776952,0.00269615894688968,0.00148201289113814,0.00169906231963779,0.02,0.02,0.02,0.02
14.1,f27c2278f5bdb77b,50.0023670855773,50.0026925340782,50.0014795243794,50.0016963455143,0.00236708557728349,0.0026925340781716,0.00147952437941257,0.00169634551434683,0.02,0.02,0.02,0.02
14.105,f27c2278f5bdb77b,50.002364010706,50.0026888928554,50.0014770252535,50.001693616717,0.00236401070595349,0.00268889285537455,0.00147702525347881,0.00169361671702717,0.02,0.02,0.02,0.02
14.11,f27c2278f5bdb77b,50.0023609226429,50.0026852353033,50.0014745155301,50.0016908759469,0.00236092264294996,0.00268523530325382,0.00147451553008437,0.00169087594687056,0.02,0.02,0.02,0.02
14.115,f27c2278f5bdb77b,50.0023578214077,50.0026815614467,50.001471995226,50.0016881232231,0.00235782140766361,0.00268156144670684,0.00147199522604069,0.00168812322309719,0.02,0.02,0.02,0.02
14.12,f27c2278f5bdb77b,50.0023547070197,50.0026778713108,50.0014694643581,50.0016853585649,0.00235470701967699,0.00267787131081576,0.00146946435814499,0.00168535856492724,0.02,0.02,0.02,0.02
14.125,f27c2278f5bdb77b,50.0023515794988,50.0026741649208,50.0014669229432,50.0016825819915,0.00235157949884268,0.00267416492083328,0.00146692294321582,0.00168258199153115,0.02,0.02,0.02,0.02
14.13,f27c2278f5bdb77b,50.0023484388653,50.0026704423022,50.0014643709981,50.001679793522,0.00234843886530456,0.00267044230221813,0.00146437099805752,0.00167979352204384,0.02,0.02,0.02,0.02
14.135,f27c2278f5bdb77b,50.0023452851395,50.0026667034806,50.0014618085395,50.0016769931755,0.00234528513951915,0.00266670348064224,0.00146180853946731,0.00167699317550785,0.02,0.02,0.02,0.02
14.14,f27c2278f5bdb77b,50.0023421183423,50.002662948482,50.0014592355842,50.0016741809709,0.00234211834229114,0.00266294848198356,0.0014592355841998,0.00167418097086625,0.02,0.02,0.02,0.02
14.145,f27c2278f5bdb77b,50.0023389384948,50.0026591773324,50.001456652149,50.0016713569269,0.00233893849475919,0.00265917733236876,0.00145665214900248,0.00167135692694842,0.02,0.02,0.02,0.02
14.15,f27c2278f5bdb77b,50.0023357456184,50.0026553900581,50.0014540582506,50.0016685210625,0.00233574561844563,0.00265539005813054,0.0014540582505731,0.00166852106248427,0.02,0.02,0.02,0.02
14.155,f27c2278f5bdb77b,50.0023325397352,50.0026515866859,50.0014514539056,50.0016656733961,0.00233253973522807,0.0026515866858503,0.0014514539055881,0.0016656733960545,0.02,0.02,0.02,0.02
14.16,f27c2278f5bdb77b,50.0023293208673,50.0026477672423,50.0014488391307,50.0016628139461,0.00232932086733229,0.00264776724232973,0.00144883913070259,0.00166281394614742,0.02,0.02,0.02,0.02
14.165,f27c2278f5bdb77b,50.0023260890373,50.0026439317546,50.0014462139425,50.0016599427311,0.00232608903734643,0.00264393175460498,0.0014462139425433,0.00165994273112346,0.02,0.02,0.02,0.02
14.17,f27c2278f5bdb77b,50.0023228442682,50.0026400802499,50.0014435783577,50.0016570597692,0.00232284426818552,0.00264008024991824,0.00144357835771558,0.00165705976923647,0.02,0.02,0.02,0.02
14.175,f27c2278f5bdb77b,50.002319586583,50.0026362127557,50.0014409323928,50.0016541650787,0.00231958658304876,0.002636212755732,0.00144093239283194,0.00165416507867633,0.02,0.02,0.02,0.02
14.18,f27c2278f5bdb77b,50.0023163160054,50.0026323292997,50.0014382760645,50.0016512586775,0.0023163160054267,0.00263232929968638,0.00143827606449776,0.00165125867754057,0.02,0.02,0.02,0.02
14.185,f27c2278f5bdb77b,50.002313032559,50.0026284299096,50.0014356093894,50.0016483405839,0.00231303255903725,0.00262842990963463,0.00143560938936105,0.0016483405839125,0.02,0.02,0.02,0.02
14.19,f27c2278f5bdb77b,50.0023097362678,50.0026245146136,50.0014329323841,50.0016454108159,0.0023097362678115,0.00262451461355795,0.00143293238407693,0.00164541081585412,0.02,0.02,0.02,0.02
14.195,f27c2278f5bdb77b,50.0023064271558,50.0026205834396,50.0014302450654,50.0016424693914,0.00230642715580842,0.00262058343961513,0.0014302450653787,0.00164246939144874,0.02,0.02,0.02,0.02
14.2,f27c2278f5bdb77b,50.0023031052472,50.0026166364161,50.00142754745,50.0016395163288,0.00230310524722199,0.00261663641607868,0.00142754745003515,0.0016395163288152,0.02,0.02,0.02,0.02
14.205,f27c2278f5bdb77b,50.0022997705663,50.0026126735713,50.0014248395549,50.0016365516462,0.00229977056630304,0.00261267357134187,0.00142483955492878,0.00163655164617893,0.02,0.02,0.02,0.02
14.21,f27c2278f5bdb77b,50.0022964231373,50.0026086949339,50.001422121397,50.0016335753619,0.0022964231373237,0.00260869493387617,0.00142212139701314,0.00163357536185771,0.02,0.02,0.02,0.02
14.215,f27c2278f5bdb77b,50.0022930629845,50.0026047005322,50.0014193929934,50.0016305874943,0.0022930629845419,0.00260470053224537,0.00141939299337679,0.00163058749433276,0.02,0.02,0.02,0.02
14.22,f27c2278f5bdb77b,50.0022896901322,50.0026006903951,50.0014166543612,50.0016275880622,0.00228969013215874,0.00260069039505595,0.00141665436122196,0.00162758806224161,0.02,0.02,0.02,0.02
14.225,f27c2278f5bdb77b,50.0022863046043,50.002596664551,50.0014139055179,50.0016245770844,0.0022863046042545,0.00259666455096408,0.00141390551788589,0.00162457708444919,0.02,0.02,0.02,0.02
14.23,f27c2278f5bdb77b,50.0022829064248,50.0025926230286,50.0014111464809,50.00162155458,0.00228290642480999,0.00259262302864727,0.00141114648087637,0.00162155458003355,0.02,0.02,0.02,0.02
14.235,f27c2278f5bdb77b,50.0022794956176,50.0025885658568,50.0014083772678,50.0016185205683,0.00227949561762841,0.00258856585680434,0.00140837726782905,0.00161852056832146,0.02,0.02,0.02,0.02
14.24,f27c2278f5bdb77b,50.0022760722063,50.0025844930641,50.0014055978966,50.0016154750689,0.00227607220634951,0.00258449306413411,0.00140559789657857,0.00161547506890258,0.02,0.02,0.02,0.02
14.245,f27c2278f5bdb77b,50.0022726362144,50.0025804046793,50.0014028083851,50.0016124181017,0.00227263621440699,0.0025804046793354,0.00140280838509454,0.0016124181016508,0.02,0.02,0.02,0.02
14.25,f27c2278f5bdb77b,50.0022691876651,50.0025763007311,50.0014000087515,50.0016093496867,0.00226918766506401,0.00257630073110704,0.00140000875153845,0.00160934968672422,0.02,0.02,0.02,0.02
14.255,f27c2278f5bdb77b,50.0022657265814,50.0025721812481,50.0013971990142,50.0016062698446,0.00226572658135638,0.00257218124812653,0.00139719901422097,0.00160626984455803,0.02,0.02,0.02,0.02
14.26,f27c2278f5bdb77b,50.0022622529862,50.0025680462591,50.0013943791916,50.0016031785959,0.00226225298615645,0.00256804625908558,0.00139437919163754,0.00160317859586456,0.02,0.02,0.02,0.02
14.265,f27c2278f5bdb77b,50.0022587669021,50.0025638957927,50.0013915493024,50.0016000759616,0.00225876690213767,0.0025638957926688,0.00139154930241858,0.00160007596164036,0.02,0.02,0.02,0.02
14.27,f27c2278f5bdb77b,50.0022552683518,50.0025597298776,50.0013887093654,50.0015969619631,0.00225526835183842,0.00255972987756792,0.00138870936535795,0.00159696196311643,0.02,0.02,0.02,0.02
14.275,f27c2278f5bdb77b,50.0022517573577,50.0025555485425,50.0013858593994,50.0015938366218,0.00225175735766214,0.00255554854248885,0.00138585939937741,0.00159383662178669,0.02,0.02,0.02,0.02
14.28,f27c2278f5bdb77b,50.0022482339419,50.0025513518162,50.0013829994235,50.0015906999593,0.00224823394192697,0.00255135181618726,0.00138299942351949,0.00159069995933692,0.02,0.02,0.02,0.02
14.285,f27c2278f5bdb77b,50.0022446981269,50.0025471397274,50.0013801294569,50.0015875519977,0.00224469812689421,0.00254713972743303,0.00138012945694044,0.00158755199765181,0.02,0.02,0.02,0.02
14.29,f27c2278f5bdb77b,50.0022411499348,50.0025429123051,50.0013772495189,50.0015843927588,0.00224114993480384,0.00254291230509551,0.00137724951887463,0.00158439275877953,0.02,0.02,0.02,0.02
14.295,f27c2278f5bdb77b,50.0022375893879,50.0025386695781,50.0013743596287,50.0015812222649,0.00223758938793139,0.00253866957810089,0.00137435962866306,0.00158122226487478,0.02,0.02,0.02,0.02
14.3,f27c2278f5bdb77b,50.0022340165086,50.0025344115755,50.0013714598057,50.0015780405382,0.00223401650863053,0.00253441157547485,0.001371459805668,0.00157804053819177,0.02,0.02,0.02,0.02
14.305,f27c2278f5bdb77b,50.0022304313194,50.0025301383264,50.0013685500693,50.0015748476011,0.00223043131936862,0.00253013832636384,0.00136855006932279,0.00157484760105575,0.02,0.02,0.02,0.02
14.31,f27c2278f5bdb77b,50.0022268338428,50.0025258498601,50.0013656304391,50.0015716434758,0.00222683384279776,0.00252584986006354,0.00136563043907501,0.00157164347579908,0.02,0.02,0.02,0.02
14.315,f27c2278f5bdb77b,50.0022232241018,50.002521546206,50.0013627009344,50.0015684281847,0.00222322410176901,0.00252154620600464,0.00136270093437219,0.0015684281847399,0.02,0.02,0.02,0.02
14.32,f27c2278f5bdb77b,50.0022196021194,50.0025172273938,50.0013597615747,50.0015652017502,0.00221960211936789,0.00251722739378835,0.0013597615746761,0.00156520175017505,0.02,0.02,0.02,0.02
14.325,f27c2278f5bdb77b,50.002215967919,50.0025128934532,50.0013568123794,50.0015619641943,0.0022159679189997,0.00251289345322192,0.00135681237941299,0.0015619641943303,0.02,0.02,0.02,0.02
14.33,f27c2278f5bdb77b,50.0022123215244,50.0025085444143,50.001353853368,50.0015587155393,0.00221232152436102,0.00250854441429738,0.00135385336800198,0.00155871553932485,0.02,0.02,0.02,0.02
14.335,f27c2278f5bdb77b,50.0022086629595,50.0025041803072,50.0013508845598,50.0015554558072,0.00220866295950373,0.00250418030720567,0.00135088455981247,0.00155545580717131,0.02,0.02,0.02,0.02
14.34,f27c2278f5bdb77b,50.0022049922488,50.0024998011624,50.0013479059742,50.0015521850198,0.00220499224882076,0.00249980116237936,0.00134790597417833,0.00155218501976861,0.02,0.02,0.02,0.02
14.345,f27c2278f5bdb77b,50.0022013094171,50.0024954070105,50.0013449176304,50.0015489031989,0.00220130941711005,0.00249540701045703,0.00134491763038369,0.00154890319885936,0.02,0.02,0.02,0.02
14.35,f27c2278f5bdb77b,50.0021976144895,50.0024909978823,50.0013419195477,50.001545610366,0.00219761448951061,0.00249099788231177,0.00134191954767715,0.00154561036603695,0.02,0.02,0.02,0.02
14.355,f27c2278f5bdb77b,50.0021939074916,50.002486573809,50.0013389117453,50.0015423065428,0.00219390749155934,0.00248657380903694,0.00133891174525758,0.00154230654278109,0.02,0.02,0.02,0.02
14.36,f27c2278f5bdb77b,50.0021901884491,50.002482134822,50.0013358942423,50.0015389917504,0.00219018844914132,0.00248213482195325,0.0013358942422883,0.00153899175039385,0.02,0.02,0.02,0.02
14.365,f27c2278f5bdb77b,50.0021864573885,50.0024776809526,50.0013328670579,50.0015356660101,0.00218645738848267,0.00247768095258749,0.00133286705790425,0.00153566601007071,0.02,0.02,0.02,0.02
14.37,f27c2278f5bdb77b,50.0021827143361,50.0024732122327,50.0013298302112,50.0015323293429,0.00218271433613637,0.00247321223268671,0.00132983021122612,0.0015323293429006,0.02,0.02,0.02,0.02
14.375,f27c2278f5bdb77b,50.0021789593189,50.0024687286942,50.0013267837214,50.0015289817699,0.00217895931893253,0.00246872869416848,0.00132678372136041,0.00152898176987293,0.02,0.02,0.02,0.02
14.38,f27c2278f5bdb77b,50.002175192364,50.0024642303691,50.0013237276074,50.0015256233119,0.00217519236395702,0.00246423036914933,0.00132372760741362,0.00152562331191319,0.02,0.02,0.02,0.02
14.385,f27c2278f5bdb77b,50.0021714134985,50.0024597172899,50.0013206618885,50.0015222539899,0.00217141349850181,0.00245971728988792,0.00132066188853486,0.00152225398990424,0.02,0.02,0.02,0.02
14.39,f27c2278f5bdb77b,50.00216762275,50.0024551894888,50.0013175865839,50.0015188738247,0.00216762275001514,0.0024551894888063,0.00131758658388748,0.00151887382473603,0.02,0.02,0.02,0.02
14.395,f27c2278f5bdb77b,50.0021638201461,50.0024506469984,50.0013145017127,50.0015154828373,0.0021638201460874,0.00245064699843311,0.00131450171271297,0.00151548283731273,0.02,0.02,0.02,0.02
14.4,f27c2278f5bdb77b,50.0021600057143,50.0024460898514,50.0013114072943,50.0015120810486,0.00216000571434449,0.0024460898514107,0.00131140729430967,0.00151208104860956,0.02,0.02,0.02,0.02
14.405,f27c2278f5bdb77b,50.0021561794825,50.0024415180805,50.0013083033481,50.0015086684797,0.00215617948246205,0.00244151808045245,0.00130830334807541,0.00150866847970832,0.02,0.02,0.02,0.02
14.41,f27c2278f5bdb77b,50.0021523414781,50.0024369317183,50.0013051898935,50.0015052451518,0.00215234147805887,0.00243693171834991,0.00130518989350037,0.0015052451517974,0.02,0.02,0.02,0.02
14.415,f27c2278f5bdb77b,50.0021484917287,50.0024323307979,50.0013020669502,50.0015018110862,0.00214849172871823,0.00243233079793725,0.00130206695021684,0.00150181108624992,0.02,0.02,0.02,0.02
14.42,f27c2278f5bdb77b,50.0021446302619,50.0024277153521,50.001298934538,50.0014983663046,0.00214463026188838,0.00242771535205577,0.00129893453797081,0.00149836630463085,0.02,0.02,0.02,0.02
14.425,f27c2278f5bdb77b,50.0021407571049,50.0024230854136,50.0012957926767,50.0014949108287,0.0021407571048826,0.00242308541358938,0.00129579267667168,0.00149491082873254,0.02,0.02,0.02,0.02
14.43,f27c2278f5bdb77b,50.0021368722848,50.0024184410154,50.0012926413864,50.0014914446806,0.00213687228482229,0.00241844101538646,0.00129264138638518,0.00149144468058893,0.02,0.02,0.02,0.02
14.435,f27c2278f5bdb77b,50.0021329758286,50.0024137821903,50.0012894806873,50.0014879678825,0.00213297582863703,0.00241378219030253,0.00128948068732626,0.00148796788248973,0.02,0.02,0.02,0.02
14.44,f27c2278f5bdb77b,50.002129067763,50.0024091089712,50.0012863105999,50.001484480457,0.00212906776304322,0.00240910897116464,0.00128631059988749,0.0014844804570302,0.02,0.02,0.02,0.02
14.445,f27c2278f5bdb77b,50.0021251481145,50.0024044213908,50.0012831311446,50.0014809824271,0.0021251481145228,0.00240442139076436,0.00128313114463907,0.00148098242707562,0.02,0.02,0.02,0.02
14.45,f27c2278f5bdb77b,50.0021212169093,50.0023997194819,50.0012799423423,50.0014774738158,0.0021212169093161,0.002399719481879,0.00127994234230044,0.00147747381578256,0.02,0.02,0.02,0.02
14.455,f27c2278f5bdb77b,50.0021172741735,50.0023950032772,50.0012767442138,50.0014739546466,0.00211727417346452,0.00239500327722908,0.00127674421378288,0.00147395464661315,0.02,0.02,0.02,0.02
14.46,f27c2278f5bdb77b,50.0021133199328,50.0023902728095,50.0012735367801,50.0014704249433,0.00211331993278208,0.00239027280954218,0.00127353678013264,0.00147042494329241,0.02,0.02,0.02,0.02
14.465,f27c2278f5bdb77b,50.0021093542129,50.0023855281115,50.0012703200626,50.0014668847298,0.00210935421289093,0.00238552811149617,0.00127032006256655,0.00146688472983669,0.02,0.02,0.02,0.02
14.47,f27c2278f5bdb77b,50.0021053770393,50.0023807692158,50.0012670940824,50.0014633340305,0.00210537703926406,0.00238076921578312,0.0012670940824151,0.0014633340304826,0.02,0.02,0.02,0.02
14.475,f27c2278f5bdb77b,50.0021013884372,50.0023759961551,50.0012638588611,50.0014597728697,0.00210138843723229,0.00237599615509509,0.00126385886114377,0.00145977286972254,0.02,0.02,0.02,0.02
14.48,f27c2278f5bdb77b,50.0020973884321,50.0023712089621,50.0012606144203,50.0014562012722,0.00209738843205542,0.00237120896213838,0.00126061442034597,0.00145620127222656,0.02,0.02,0.02,0.02
14.485,f27c2278f5bdb77b,50.0020933770489,50.0023664076696,50.0012573607817,50.0014526192628,0.00209337704893642,0.00236640766964769,0.00125736078167193,0.00145261926284235,0.02,0.02,0.02,0.02
14.49,f27c2278f5bdb77b,50.0020893543131,50.0023615923104,50.0012540979669,50.0014490268665,0.00208935431308532,0.00236159231043587,0.00125409796686426,0.00144902686653836,0.02,0.02,0.02,0.02
14.495,f27c2278f5bdb77b,50.0020853202498,50.0023567629174,50.0012508259977,50.0014454241084,0.00208532024975483,0.00235676291736553,0.00125082599773663,0.00144542410838966,0.02,0.02,0.02,0.02
14.5,f27c2278f5bdb77b,50.0020812748843,50.0023519195234,50.0012475448961,50.0014418110135,0.00208127488431131,0.00235191952342007,0.00124754489610979,0.00144181101354235,0.02,0.02,0.02,0.02
14.505,f27c2278f5bdb77b,50.0020772182423,50.0023470621617,50.0012442546838,50.0014381876071,0.00207721824226326,0.00234706216167524,0.00124425468384004,0.00143818760713543,0.02,0.02,0.02,0.02
14.51,f27c2278f5bdb77b,50.0020731503493,50.0023421908654,50.0012409553828,50.0014345539143,0.00207315034930389,0.00234219086535603,0.00124095538279079,0.00143455391432923,0.02,0.02,0.02,0.02
14.515,f27c2278f5bdb77b,50.0020690712314,50.0023373056678,50.0012376470148,50.0014309099602,0.00206907123139644,0.00233730566782953,0.00123764701481122,0.00143090996022011,0.02,0.02,0.02,0.02
14.52,f27c2278f5bdb77b,50.0020649809148,50.0023324066026,50.0012343296017,50.0014272557698,0.00206498091475993,0.00233240660263334,0.00123432960171499,0.00142725576983338,0.02,0.02,0.02,0.02
14.525,f27c2278f5bdb77b,50.0020608794259,50.0023274937035,50.0012310031653,50.0014235913681,0.00206087942593314,0.00232749370351115,0.00123100316528024,0.00142359136808068,0.02,0.02,0.02,0.02
14.53,f27c2278f5bdb77b,50.0020567667918,50.0023225670044,50.0012276677272,50.0014199167798,0.00205676679181011,0.00232256700437716,0.00122766772723537,0.00141991677975284,0.02,0.02,0.02,0.02
14.535,f27c2278f5bdb77b,50.0020526430396,50.0023176265394,50.0012243233093,50.0014162320295,0.00205264303964015,0.00231762653936585,0.00122432330927325,0.00141623202949859,0.02,0.02,0.02,0.02
14.54,f27c2278f5bdb77b,50.0020485081971,50.0023126723428,50.001220969933,50.0014125371418,0.00204850819705626,0.00231267234283195,0.00122096993300858,0.00141253714178902,0.02,0.02,0.02,0.02
14.545,f27c2278f5bdb77b,50.0020443622921,50.0023077044493,50.00121760762,50.0014088321409,0.00204436229208227,0.00230770444934336,0.00121760761999212,0.001408832140946,0.02,0.02,0.02,0.02
14.55,f27c2278f5bdb77b,50.0020402053531,50.0023027228937,50.0012142363917,50.0014051170511,0.00204020535312566,0.00230272289367406,0.00121423639173202,0.00140511705110669,0.02,0.02,0.02,0.02
14.555,f27c2278f5bdb77b,50.002036037409,50.0022977277108,50.0012108562697,50.0014013918963,0.00203603740896341,0.00229772771084669,0.00121085626967954,0.00140139189625188,0.02,0.02,0.02,0.02
14.56,f27c2278f5bdb77b,50.0020318584887,50.0022927189361,50.0012074672752,50.0013976567002,0.00203185848874199,0.00229271893606153,0.00120746727523624,0.00139765670019187,0.02,0.02,0.02,0.02
14.565,f27c2278f5bdb77b,50.0020276686219,50.0022876966047,50.0012040694298,50.0013939114866,0.0020276686219276,0.00228769660473915,0.00120406942976814,0.00139391148661616,0.02,0.02,0.02,0.02
14.57,f27c2278f5bdb77b,50.0020234678383,50.0022826607525,50.0012006627546,50.0013901562791,0.0020234678383062,0.00228266075247774,0.00120066275461284,0.00139015627907924,0.02,0.02,0.02,0.02
14.575,f27c2278f5bdb77b,50.0020192561679,50.0022776114151,50.0011972472711,50.001386391101,0.00201925616791243,0.00227761141506022,0.00119724727112214,0.00138639110104322,0.02,0.02,0.02,0.02
14.58,f27c2278f5bdb77b,50.002015033641,50.0022725486284,50.0011938230006,50.0013826159759,0.0020150336410012,0.00227254862841875,0.00119382300063364,0.00138261597589917,0.02,0.02,0.02,0.02
14.585,f27c2278f5bdb77b,50.002010800288,50.0022674724286,50.0011903899645,50.001378830927,0.00201080028800504,0.00226747242862047,0.00119038996451337,0.00137883092703106,0.02,0.02,0.02,0.02
14.59,f27c2278f5bdb77b,50.0020065561395,50.0022623828519,50.0011869481842,50.0013750359778,0.00200655613947731,0.00226238285186042,0.00118694818418419,0.00137503597779443,0.02,0.02,0.02,0.02
14.595,f27c2278f5bdb77b,50.0020023012261,50.0022572799344,50.0011834976811,50.0013712311516,0.0020023012260566,0.00225727993441893,0.00118349768111159,0.00137123115160165,0.02,0.02,0.02,0.02
14.6,f27c2278f5bdb77b,50.0019980355784,50.0022521637127,50.0011800384769,50.0013674164719,0.00199803557838152,0.00225216371265446,0.00118003847686055,0.00136741647194327,0.02,0.02,0.02,0.02
14.605,f27c2278f5bdb77b,50.0019937592271,50.002247034223,50.0011765705931,50.0013635919624,0.00199375922706224,0.00224703422296813,0.00117657059308129,0.00136359196242353,0.02,0.02,0.02,0.02
14.61,f27c2278f5bdb77b,50.0019894722026,50.0022418915018,50.0011730940515,50.0013597576468,0.001989472202645,0.00224189150181076,0.00117309405154487,0.00135975764680296,0.02,0.02,0.02,0.02
14.615,f27c2278f5bdb77b,50.0019851745355,50.0022367355856,50.0011696088742,50.001355913549,0.00198517453553393,0.00223673558562609,0.00116960887415729,0.00135591354901976,0.02,0.02,0.02,0.02
14.62,f27c2278f5bdb77b,50.001980866256,50.0022315665109,50.001166115083,50.0013520596932,0.00198086625597682,0.00223156651087209,0.0011661150829525,0.00135205969322527,0.02,0.02,0.02,0.02
14.625,f27c2278f5bdb77b,50.001976547394,50.0022263843139,50.0011626127001,50.0013481961038,0.00197654739401543,0.00222638431394984,0.00116261270014206,0.00134819610383374,0.02,0.02,0.02,0.02
14.63,f27c2278f5bdb77b,50.0019722179795,50.0022211890313,50.0011591017481,50.0013443228055,0.00197221797947122,0.00222118903126045,0.00115910174807965,0.00134432280551522,0.02,0.02,0.02,0.02
14.635,f27c2278f5bdb77b,50.0019678780419,50.0022159806991,50.0011555822493,50.0013404398232,0.001967878041917,0.00221598069914819,0.00115558224930368,0.00134043982320975,0.02,0.02,0.02,0.02
14.64,f27c2278f5bdb77b,50.0019635276107,50.0022107593539,50.0011520542265,50.0013365471822,0.00196352761065555,0.00221075935388626,0.00115205422650888,0.00133654718217713,0.02,0.02,0.02,0.02
14.645,f27c2278f5bdb77b,50.0019591667147,50.0022055250317,50.0011485177026,50.001332644908,0.00195916671473384,0.00220552503171945,0.00114851770257474,0.00133264490796847,0.02,0.02,0.02,0.02
14.65,f27c2278f5bdb77b,50.0019547953829,50.0022002777688,50.0011449727005,50.0013287330264,0.00195479538294308,0.00220027776881437,0.00114497270053704,0.00132873302641912,0.02,0.02,0.02,0.02
14.655,f27c2278f5bdb77b,50.0019504136438,50.0021950176013,50.0011414192436,50.0013248115637,0.00195041364380444,0.00219501760128793,0.00114141924359501,0.00132481156368414,0.02,0.02,0.02,0.02
14.66,f27c2278f5bdb77b,50.0019460215256,50.0021897445652,50.0011378573551,50.0013208805462,0.00194602152562595,0.00218974456522147,0.00113785735510419,0.00132088054618862,0.02,0.02,0.02,0.02
14.665,f27c2278f5bdb77b,50.0019416190565,50.0021844586966,50.0011342870586,50.0013169400006,0.00194161905652379,0.00218445869663952,0.00113428705856222,0.00131694000061344,0.02,0.02,0.02,0.02
14.67,f27c2278f5bdb77b,50.0019372062644,50.0021791600316,50.0011307083776,50.0013129899539,0.00193720626442939,0.00217916003155239,0.00113070837758045,0.00131298995388107,0.02,0.02,0.02,0.02
14.675,f27c2278f5bdb77b,50.0019327831772,50.002173848606,50.0011271213359,50.0013090304331,0.00193278317716761,0.00217384860597036,0.00112712133589099,0.00130903043314134,0.02,0.02,0.02,0.02
14.68,f27c2278f5bdb77b,50.0019283498225,50.0021685244559,50.0011235259573,50.0013050614657,0.00192834982247092,0.00216852445588955,0.00112352595730414,0.00130506146570042,0.02,0.02,0.02,0.02
14.685,f27c2278f5bdb77b,50.0019239062281,50.0021631876173,50.0011199222657,50.001301083079,0.0019239062280505,0.00216318761734868,0.00111992226572255,0.00130108307900656,0.02,0.02,0.02,0.02
14.69,f27c2278f5bdb77b,50.0019194524216,50.0021578381264,50.0011163102851,50.0012970953006,0.00191945242163882,0.00215783812642911,0.00111631028508441,0.00129709530063593,0.02,0.02,0.02,0.02
14.695,f27c2278f5bdb77b,50.001914988431,50.0021524760193,50.0011126900394,50.0012930981582,0.00191498843104654,0.00215247601929747,0.00111269003937053,0.00129309815821443,0.02,0.02,0.02,0.02
14.7,f27c2278f5bdb77b,50.0019105142842,50.0021471013322,50.0011090615526,50.0012890916794,0.00191051428420508,0.00214710133218432,0.00110906155257595,0.00128909167937508,0.02,0.02,0.02,0.02
14.705,f27c2278f5bdb77b,50.0019060300092,50.0021417141015,50.0011054248487,50.0012850758918,0.00190603000923772,0.00214171410145525,0.00110542484867437,0.00128507589177929,0.02,0.02,0.02,0.02
14.71,f27c2278f5bdb77b,50.0019015356345,50.0021363143636,50.0011017799517,50.001281050823,0.00190153563449513,0.00213631436360373,0.00110177995165373,0.00128105082299612,0.02,0.02,0.02,0.02
14.715,f27c2278f5bdb77b,50.0018970311886,50.0021309021553,50.0010981268854,50.0012770165005,0.00189703118858375,0.00213090215527245,0.00109812688543087,0.00127701650053069,0.02,0.02,0.02,0.02
14.72,f27c2278f5bdb77b,50.0018925167005,50.0021254775133,50.0010944656739,50.0012729729518,0.0018925167004582,0.00212547751327463,0.00109446567388716,0.00127297295176731,0.02,0.02,0.02,0.02
14.725,f27c2278f5bdb77b,50.0018879921994,50.0021200404746,50.0010907963408,50.0012689202039,0.00188799219938574,0.00212004047461534,0.00109079634083997,0.00126892020394109,0.02,0.02,0.02,0.02
14.73,f27c2278f5bdb77b,50.001883457715,50.0021145910765,50.00108711891,50.0012648582841,0.00188345771502441,0.00211459107649858,0.00108711891004276,0.00126485828413081,0.02,0.02,0.02,0.02
14.735,f27c2278f5bdb77b,50.0018789132774,50.0021091293563,50.0010834334052,50.0012607872192,0.00187891327741596,0.00210912935630603,0.00108343340517081,0.0012607872192234,0.02,0.02,0.02,0.02
14.74,f27c2278f5bdb77b,50.001874358917,50.0021036553517,50.0010797398498,50.0012567070359,0.00187435891700005,0.00210365535167512,0.00107973984982834,0.00125670703590686,0.02,0.02,0.02,0.02
14.745,f27c2278f5bdb77b,50.0018697946646,50.0020981691004,50.0010760382675,50.0012526177607,0.00186979466460713,0.00209816910041383,0.00107603826754143,0.00125261776068442,0.02,0.02,0.02,0.02
14.75,f27c2278f5bdb77b,50.0018652205515,50.0020926706406,50.0010723286818,50.0012485194198,0.00186522055148686,0.00209267064056462,0.00107232868175799,0.00124851941984616,0.02,0.02,0.02,0.02
14.755,f27c2278f5bdb77b,50.0018606366092,50.0020871600104,50.0010686111159,50.0012444120395,0.00186063660922997,0.00208716001037601,0.00106861111587619,0.00124441203951875,0.02,0.02,0.02,0.02
14.76,f27c2278f5bdb77b,50.0018560428698,50.0020816372483,50.0010648855932,50.0012402956456,0.00185604286980379,0.00208163724828836,0.00106488559323736,0.00124029564563699,0.02,0.02,0.02,0.02
14.765,f27c2278f5bdb77b,50.0018514393655,50.0020761023929,50.0010611521371,50.001236170264,0.00185143936547405,0.00207610239291967,0.0010611521371402,0.00123617026398648,0.02,0.02,0.02,0.02
14.77,f27c2278f5bdb77b,50.0018468261288,50.0020705554831,50.0010574107709,50.0012320359202,0.00184682612879783,0.00207055548307267,0.00105741077086918,0.00123203592023202,0.02,0.02,0.02,0.02
14.775,f27c2278f5bdb77b,50.0018422031926,50.0020649965577,50.0010536615177,50.0012278926399,0.00184220319255957,0.00206499655769221,0.00105366151768749,0.00122789263993894,0.02,0.02,0.02,0.02
14.78,f27c2278f5bdb77b,50.0018375705897,50.0020594256559,50.0010499044009,50.0012237404486,0.00183757058973555,0.00205942565586525,0.0010499044008796,0.00122374044861573,0.02,0.02,0.02,0.02
14.785,f27c2278f5bdb77b,50.0018329283534,50.0020538428168,50.0010461394438,50.0012195793717,0.00183292835342286,0.00205384281677823,0.00104613944376553,0.00121957937173534,0.02,0.02,0.02,0.02
14.79,f27c2278f5bdb77b,50.0018282765168,50.0020482480797,50.0010423666697,50.0012154094348,0.00182827651680384,0.00204824807970994,0.00104236666969371,0.00121540943479914,0.02,0.02,0.02,0.02
14.795,f27c2278f5bdb77b,50.0018236151131,50.002042641484,50.0010385861021,50.0012112306634,0.00182361511307505,0.00204264148401734,0.00103858610211205,0.00121123066335826,0.02,0.02,0.02,0.02
14.8,f27c2278f5bdb77b,50.0018189441754,50.0020370230691,50.0010347977645,50.0012070430831,0.00181894417539041,0.00203702306907161,0.00103479776453952,0.0012070430830633,0.02,0.02,0.02,0.02
14.805,f27c2278f5bdb77b,50.0018142637368,50.0020313928743,50.0010310016806,50.0012028467197,0.0018142637368328,0.00203139287428655,0.00103100168060166,0.00120284671969273,0.02,0.02,0.02,0.02
14.81,f27c2278f5bdb77b,50.0018095738303,50.0020257509391,50.0010271978741,50.0011986415992,0.00180957383033586,0.00202575093906177,0.00102719787406613,0.0011986415992169,0.02,0.02,0.02,0.02
14.815,f27c2278f5bdb77b,50.0018048744887,50.0020200973028,50.0010233863688,50.0011944277478,0.00180487448865563,0.00202009730277553,0.00102338636882848,0.00119442774780509,0.02,0.02,0.02,0.02
14.82,f27c2278f5bdb77b,50.0018001657443,50.0020144320048,50.0010195671889,50.0011902051919,0.00180016574432074,0.00201443200476348,0.00101956718893348,0.00119020519185398,0.02,0.02,0.02,0.02
14.825,f27c2278f5bdb77b,50.0017954476296,50.0020087550843,50.0010157403586,50.0011859739581,0.00179544762961115,0.00200875508430443,0.00101574035859642,0.00118597395805153,0.02,0.02,0.02,0.02
14.83,f27c2278f5bdb77b,50.0017907201765,50.0020030665806,50.0010119059022,50.0011817340733,0.00179072017651549,0.00200306658060612,0.00101190590219602,0.00118173407334865,0.02,0.02,0.02,0.02
14.835,f27c2278f5bdb77b,50.0017859834167,50.0019973665328,50.0010080638443,50.001177485565,0.0017859834167453,0.00199736653280524,0.00100806384428154,0.00117748556500885,0.02,0.02,0.02,0.02
14.84,f27c2278f5bdb77b,50.0017812373817,50.00199165498,50.0010042142096,50.0011732284606,0.00178123738170655,0.00199165497995324,0.00100421420958696,0.00117322846061541,0.02,0.02,0.02,0.02
14.845,f27c2278f5bdb77b,50.0017764821025,50.001985931961,50.001000357023,50.001168962788,0.00177648210249259,0.00198593196100205,0.0010003570229955,0.0011689627880358,0.02,0.02,0.02,0.02
14.85,f27c2278f5bdb77b,50.0017717176099,50.0019801975148,50.0009964923096,50.0011646885755,0.00177171760992678,0.00198019751483258,0.000996492309567998,0.00116468857546437,0.02,0.02,0.02,0.02
14.855,f27c2278f5bdb77b,50.0017669439345,50.0019744516803,50.0009926200945,50.0011604058514,0.00176694393454824,0.00197445168025467,0.000992620094514507,0.00116040585139388,0.02,0.02,0.02,0.02
14.86,f27c2278f5bdb77b,50.0017621611067,50.001968694496,50.0009887404032,50.0011561146446,0.00176216110666871,0.0019686944959858,0.000988740403187194,0.00115611464457288,0.02,0.02,0.02,0.02
14.865,f27c2278f5bdb77b,50.0017573691564,50.0019629260007,50.0009848532611,50.001151814984,0.0017573691563797,0.00196292600072212,0.000984853261073226,0.00115181498403416,0.02,0.02,0.02,0.02
14.87,f27c2278f5bdb77b,50.0017525681136,50.0019571462331,50.0009809586938,50.001147506899,0.00175256811362345,0.00195714623308874,0.000980958693752143,0.00114750689900234,0.02,0.02,0.02,0.02
14.875,f27c2278f5bdb77b,50.0017477580082,50.0019513552317,50.0009770567269,50.0011431904189,0.00174775800822147,0.00195135523169654,0.000977056726910064,0.00114319041890809,0.02,0.02,0.02,0.02
14.88,f27c2278f5bdb77b,50.0017429388699,50.0019455530352,50.0009731473863,50.0011388655734,0.00174293886993127,0.00194555303517063,0.000973147386304163,0.00113886557335263,0.02,0.02,0.02,0.02
14.885,f27c2278f5bdb77b,50.0017381107285,50.0019397396821,50.0009692306977,50.001134532392,0.00173811072849617,0.00193973968213612,0.000969230697734247,0.00113453239202244,0.02,0.02,0.02,0.02
14.89,f27c2278f5bdb77b,50.0017332736137,50.0019339152113,50.000965306687,50.0011301909047,0.00173327361373055,0.00193391521126784,0.00096530668703565,0.00113019090468214,0.02,0.02,0.02,0.02
14.895,f27c2278f5bdb77b,50.0017284275555,50.0019280796613,50.00096137538,50.0011258411411,0.00172842755553404,0.0019280796613188,0.000961375380043705,0.00112584114114611,0.02,0.02,0.02,0.02
14.9,f27c2278f5bdb77b,50.001723572584,50.0019222330711,50.0009574368026,50.0011214831312,0.00172357258397682,0.00192223307111306,0.000957436802593747,0.0011214831311861,0.02,0.02,0.02,0.02
14.905,f27c2278f5bdb77b,50.0017187087294,50.0019163754796,50.0009534909805,50.0011171169045,0.00171870872935642,0.00191637547960255,0.000953490980478477,0.0011171169045312,0.02,0.02,0.02,0.02
14.91,f27c2278f5bdb77b,50.0017138360222,50.0019105069259,50.0009495379395,50.0011127424908,0.00171383602221198,0.00191050692587424,0.00094953793946928,0.00111274249082527,0.02,0.02,0.02,0.02
14.915,f27c2278f5bdb77b,50.0017089544934,50.0019046274492,50.0009455777052,50.0011083599196,0.00170895449341657,0.0019046274491572,0.000945577705238065,0.00110835991957003,0.02,0.02,0.02,0.02
14.92,f27c2278f5bdb77b,50.0017040641742,50.0018987370889,50.0009416103034,50.0011039692201,0.00170406417417723,0.00189873708885813,0.000941610303407003,0.00110396922010381,0.02,0.02,0.02,0.02
14.925,f27c2278f5bdb77b,50.0016991650961,50.0018928358846,50.0009376357595,50.0010995704216,0.0016991650960847,0.00189283588456846,0.000937635759513,0.00109957042160147,0.02,0.02,0.02,0.02
14.93,f27c2278f5bdb77b,50.0016942572911,50.0018869238761,50.000933654099,50.001095163553,0.00169425729112049,0.00188692387607858,0.000933654098993486,0.00109516355300343,0.02,0.02,0.02,0.02
14.935,f27c2278f5bdb77b,50.0016893407917,50.0018810011034,50.0009296653472,50.0010907486431,0.00168934079167826,0.00188100110337786,0.000929665347214836,0.00109074864305114,0.02,0.02,0.02,0.02
14.94,f27c2278f5bdb77b,50.0016844156306,50.0018750676067,50.0009256695294,50.0010863257202,0.00168441563057797,0.00187506760666878,0.000925669529415529,0.00108632572024447,0.02,0.02,0.02,0.02
14.945,f27c2278f5bdb77b,50.001679481841,50.0018691234263,50.0009216666708,50.0010818948129,0.00167948184103039,0.00186912342634571,0.000921666670784305,0.00108189481287724,0.02,0.02,0.02,0.02
14.95,f27c2278f5bdb77b,50.0016745394567,50.001863168603,50.0009176567964,50.001077455949,0.00167453945665841,0.00186316860302327,0.000917656796410427,0.00107745594899455,0.02,0.02,0.02,0.02
14.955,f27c2278f5bdb77b,50.0016695885114,50.0018572031775,50.0009136399313,50.0010730091565,0.00166958851143306,0.00185720317750082,0.000913639931312105,0.00107300915646391,0.02,0.02,0.02,0.02
14.96,f27c2278f5bdb77b,50.0016646290397,50.0018512271908,50.0009096161005,50.0010685544629,0.00166462903967357,0.00185122719076958,0.000909616100464916,0.00106855446293963,0.02,0.02,0.02,0.02
14.965,f27c2278f5bdb77b,50.001659661076,50.001845240684,50.0009055853288,50.0010640918959,0.00165966107599758,0.00184524068396996,0.000905585328773384,0.00106409189594103,0.02,0.02,0.02,0.02
14.97,f27c2278f5bdb77b,50.0016546846553,50.0018392436984,50.0009015476412,50.0010596214828,0.0016546846552643,0.00183924369842003,0.000901547641156242,0.00105962148283822,0.02,0.02,0.02,0.02
14.975,f27c2278f5bdb77b,50.0016496998125,50.0018332362755,50.0008975030625,50.0010551432509,0.00164969981253904,0.00183323627553733,0.000897503062510907,0.00105514325091605,0.02,0.02,0.02,0.02
14.98,f27c2278f5bdb77b,50.001644706583,50.0018272184569,50.0008934516177,50.0010506572274,0.00164470658302207,0.00182721845687439,0.000893451617741903,0.0010506572274096,0.02,0.02,0.02,0.02
14.985,f27c2278f5bdb77b,50.001639705002,50.001821190284,50.0008893933318,50.0010461634395,0.00163970500199895,0.0018211902840477,0.000889393331810595,0.00104616343952557,0.02,0.02,0.02,0.02
14.99,f27c2278f5bdb77b,50.0016346951048,50.0018151517987,50.0008853282297,50.0010416619145,0.00163469510476943,0.0018151517987377,0.000885328229735194,0.00104166191452748,0.02,0.02,0.02,0.02
14.995,f27c2278f5bdb77b,50.0016296769266,50.0018091030427,50.0008812563366,50.0010371526797,0.00162967692660487,0.00180910304265325,0.000881256336604963,0.0010371526797428,0.02,0.02,0.02,0.02
15,f27c2278f5bdb77b,50.0016246505027,50.0018030440575,50.0008771776776,50.0010326357626,0.00162465050268423,0.00180304405752452,0.000877177677615748,0.00103263576259849,0.02,0.02,0.02,0.02
