time_s,manifest_id,active_power_W_DG1,active_power_W_DG2,active_power_W_DG3,active_power_W_DG4,normalized_power_DG1,normalized_power_DG2,normalized_power_DG3,normalized_power_DG4,sharing_error
0,f27c2278f5bdb77b,260.021970241669,304.403807402221,318.589395999456,341.984826356654,0.520043940483338,0.507339679003701,0.490137532306856,0.488549751938077,0.0314941885452602
0.005,f27c2278f5bdb77b,260.023936109899,304.402705281588,318.58693256191,341.986426046604,0.520047872219799,0.507337842135979,0.490133742402938,0.488552037209434,0.0314958350103648
0.01,f27c2278f5bdb77b,260.0258254979,304.401604505212,318.584550925285,341.988019071603,0.5200516509958,0.507336007508687,0.490130078346592,0.488554312959432,0.0314973380363681
0.015,f27c2278f5bdb77b,260.027639206718,304.400505094403,318.582250269541,341.989605429338,0.520055278413436,0.507334175157339,0.490126538876216,0.488556579184769,0.0314986992286675
0.02,f27c2278f5bdb77b,260.029378029519,304.399407069753,318.580029782116,341.991185118611,0.520058756059039,0.507332345116255,0.490123122741718,0.48855883588373,0.0314999201753088
0.025,f27c2278f5bdb77b,260.031042751663,304.398310451151,318.577888657873,341.992758139313,0.520062085503327,0.507330517418584,0.49011982870442,0.488561083056162,0.0315010024471644
0.03,f27c2278f5bdb77b,260.032634150771,304.397215257797,318.57582609903,341.994324492403,0.520065268301542,0.507328692096328,0.490116655536969,0.488563320703432,0.0315019475981094
0.035,f27c2278f5bdb77b,260.034152996797,304.396121508219,318.573841315105,341.995884179879,0.520068305993594,0.507326869180365,0.490113602023239,0.488565548828398,0.0315027571651962
0.04,f27c2278f5bdb77b,260.035600052101,304.395029220281,318.571933522856,341.997437204761,0.520071200104202,0.507325048700469,0.49011066695824,0.488567767435373,0.0315034326688286
0.045,f27c2278f5bdb77b,260.036976071514,304.393938411204,318.570101946215,341.998983571067,0.520073952143028,0.507323230685339,0.490107849148024,0.488569976530096,0.0315039756129325
0.05,f27c2278f5bdb77b,260.038281802411,304.392849097569,318.568345816234,342.000523283786,0.520076563604822,0.507321415162615,0.490105147409591,0.488572176119694,0.0315043874851277
0.055,f27c2278f5bdb77b,260.039517984777,304.391761295341,318.566664371021,342.002056348861,0.520079035969554,0.507319602158902,0.490102560570802,0.488574366212658,0.0315046697568954
0.06,f27c2278f5bdb77b,260.040685351277,304.390675019874,318.565056855684,342.003582773165,0.520081370702554,0.50731779169979,0.490100087470282,0.488576546818807,0.0315048238837468
0.065,f27c2278f5bdb77b,260.041784627324,304.389590285926,318.563522522268,342.005102564482,0.520083569254648,0.507315983809877,0.490097726957335,0.48857871794926,0.031504851305388
0.07,f27c2278f5bdb77b,260.042816531144,304.388507107673,318.562060629701,342.006615731482,0.520085633062288,0.507314178512788,0.490095477891848,0.488580879616403,0.0315047534458854
0.075,f27c2278f5bdb77b,260.043781773846,304.387425498716,318.560670443734,342.008122283704,0.520087563547691,0.507312375831193,0.490093339144207,0.488583031833863,0.0315045317138278
0.08,f27c2278f5bdb77b,260.044681059484,304.386345472098,318.559351236881,342.009622231536,0.520089362118969,0.50731057578683,0.490091309595202,0.48858517461648,0.0315041875024888
0.085,f27c2278f5bdb77b,260.04551508513,304.385267040315,318.558102288364,342.011115586191,0.520091030170259,0.507308778400526,0.490089388135944,0.488587307980273,0.0315037221899862
0.09,f27c2278f5bdb77b,260.04628454093,304.384190215325,318.556922884053,342.012602359693,0.520092569081859,0.507306983692208,0.490087573667774,0.488589431942418,0.0315031371394411
0.095,f27c2278f5bdb77b,260.046990110176,304.383115008558,318.555812316413,342.014082564853,0.520093980220353,0.50730519168093,0.490085865102174,0.488591546521218,0.0315024336991348
0.1,f27c2278f5bdb77b,260.04763246937,304.382041430932,318.554769884445,342.015556215252,0.52009526493874,0.507303402384887,0.490084261360685,0.488593651736075,0.031501613202665
0.105,f27c2278f5bdb77b,260.048212288283,304.380969492862,318.55379489363,342.017023325226,0.520096424576565,0.507301615821436,0.490082761374816,0.488595747607465,0.0315006769690996
0.11,f27c2278f5bdb77b,260.048730230022,304.379899204265,318.552886655872,342.01848390984,0.520097460460045,0.507299832007108,0.490081364085958,0.488597834156915,0.03149962630313
0.115,f27c2278f5bdb77b,260.049186951096,304.378830574579,318.552044489447,342.019937984878,0.520098373902191,0.507298050957632,0.490080068445303,0.488599911406969,0.0314984624952226
0.12,f27c2278f5bdb77b,260.04958310147,304.377763612769,318.551267718941,342.02138556682,0.52009916620294,0.507296272687948,0.490078873413756,0.488601979381171,0.0314971868217686
0.125,f27c2278f5bdb77b,260.049919324636,304.376698327335,318.550555675203,342.022826672827,0.520099838649272,0.507294497212224,0.49007777796185,0.488604038104039,0.0314958005452334
0.13,f27c2278f5bdb77b,260.050196257669,304.375634726324,318.549907695283,342.024261320724,0.520100392515337,0.507292724543874,0.490076781069666,0.488606087601034,0.0314943049143029
0.135,f27c2278f5bdb77b,260.050414531289,304.374572817343,318.549323122386,342.025689528983,0.520100829062577,0.507290954695572,0.490075881726747,0.488608127898547,0.0314927011640306
0.14,f27c2278f5bdb77b,260.050574769923,304.373512607562,318.54880130581,342.027111316705,0.520101149539846,0.507289187679269,0.490075078932016,0.488610159023864,0.0314909905159814
0.145,f27c2278f5bdb77b,260.050677591765,304.372454103726,318.548341600901,342.028526703608,0.520101355183529,0.507287423506211,0.490074371693694,0.488612181005154,0.0314891741783748
0.15,f27c2278f5bdb77b,260.050723608833,304.371397312168,318.547943368993,342.029935710006,0.520101447217665,0.507285662186946,0.49007375902922,0.488614193871438,0.0314872533462272
0.155,f27c2278f5bdb77b,260.050713427031,304.37034223881,318.54760597736,342.031338356799,0.520101426854062,0.507283903731351,0.490073239965169,0.488616197652569,0.0314852292014922
0.16,f27c2278f5bdb77b,260.050647646207,304.369288889181,318.547328799162,342.03273466545,0.520101295292414,0.507282148148634,0.490072813537172,0.488618192379215,0.0314831029131994
0.165,f27c2278f5bdb77b,260.050526860211,304.368237268416,318.547111213394,342.03412465798,0.520101053720421,0.50728039544736,0.490072478789837,0.488620178082828,0.0314808756375931
0.17,f27c2278f5bdb77b,260.05035165695,304.367187381273,318.546952604834,342.035508356943,0.520100703313901,0.507278645635455,0.490072234776667,0.488622154795633,0.0314785485182674
0.175,f27c2278f5bdb77b,260.050122618452,304.366139232136,318.546852363992,342.03688578542,0.520100245236904,0.507276898720226,0.490072080559988,0.488624122550601,0.0314761226863033
0.18,f27c2278f5bdb77b,260.049840320915,304.365092825025,318.54680988706,342.038256967,0.520099680641829,0.507275154708375,0.490072015210862,0.488626081381429,0.0314735992604003
0.185,f27c2278f5bdb77b,260.049505334767,304.364048163604,318.546824575862,342.039621925766,0.520099010669535,0.507273413606007,0.490072037809019,0.488628031322524,0.031470979347011
0.19,f27c2278f5bdb77b,260.049118224725,304.363005251189,318.546895837802,342.040980686285,0.520098236449449,0.507271675418648,0.490072147442772,0.488629972408978,0.0314682640404711
0.195,f27c2278f5bdb77b,260.048679549842,304.361964090755,318.547023085816,342.042333273587,0.520097359099683,0.507269940151258,0.490072343208948,0.488631904676554,0.0314654544231299
0.2,f27c2278f5bdb77b,260.04818986357,304.360924684943,318.547205738324,342.043679713163,0.520096379727141,0.507268207808238,0.490072624212805,0.488633828161662,0.0314625515654794
0.205,f27c2278f5bdb77b,260.047649713812,304.35988703607,318.547443219177,342.045020030941,0.520095299427624,0.50726647839345,0.490072989567965,0.488635742901344,0.0314595565262803
0.21,f27c2278f5bdb77b,260.047059642973,304.358851146133,318.547734957615,342.046354253279,0.520094119285946,0.507264751910222,0.490073438396331,0.488637648933256,0.0314564703526902
0.215,f27c2278f5bdb77b,260.046420188016,304.357817016819,318.548080388213,342.047682406952,0.520092840376032,0.507263028361365,0.490073969828019,0.488639546295646,0.0314532940803868
0.22,f27c2278f5bdb77b,260.045731880516,304.356784649511,318.548478950835,342.049004519138,0.520091463761033,0.507261307749185,0.490074583001284,0.48864143502734,0.0314500287336928
0.225,f27c2278f5bdb77b,260.044995246711,304.355754045292,318.548930090589,342.050320617407,0.520089990493423,0.507259590075487,0.490075277062444,0.488643315167725,0.0314466753256981
0.23,f27c2278f5bdb77b,260.044210807554,304.354725204959,318.549433257777,342.05163072971,0.520088421615109,0.507257875341598,0.490076051165811,0.488645186756728,0.0314432348583803
0.235,f27c2278f5bdb77b,260.043379078766,304.353698129019,318.549987907851,342.052934884364,0.520086758157532,0.507256163548366,0.490076904473616,0.488647049834806,0.031439708322726
0.24,f27c2278f5bdb77b,260.042500570885,304.352672817708,318.550593501362,342.054233110045,0.52008500114177,0.50725445469618,0.490077836155942,0.488648904442921,0.0314360966988484
0.245,f27c2278f5bdb77b,260.041575789319,304.351649270985,318.551249503922,342.055525435773,0.520083151578639,0.507252748784976,0.49007884539065,0.488650750622533,0.0314324009561063
0.25,f27c2278f5bdb77b,260.040605234397,304.350627488549,318.551955386151,342.056811890903,0.520081210468795,0.507251045814248,0.490079931363309,0.488652588415575,0.0314286220532192
0.255,f27c2278f5bdb77b,260.039589401416,304.349607469837,318.552710623635,342.058092505113,0.520079178802831,0.507249345783061,0.49008109326713,0.488654417864448,0.0314247609383834
0.26,f27c2278f5bdb77b,260.03852878069,304.348589214033,318.55351469688,342.059367308396,0.520077057561381,0.507247648690056,0.490082330302893,0.488656239011994,0.0314208185493864
0.265,f27c2278f5bdb77b,260.037423857606,304.347572720078,318.554367091272,342.060636331045,0.520074847715211,0.507245954533464,0.490083641678879,0.488658051901492,0.0314167958137191
0.27,f27c2278f5bdb77b,260.036275112662,304.346557986668,318.555267297024,342.061899603645,0.520072550225324,0.507244263311114,0.490085026610806,0.488659856576636,0.0314126936486879
0.275,f27c2278f5bdb77b,260.035083021525,304.345545012266,318.556214809143,342.063157157067,0.52007016604305,0.507242575020443,0.490086484321758,0.488661653081524,0.0314085129615259
0.28,f27c2278f5bdb77b,260.033848055072,304.344533795103,318.557209127376,342.064409022449,0.520067696110143,0.507240889658505,0.490088014042117,0.488663441460642,0.0314042546495016
0.285,f27c2278f5bdb77b,260.032570679439,304.343524333189,318.558249756176,342.065655231196,0.520065141358879,0.507239207221981,0.490089615009502,0.488665221758851,0.0313999196000281
0.29,f27c2278f5bdb77b,260.031251356072,304.342516624311,318.559336204654,342.066895814962,0.520062502712145,0.507237527707185,0.490091286468699,0.488666994021375,0.0313955086907699
0.295,f27c2278f5bdb77b,260.029890541767,304.341510666046,318.560467986538,342.068130805649,0.520059781083535,0.507235851110076,0.490093027671596,0.488668758293785,0.0313910227897498
0.3,f27c2278f5bdb77b,260.02848868872,304.34050645576,318.561644620129,342.069360235391,0.52005697737744,0.507234177426267,0.490094837877122,0.488670514621987,0.0313864627554528
0.305,f27c2278f5bdb77b,260.027046244571,304.339503990617,318.562865628266,342.070584136547,0.520054092489141,0.507232506651029,0.490096716351178,0.48867226305221,0.0313818294369317
0.31,f27c2278f5bdb77b,260.02556365245,304.338503267582,318.564130538274,342.071802541693,0.5200511273049,0.507230838779304,0.490098662366576,0.488674003630991,0.0313771236739092
0.315,f27c2278f5bdb77b,260.024041351022,304.337504283427,318.565438881935,342.073015483616,0.520048082702045,0.507229173805711,0.490100675202977,0.488675736405165,0.0313723462968797
0.32,f27c2278f5bdb77b,260.022479774532,304.336507034733,318.566790195438,342.074222995298,0.520044959549064,0.507227511724554,0.490102754146827,0.488677461421854,0.0313674981272105
0.325,f27c2278f5bdb77b,260.020879352845,304.335511517899,318.568184019341,342.075425109914,0.520041758705691,0.507225852529832,0.490104898491294,0.488679178728449,0.0313625799772416
0.33,f27c2278f5bdb77b,260.019240511496,304.334517729144,318.569619898536,342.076621860825,0.520038481022991,0.50722419621524,0.490107107536209,0.488680888372607,0.0313575926503845
0.335,f27c2278f5bdb77b,260.017563671725,304.333525664512,318.571097382202,342.077813281561,0.52003512734345,0.507222542774187,0.490109380588003,0.48868259040223,0.0313525369412196
0.34,f27c2278f5bdb77b,260.015849250529,304.332535319876,318.57261602377,342.078999405825,0.520031698501058,0.507220892199793,0.490111716959646,0.488684284865464,0.0313474136355935
0.345,f27c2278f5bdb77b,260.014097660697,304.331546690942,318.574175380885,342.080180267476,0.520028195321394,0.507219244484903,0.490114115970592,0.48868597181068,0.031342223510714
0.35,f27c2278f5bdb77b,260.012309310855,304.330559773255,318.575775015364,342.081355900526,0.520024618621711,0.507217599622092,0.490116576946713,0.488687651286465,0.0313369673352455
0.355,f27c2278f5bdb77b,260.010484605509,304.329574562203,318.577414493158,342.08252633913,0.520020969211017,0.507215957603671,0.490119099220243,0.488689323341615,0.0313316458694025
0.36,f27c2278f5bdb77b,260.008623945081,304.328591053017,318.579093384319,342.083691617583,0.520017247890161,0.507214318421695,0.490121682129721,0.488690988025119,0.0313262598650421
0.365,f27c2278f5bdb77b,260.006727725955,304.327609240782,318.580811262955,342.084851770308,0.52001345545191,0.50721268206797,0.49012432501993,0.488692645386155,0.0313208100657558
0.37,f27c2278f5bdb77b,260.004796340517,304.326629120434,318.582567707197,342.086006831851,0.520009592681034,0.507211048534057,0.490127027241842,0.488694295474073,0.0313152972069607
0.375,f27c2278f5bdb77b,260.002830177191,304.325650686769,318.584362299165,342.087156836875,0.520005660354382,0.507209417811282,0.490129788152561,0.488695938338393,0.0313097220159891
0.38,f27c2278f5bdb77b,260.000829620483,304.324673934444,318.586194624921,342.088301820152,0.520001659240965,0.50720778989074,0.490132607115263,0.488697574028788,0.0313040852121771
0.385,f27c2278f5bdb77b,259.998795051017,304.323698857981,318.588064274445,342.089441816556,0.519997590102034,0.507206164763302,0.490135483499147,0.488699202595081,0.031298387506953
0.39,f27c2278f5bdb77b,259.996726845577,304.322725451772,318.589970841591,342.09057686106,0.519993453691153,0.507204542419621,0.49013841667937,0.488700824087229,0.031292629603924
0.395,f27c2278f5bdb77b,259.994625377142,304.321753710082,318.591913924052,342.091706988725,0.519989250754284,0.507202922850136,0.490141406037003,0.488702438555321,0.0312868121989624
0.4,f27c2278f5bdb77b,259.992491014928,304.320783627049,318.593893123327,342.092832234696,0.519984982029856,0.507201306045081,0.490144450958965,0.488704046049565,0.0312809359802911
0.405,f27c2278f5bdb77b,259.990324124423,304.319815196694,318.595908044687,342.093952634196,0.519980648248846,0.507199691994491,0.49014755083798,0.488705646620279,0.031275001628567
0.41,f27c2278f5bdb77b,259.988125067426,304.318848412921,318.597958297134,342.09506822252,0.519976250134851,0.507198080688201,0.490150705072513,0.488707240317886,0.0312690098169654
0.415,f27c2278f5bdb77b,259.985894202081,304.317883269517,318.600043493373,342.09617903503,0.519971788404161,0.507196472115862,0.490153913066727,0.488708827192899,0.031262961211262
0.42,f27c2278f5bdb77b,259.983631882919,304.316919760161,318.602163249774,342.097285107146,0.519967263765837,0.507194866266936,0.490157174230421,0.488710407295923,0.0312568564699142
0.425,f27c2278f5bdb77b,259.981338460889,304.315957878425,318.60431718634,342.098386474345,0.519962676921779,0.507193263130708,0.490160487978985,0.488711980677636,0.0312506962441424
0.43,f27c2278f5bdb77b,259.9790142834,304.314997617774,318.606504926674,342.099483172153,0.5199580285668,0.50719166269629,0.490163853733344,0.48871354738879,0.0312444811780098
0.435,f27c2278f5bdb77b,259.976659694349,304.314038971574,318.60872609794,342.100575236138,0.519953319388697,0.507190064952623,0.490167270919908,0.488715107480196,0.0312382119085008
0.44,f27c2278f5bdb77b,259.974275034162,304.313081933091,318.610980330839,342.101662701907,0.519948550068325,0.507188469888485,0.490170738970522,0.488716661002725,0.0312318890656
0.445,f27c2278f5bdb77b,259.97186063983,304.312126495498,318.613267259569,342.102745605103,0.519943721279659,0.507186877492496,0.490174257322414,0.48871820800729,0.031225513272369
0.45,f27c2278f5bdb77b,259.969416844936,304.311172651872,318.615586521796,342.103823981395,0.519938833689873,0.50718528775312,0.490177825418148,0.48871974854485,0.0312190851450226
0.455,f27c2278f5bdb77b,259.9669439797,304.310220395204,318.61793775862,342.104897866476,0.5199338879594,0.507183700658673,0.49018144270557,0.488721282666394,0.0312126052930056
0.46,f27c2278f5bdb77b,259.964442371003,304.309269718395,318.620320614545,342.105967296057,0.519928884742005,0.507182116197325,0.490185108637762,0.488722810422939,0.0312060743190667
0.465,f27c2278f5bdb77b,259.961912342427,304.308320614263,318.622734737446,342.107032305865,0.519923824684853,0.507180534357105,0.490188822672993,0.488724331865521,0.0311994928193325
0.47,f27c2278f5bdb77b,259.959354214286,304.307373075544,318.625179778537,342.108092931633,0.519918708428571,0.507178955125907,0.490192584274673,0.48872584704519,0.0311928613833813
0.475,f27c2278f5bdb77b,259.956768303659,304.306427094895,318.627655392344,342.109149209102,0.519913536607318,0.507177378491492,0.490196392911299,0.488727356013002,0.0311861805943151
0.48,f27c2278f5bdb77b,259.954154924424,304.305482664896,318.630161236669,342.110201174011,0.519908309848847,0.507175804441494,0.490200248056414,0.488728858820015,0.0311794510288318
0.485,f27c2278f5bdb77b,259.951514387288,304.304539778054,318.632696972562,342.111248862096,0.519903028774575,0.507174232963424,0.490204149188557,0.48873035551728,0.0311726732572952
0.49,f27c2278f5bdb77b,259.948846999821,304.303598426803,318.635262264291,342.112292309085,0.519897693999642,0.507172664044672,0.490208095791217,0.488731846155836,0.0311658478438061
0.495,f27c2278f5bdb77b,259.946153066487,304.302658603508,318.637856779312,342.113331550692,0.519892306132975,0.507171097672513,0.490212087352788,0.488733330786703,0.0311589753462713
0.5,f27c2278f5bdb77b,259.943432888677,304.301720300467,318.640480188239,342.114366622617,0.519886865777353,0.507169533834112,0.490216123366522,0.488734809460881,0.0311520563164719
0.505,f27c2278f5bdb77b,259.940686764735,304.300783509915,318.643132164814,342.115397560537,0.519881373529469,0.507167972516525,0.490220203330483,0.488736282229338,0.0311450913001315
0.51,f27c2278f5bdb77b,259.937914989995,304.299848224021,318.645812385879,342.116424400105,0.51987582997999,0.507166413706702,0.490224326747506,0.488737749143007,0.0311380808369832
0.515,f27c2278f5bdb77b,259.935117856809,304.298914434897,318.648520531347,342.117447176947,0.519870235713618,0.507164857391495,0.490228493125149,0.488739210252782,0.0311310254608358
0.52,f27c2278f5bdb77b,259.932295654575,304.297982134596,318.651256284172,342.118465926657,0.519864591309151,0.50716330355766,0.490232701975649,0.48874066560951,0.0311239256996405
0.525,f27c2278f5bdb77b,259.929448669772,304.297051315113,318.654019330322,342.119480684793,0.519858897339544,0.507161752191856,0.49023695281588,0.48874211526399,0.0311167820755541
0.53,f27c2278f5bdb77b,259.926577185983,304.296121968393,318.656809358751,342.120491486873,0.519853154371966,0.507160203280654,0.490241245167309,0.488743559266962,0.0311095951050046
0.535,f27c2278f5bdb77b,259.92368148393,304.295194086324,318.659626061371,342.121498368374,0.519847362967861,0.507158656810541,0.490245578555955,0.488744997669106,0.0311023652987545
0.54,f27c2278f5bdb77b,259.920761841501,304.294267660749,318.662469133023,342.122501364727,0.519841523683002,0.507157112767916,0.490249952512343,0.488746430521038,0.0310950931619635
0.545,f27c2278f5bdb77b,259.917818533776,304.29334268346,318.665338271452,342.123500511311,0.519835637067552,0.5071555711391,0.490254366571465,0.488747857873302,0.0310877791942502
0.55,f27c2278f5bdb77b,259.914851833061,304.292419146204,318.668233177278,342.124495843457,0.519829703666122,0.507154031910339,0.490258820272736,0.488749279776367,0.0310804238897545
0.555,f27c2278f5bdb77b,259.911862008911,304.291497040682,318.671153553971,342.125487396437,0.519823724017822,0.507152495067803,0.490263313159955,0.488750696280624,0.0310730277371976
0.56,f27c2278f5bdb77b,259.908849328161,304.290576358554,318.67409910782,342.126475205465,0.519817698656321,0.50715096059759,0.490267844781262,0.488752107436378,0.0310655912199428
0.565,f27c2278f5bdb77b,259.905814054951,304.28965709144,318.677069547915,342.127459305693,0.519811628109902,0.507149428485734,0.4902724146891,0.488753513293848,0.0310581148160542
0.57,f27c2278f5bdb77b,259.902756450757,304.28873923092,318.680064586112,342.128439732211,0.519805512901515,0.507147898718201,0.490277022440172,0.488754913903158,0.0310505989983566
0.575,f27c2278f5bdb77b,259.899676774415,304.287822768537,318.683083937012,342.129416520036,0.51979935354883,0.507146371280895,0.490281667595403,0.488756309314337,0.0310430442344924
0.58,f27c2278f5bdb77b,259.896575282147,304.286907695798,318.686127317935,342.13038970412,0.519793150564295,0.507144846159663,0.490286349719899,0.488757699577315,0.0310354509869801
0.585,f27c2278f5bdb77b,259.893452227592,304.285994004176,318.689194448893,342.131359319339,0.519786904455184,0.507143323340293,0.490291068382912,0.488759084741913,0.0310278197132711
0.59,f27c2278f5bdb77b,259.890307861827,304.285081685112,318.692285052566,342.132325400494,0.519780615723654,0.507141802808521,0.490295823157795,0.488760464857849,0.0310201508658052
0.595,f27c2278f5bdb77b,259.887142433396,304.284170730018,318.695398854279,342.133287982308,0.519774284866792,0.507140284550029,0.490300613621967,0.488761839974725,0.0310124448920673
0.6,f27c2278f5bdb77b,259.883956188336,304.283261130273,318.698535581971,342.134247099421,0.519767912376672,0.507138768550454,0.490305439356878,0.48876321014203,0.0310047022346417
0.605,f27c2278f5bdb77b,259.880749370199,304.282352877231,318.701694966178,342.135202786392,0.519761498740399,0.507137254795384,0.490310299947966,0.488764575409132,0.030996923331267
0.61,f27c2278f5bdb77b,259.877522220083,304.281445962219,318.704876740004,342.136155077694,0.519755044440167,0.507135743270364,0.490315194984621,0.488765935825277,0.0309891086148897
0.615,f27c2278f5bdb77b,259.874274976652,304.280540376539,318.708080639099,342.13710400771,0.519748549953303,0.507134233960898,0.490320124060152,0.488767291439586,0.0309812585137172
0.62,f27c2278f5bdb77b,259.87100787616,304.27963611147,318.711306401634,342.138049610735,0.519742015752321,0.50713272685245,0.490325086771745,0.48876864230105,0.030973373451271
0.625,f27c2278f5bdb77b,259.867721152483,304.278733158269,318.71455376828,342.138991920969,0.519735442304965,0.507131221930448,0.49033008272043,0.488769988458527,0.0309654538464386
0.63,f27c2278f5bdb77b,259.864415037132,304.277831508172,318.717822482179,342.139930972518,0.519728830074264,0.507129719180286,0.490335111511044,0.48877132996074,0.0309575001135245
0.635,f27c2278f5bdb77b,259.861089759287,304.276931152394,318.721112288927,342.140866799391,0.519722179518575,0.507128218587324,0.490340172752196,0.488772666856273,0.0309495126623018
0.64,f27c2278f5bdb77b,259.857745545816,304.276032082136,318.724422936549,342.141799435499,0.519715491091632,0.507126720136893,0.490345266056229,0.48877399919357,0.0309414918980623
0.645,f27c2278f5bdb77b,259.854382621297,304.275134288578,318.727754175474,342.14272891465,0.519708765242595,0.507125223814297,0.490350391039191,0.488775327020929,0.0309334382216659
0.65,f27c2278f5bdb77b,259.851001208046,304.274237762887,318.731105758517,342.143655270551,0.519702002416092,0.507123729604811,0.490355547320795,0.488776650386501,0.0309253520295905
0.655,f27c2278f5bdb77b,259.847601526134,304.273342496214,318.73447744085,342.144578536802,0.519695203052269,0.50712223749369,0.490360734524385,0.488777969338288,0.0309172337139808
0.66,f27c2278f5bdb77b,259.844183793417,304.272448479697,318.737868979988,342.145498746897,0.519688367586834,0.507120747466162,0.490365952276905,0.488779283924139,0.0309090836626948
0.665,f27c2278f5bdb77b,259.840748225551,304.271555704464,318.741280135761,342.146415934223,0.519681496451102,0.507119259507441,0.490371200208863,0.488780594191748,0.0309009022593544
0.67,f27c2278f5bdb77b,259.83729503602,304.27066416163,318.744710670295,342.147330132055,0.51967459007204,0.507117773602717,0.4903764779543,0.48878190018865,0.0308926898833894
0.675,f27c2278f5bdb77b,259.833824436155,304.2697738423,318.748160347989,342.148241373556,0.519667648872309,0.507116289737167,0.490381785150752,0.488783201962223,0.0308844469100861
0.68,f27c2278f5bdb77b,259.830336635157,304.268884737571,318.751628935496,342.149149691776,0.519660673270313,0.507114807895952,0.490387121439224,0.48878449955968,0.0308761737106329
0.685,f27c2278f5bdb77b,259.826831840118,304.267996838534,318.755116201699,342.150055119649,0.519653663680236,0.507113328064223,0.490392486464153,0.488785793028071,0.0308678706521651
0.69,f27c2278f5bdb77b,259.823310256044,304.267110136269,318.758621917693,342.150957689994,0.519646620512088,0.507111850227115,0.490397879873374,0.488787082414277,0.0308595380978108
0.695,f27c2278f5bdb77b,259.819772085874,304.266224621855,318.762145856763,342.151857435509,0.519639544171748,0.507110374369758,0.490403301318097,0.488788367765012,0.0308511764067352
0.7,f27c2278f5bdb77b,259.816217530502,304.265340286363,318.765687794361,342.152754388773,0.519632435061004,0.507108900477272,0.490408750452864,0.488789649126819,0.0308427859341848
0.705,f27c2278f5bdb77b,259.812646788798,304.264457120863,318.769247508092,342.153648582246,0.519625293577596,0.507107428534772,0.490414226935526,0.488790926546066,0.03083436703153
0.71,f27c2278f5bdb77b,259.809060057629,304.263575116421,318.772824777687,342.154540048264,0.519618120115258,0.507105958527368,0.49041973042721,0.488792200068948,0.0308259200463094
0.715,f27c2278f5bdb77b,259.805457531877,304.2626942641,318.776419384986,342.155428819037,0.519610915063753,0.507104490440166,0.490425260592287,0.488793469741481,0.0308174453222719
0.72,f27c2278f5bdb77b,259.801839404462,304.261814554964,318.780031113922,342.156314926653,0.519603678808923,0.507103024258273,0.490430817098341,0.488794735609504,0.0308089431994187
0.725,f27c2278f5bdb77b,259.79820586636,304.260935980076,318.783659750493,342.157198403072,0.519596411732719,0.507101559966793,0.490436399616143,0.488795997718674,0.0308004140140448
0.73,f27c2278f5bdb77b,259.794557106624,304.260058530499,318.78730508275,342.158079280127,0.519589114213248,0.507100097550832,0.490442007819615,0.488797256114467,0.0307918580987808
0.735,f27c2278f5bdb77b,259.790893312403,304.259182197301,318.790966900775,342.158957589521,0.519581786624805,0.507098636995502,0.490447641385808,0.488798510842173,0.0307832757826327
0.74,f27c2278f5bdb77b,259.78721466896,304.258306971549,318.794644996662,342.159833362828,0.51957442933792,0.507097178285916,0.490453299994865,0.488799761946897,0.0307746673910229
0.745,f27c2278f5bdb77b,259.783521359695,304.257432844315,318.798339164499,342.160706631491,0.519567042719389,0.507095721407192,0.490458983329998,0.488801009473559,0.0307660332458299
0.75,f27c2278f5bdb77b,259.779813566158,304.256559806674,318.802049200347,342.161577426821,0.519559627132315,0.507094266344457,0.490464691077457,0.488802253466888,0.0307573736654275
0.755,f27c2278f5bdb77b,259.776091468073,304.255687849707,318.805774902224,342.162445779996,0.519552182936146,0.507092813082845,0.490470422926499,0.488803493971423,0.0307486889647233
0.76,f27c2278f5bdb77b,259.772355243355,304.2548169645,318.809516070087,342.163311722058,0.51954471048671,0.507091361607499,0.490476178569365,0.488804731031512,0.0307399794551984
0.765,f27c2278f5bdb77b,259.768605068127,304.253947142145,318.813272505812,342.164175283917,0.519537210136253,0.507089911903574,0.490481957701249,0.488805964691309,0.030731245444944
0.77,f27c2278f5bdb77b,259.764841116739,304.253078373742,318.817044013176,342.165036496344,0.519529682233477,0.507088463956236,0.49048776002027,0.488807194994777,0.0307224872387
0.775,f27c2278f5bdb77b,259.761063561786,304.252210650398,318.82083039784,342.165895389976,0.519522127123572,0.507087017750663,0.490493585227446,0.48880842198568,0.030713705137892
0.78,f27c2278f5bdb77b,259.757272574127,304.251343963229,318.824631467333,342.16675199531,0.519514545148254,0.507085573272048,0.490499433026667,0.488809645707586,0.0307048994406681
0.785,f27c2278f5bdb77b,259.753468322901,304.25047830336,318.828447031032,342.167606342707,0.519506936645802,0.5070841305056,0.490505303124665,0.488810866203867,0.0306960704419349
0.79,f27c2278f5bdb77b,259.749650975544,304.249613661925,318.832276900145,342.168458462386,0.519499301951089,0.507082689436541,0.490511195230992,0.488812083517695,0.0306872184333939
0.795,f27c2278f5bdb77b,259.745820697809,304.248750030069,318.836120887694,342.169308384429,0.519491641395618,0.507081250050115,0.49051710905799,0.488813297692041,0.0306783437035771
0.8,f27c2278f5bdb77b,259.741977653779,304.247887398948,318.8399788085,342.170156138773,0.519483955307558,0.50707981233158,0.490523044320769,0.488814508769676,0.0306694465378823
0.805,f27c2278f5bdb77b,259.738122005888,304.24702575973,318.843850479163,342.171001755219,0.519476244011777,0.507078376266216,0.490529000737174,0.48881571679317,0.0306605272186069
0.81,f27c2278f5bdb77b,259.734253914936,304.246165103594,318.847735718049,342.171845263421,0.519468507829871,0.507076941839323,0.490534978027768,0.488816921804888,0.0306515860249834
0.815,f27c2278f5bdb77b,259.730373540103,304.245305421732,318.85163434527,342.172686692895,0.519460747080205,0.50707550903622,0.490540975915801,0.488818123846992,0.0306426232332129
0.82,f27c2278f5bdb77b,259.72648103897,304.244446705351,318.855546182669,342.173526073009,0.51945296207794,0.507074077842252,0.490546994127184,0.488819322961441,0.0306336391164992
0.825,f27c2278f5bdb77b,259.722576567534,304.243588945671,318.859471053805,342.174363432991,0.519445153135068,0.507072648242785,0.490553032390469,0.488820519189987,0.030624633945081
0.83,f27c2278f5bdb77b,259.71866028022,304.242732133925,318.863408783933,342.175198801922,0.51943732056044,0.507071220223208,0.49055909043682,0.488821712574174,0.0306156079862662
0.835,f27c2278f5bdb77b,259.714732329903,304.241876261362,318.867359199995,342.17603220874,0.519429464659806,0.507069793768937,0.490565167999993,0.488822903155343,0.0306065615044628
0.84,f27c2278f5bdb77b,259.710792867919,304.241021319247,318.871322130597,342.176863682237,0.519421585735837,0.507068368865411,0.490571264816304,0.488824090974624,0.0305974947612127
0.845,f27c2278f5bdb77b,259.706842044082,304.24016729886,318.875297405999,342.177693251059,0.519413684088164,0.5070669454981,0.490577380624614,0.488825276072942,0.0305884080152222
0.85,f27c2278f5bdb77b,259.702880006701,304.239314191498,318.879284858095,342.178520943706,0.519405760013402,0.507065523652496,0.4905835151663,0.488826458491008,0.0305793015223937
0.855,f27c2278f5bdb77b,259.698906902594,304.238461988474,318.883284320402,342.179346788531,0.519397813805187,0.507064103314124,0.490589668185233,0.48882763826933,0.0305701755358576
0.86,f27c2278f5bdb77b,259.694922877101,304.23761068112,318.887295628039,342.18017081374,0.519389845754201,0.507062684468533,0.490595839427753,0.4888288154482,0.0305610303060016
0.865,f27c2278f5bdb77b,259.690928074103,304.236760260784,318.891318617721,342.180993047392,0.519381856148206,0.507061267101307,0.490602028642648,0.488829990067703,0.0305518660805026
0.87,f27c2278f5bdb77b,259.686922636034,304.235910718833,318.895353127734,342.181813517398,0.519373845272067,0.507059851198056,0.49060823558113,0.488831162167712,0.0305426831043553
0.875,f27c2278f5bdb77b,259.682906703896,304.235062046653,318.899398997929,342.182632251522,0.519365813407792,0.507058436744422,0.490614459996813,0.488832331787889,0.0305334816199029
0.88,f27c2278f5bdb77b,259.678880417274,304.234214235649,318.903456069699,342.183449277378,0.519357760834549,0.507057023726081,0.490620701645691,0.488833498967682,0.0305242618668663
0.885,f27c2278f5bdb77b,259.674843914351,304.233367277244,318.907524185974,342.184264622431,0.519349687828703,0.50705561212874,0.490626960286113,0.48883466374633,0.0305150240823725
0.89,f27c2278f5bdb77b,259.670797331921,304.232521162882,318.911603191197,342.185078314,0.519341594663842,0.507054201938136,0.490633235678765,0.488835826162857,0.0305057685009843
0.895,f27c2278f5bdb77b,259.666740805402,304.231675884028,318.915692931318,342.185890379253,0.519333481610803,0.507052793140046,0.490639527586643,0.488836986256076,0.0304964953547275
0.9,f27c2278f5bdb77b,259.662674468852,304.230831432165,318.919793253774,342.186700845208,0.519325348937704,0.507051385720276,0.490645835775038,0.488838144064583,0.0304872048731204
0.905,f27c2278f5bdb77b,259.658598454983,304.229987798801,318.92390400748,342.187509738736,0.519317196909966,0.507049979664668,0.490652160011508,0.488839299626766,0.0304778972832001
0.91,f27c2278f5bdb77b,259.654512895173,304.229144975461,318.928025042811,342.188317086556,0.519309025790345,0.507048574959102,0.490658500065862,0.488840452980794,0.0304685728095507
0.915,f27c2278f5bdb77b,259.650417919479,304.228302953694,318.932156211589,342.189122915238,0.519300835838957,0.507047171589491,0.490664855710137,0.488841604164626,0.030459231674331
0.92,f27c2278f5bdb77b,259.646313656652,304.227461725072,318.936297367073,342.189927251203,0.519292627313305,0.507045769541786,0.490671226718573,0.488842753216005,0.0304498740972997
0.925,f27c2278f5bdb77b,259.642200234152,304.226621281185,318.940448363941,342.190730120722,0.519284400468303,0.507044368801975,0.490677612867602,0.48884390017246,0.0304405002958434
0.93,f27c2278f5bdb77b,259.638077778154,304.22578161365,318.944609058281,342.191531549914,0.519276155556308,0.507042969356084,0.490684013935818,0.488845045071306,0.0304311104850025
0.935,f27c2278f5bdb77b,259.633946413569,304.224942714106,318.948779307575,342.19233156475,0.519267892827139,0.507041571190177,0.490690429703961,0.488846187949643,0.0304217048774961
0.94,f27c2278f5bdb77b,259.629806264053,304.224104574213,318.952958970684,342.19313019105,0.519259612528106,0.507040174290355,0.490696859954898,0.488847328844357,0.0304122836837494
0.945,f27c2278f5bdb77b,259.625657452019,304.223267185656,318.957147907841,342.193927454484,0.519251314904038,0.50703877864276,0.490703304473602,0.48884846779212,0.0304028471119178
0.95,f27c2278f5bdb77b,259.62150009865,304.222430540144,318.961345980634,342.194723380571,0.5192430001973,0.507037384233574,0.49070976304713,0.488849604829388,0.0303933953679119
0.955,f27c2278f5bdb77b,259.617334323913,304.22159462941,318.965553051995,342.195517994682,0.519234668647826,0.507035991049017,0.490716235464607,0.488850739992403,0.0303839286554229
0.96,f27c2278f5bdb77b,259.61316024657,304.220759445211,318.969768986184,342.196311322035,0.51922632049314,0.507034599075352,0.490722721517205,0.488851873317193,0.0303744471759472
0.965,f27c2278f5bdb77b,259.608977984191,304.219924979328,318.973993648782,342.1971033877,0.519217955968381,0.507033208298879,0.490729220998125,0.488853004839571,0.03036495112881
0.97,f27c2278f5bdb77b,259.604787653163,304.219091223567,318.978226906675,342.197894216596,0.519209575306326,0.507031818705944,0.490735733702577,0.488854134595137,0.0303554407111893
0.975,f27c2278f5bdb77b,259.600589368707,304.218258169759,318.982468628043,342.198683833491,0.519201178737413,0.507030430282932,0.490742259427759,0.488855262619273,0.0303459161181402
0.98,f27c2278f5bdb77b,259.596383244884,304.217425809762,318.986718682349,342.199472263006,0.519192766489768,0.507029043016269,0.490748797972844,0.488856388947151,0.0303363775426176
0.985,f27c2278f5bdb77b,259.592169394613,304.216594135456,318.990976940322,342.200259529608,0.519184338789226,0.507027656892427,0.490755349138958,0.488857513613726,0.0303268251755004
0.99,f27c2278f5bdb77b,259.587947929677,304.21576313875,318.995243273954,342.201045657619,0.519175895859354,0.507026271897917,0.49076191272916,0.488858636653741,0.0303172592056129
0.995,f27c2278f5bdb77b,259.583718960736,304.214932811577,318.999517556479,342.201830671207,0.519167437921473,0.507024888019295,0.49076848854843,0.488859758101724,0.0303076798197484
1,f27c2278f5bdb77b,259.579482597341,304.214103145897,319.003799662368,342.202614594394,0.519158965194683,0.507023505243162,0.490775076403643,0.488860877991991,0.0302980872026919
1.005,f27c2278f5bdb77b,259.575238947942,304.213274133695,319.008089467313,342.20339745105,0.519150477895883,0.507022123556159,0.490781676103559,0.488861996358642,0.0302884815372411
1.01,f27c2278f5bdb77b,259.570988119898,304.212445766985,319.01238684822,342.204179264897,0.519141976239797,0.507020742944974,0.4907882874588,0.488863113235567,0.0302788630042296
1.015,f27c2278f5bdb77b,259.566730219494,304.211618037804,319.016691683193,342.204960059509,0.519133460438988,0.50701936339634,0.490794910281836,0.488864228656441,0.0302692317825471
1.02,f27c2278f5bdb77b,259.562465351945,304.210790938219,319.021003851527,342.205739858309,0.51912493070389,0.507017984897032,0.490801544386965,0.488865342654727,0.0302595880491625
1.025,f27c2278f5bdb77b,259.55819362141,304.209964460323,319.025323233694,342.206518684574,0.51911638724282,0.507016607433871,0.490808189590298,0.488866455263677,0.0302499319791431
1.03,f27c2278f5bdb77b,259.553915131003,304.209138596235,319.029649711332,342.20729656143,0.519107830262006,0.507015230993725,0.490814845709742,0.488867566516328,0.0302402637456772
1.035,f27c2278f5bdb77b,259.549629982802,304.208313338103,319.033983167238,342.208073511857,0.519099259965604,0.507013855563506,0.490821512564981,0.48886867644551,0.030230583520094
1.04,f27c2278f5bdb77b,259.54533827786,304.207488678103,319.038323485351,342.208849558686,0.519090676555721,0.507012481130171,0.490828189977463,0.488869785083837,0.0302208914718838
1.045,f27c2278f5bdb77b,259.541040116217,304.206664608435,319.042670550748,342.2096247246,0.519082080232434,0.507011107680725,0.490834877770381,0.488870892463715,0.0302111877687193
1.05,f27c2278f5bdb77b,259.536735596906,304.205841121331,319.047024249627,342.210399032136,0.519073471193812,0.507009735202218,0.490841575768657,0.488871998617338,0.0302014725764739
1.055,f27c2278f5bdb77b,259.532424817967,304.205018209048,319.051384469302,342.211172503683,0.519064849635934,0.507008363681747,0.490848283798926,0.48887310357669,0.0301917460592434
1.06,f27c2278f5bdb77b,259.528107876455,304.204195863874,319.055751098188,342.211945161483,0.519056215752911,0.507006993106456,0.49085500168952,0.488874207373547,0.0301820083793636
1.065,f27c2278f5bdb77b,259.523784868452,304.203374078121,319.060124025796,342.212717027631,0.519047569736905,0.507005623463534,0.490861729270455,0.488875310039473,0.0301722596974315
1.07,f27c2278f5bdb77b,259.519455889074,304.202552844132,319.064503142716,342.213488124078,0.519038911778148,0.507004254740221,0.490868466373409,0.488876411605826,0.0301625001723227
1.075,f27c2278f5bdb77b,259.515121032481,304.20173215428,319.068888340613,342.214258472626,0.519030242064963,0.507002886923799,0.490875212831712,0.488877512103751,0.0301527299612117
1.08,f27c2278f5bdb77b,259.51078039189,304.200912000962,319.073279512215,342.215028094933,0.51902156078378,0.507001520001603,0.490881968480331,0.48887861156419,0.0301429492195896
1.085,f27c2278f5bdb77b,259.506434059579,304.200092376607,319.077676551302,342.215797012512,0.519012868119158,0.507000153961012,0.490888733155849,0.488879710017875,0.0301331581012831
1.09,f27c2278f5bdb77b,259.502082126901,304.199273273672,319.082079352695,342.216565246731,0.519004164253802,0.506998788789454,0.490895506696455,0.48888080749533,0.0301233567584722
1.095,f27c2278f5bdb77b,259.497724684292,304.198454684643,319.086487812253,342.217332818812,0.518995449368584,0.506997424474405,0.490902288941928,0.488881904026874,0.0301135453417096
1.1,f27c2278f5bdb77b,259.493361821278,304.197636602034,319.090901826853,342.218099749834,0.518986723642557,0.506996061003389,0.490909079733621,0.488882999642621,0.0301037239999362
1.105,f27c2278f5bdb77b,259.488993626489,304.196819018388,319.095321294391,342.218866060733,0.518977987252977,0.506994698363979,0.490915878914448,0.488884094372476,0.0300938928805015
1.11,f27c2278f5bdb77b,259.48462018766,304.196001926277,319.099746113764,342.219631772299,0.51896924037532,0.506993336543796,0.490922686328868,0.488885188246141,0.0300840521291788
1.115,f27c2278f5bdb77b,259.480241591649,304.195185318305,319.104176184866,342.22039690518,0.518960483183298,0.506991975530508,0.490929501822871,0.488886281293114,0.0300742018901838
1.12,f27c2278f5bdb77b,259.47585792444,304.194369187101,319.108611408577,342.221161479883,0.51895171584888,0.506990615311835,0.490936325243964,0.488887373542689,0.0300643423061908
1.125,f27c2278f5bdb77b,259.471469271153,304.193553525326,319.113051686752,342.221925516769,0.518942938542306,0.506989255875543,0.490943156441157,0.488888465023956,0.0300544735183507
1.13,f27c2278f5bdb77b,259.467075716054,304.192738325669,319.117496922217,342.222689036061,0.518934151432107,0.506987897209448,0.490949995264949,0.488889555765801,0.0300445956663062
1.135,f27c2278f5bdb77b,259.46267734256,304.191923580849,319.121947018754,342.223452057837,0.51892535468512,0.506986539301415,0.490956841567313,0.488890645796911,0.0300347088882096
1.14,f27c2278f5bdb77b,259.458274233253,304.191109283615,319.126401881095,342.224214602037,0.518916548466506,0.506985182139358,0.490963695201684,0.488891735145768,0.0300248133207384
1.145,f27c2278f5bdb77b,259.453866469883,304.190295426745,319.130861414914,342.224976688458,0.518907732939766,0.506983825711241,0.490970556022944,0.488892823840655,0.0300149090991116
1.15,f27c2278f5bdb77b,259.44945413338,304.189482003046,319.135325526817,342.225738336758,0.51889890826676,0.506982470005076,0.49097742388741,0.488893911909654,0.0300049963571055
1.155,f27c2278f5bdb77b,259.445037303859,304.188669005355,319.139794124332,342.226499566454,0.518890074607718,0.506981115008926,0.490984298652819,0.488894999380648,0.02999507522707
1.16,f27c2278f5bdb77b,259.440616060631,304.187856426541,319.144267115904,342.227260396924,0.518881232121263,0.506979760710901,0.490991180178314,0.48889608628132,0.0299851458399435
1.165,f27c2278f5bdb77b,259.436190482211,304.187044259498,319.148744410884,342.228020847407,0.518872380964422,0.506978407099163,0.490998068324436,0.488897172639154,0.0299752083252687
1.17,f27c2278f5bdb77b,259.431760646322,304.186232497154,319.153225919518,342.228780937006,0.518863521292645,0.506977054161923,0.491004962953105,0.488898258481437,0.0299652628112078
1.175,f27c2278f5bdb77b,259.427326629908,304.185421132464,319.157711552946,342.229540684681,0.518854653259817,0.50697570188744,0.491011863927609,0.488899343835259,0.0299553094245573
1.18,f27c2278f5bdb77b,259.422888509139,304.184610158416,319.162201223186,342.230300109259,0.518845777018277,0.506974350264026,0.491018771112594,0.488900428727513,0.0299453482907637
1.185,f27c2278f5bdb77b,259.418446359417,304.183799568024,319.166694843131,342.231059229428,0.518836892718834,0.50697299928004,0.491025684374048,0.488901513184897,0.0299353795339371
1.19,f27c2278f5bdb77b,259.414000255389,304.182989354335,319.171192326538,342.231818063738,0.518828000510778,0.506971648923891,0.491032603579289,0.488902597233912,0.0299254032768667
1.195,f27c2278f5bdb77b,259.40955027095,304.182179510424,319.17569358802,342.232576630606,0.5188191005419,0.506970299184039,0.491039528596955,0.488903680900866,0.0299154196410344
1.2,f27c2278f5bdb77b,259.405096479251,304.181370029397,319.180198543042,342.23333494831,0.518810192958502,0.506968950048994,0.491046459296988,0.488904764211872,0.0299054287466302
1.205,f27c2278f5bdb77b,259.400638952708,304.180560904389,319.184707107907,342.234093034996,0.518801277905416,0.506967601507315,0.491053395550626,0.488905847192851,0.0298954307125648
1.21,f27c2278f5bdb77b,259.396177763009,304.179752128566,319.189219199752,342.234850908673,0.518792355526017,0.506966253547611,0.491060337230388,0.488906929869532,0.0298854256564849
1.215,f27c2278f5bdb77b,259.391712981119,304.178943695125,319.193734736541,342.235608587216,0.518783425962238,0.506964906158541,0.491067284210062,0.488908012267451,0.0298754136947861
1.22,f27c2278f5bdb77b,259.38724467729,304.178135597289,319.198253637053,342.236366088368,0.518774489354581,0.506963559328815,0.491074236364697,0.488909094411954,0.0298653949426269
1.225,f27c2278f5bdb77b,259.382772921069,304.177327828315,319.20277582088,342.237123429737,0.518765545842137,0.506962213047191,0.491081193570584,0.488910176328195,0.0298553695139417
1.23,f27c2278f5bdb77b,259.378297781298,304.176520381488,319.207301208415,342.237880628799,0.518756595562596,0.50696086730248,0.491088155705254,0.488911258041142,0.0298453375214549
1.235,f27c2278f5bdb77b,259.373819326131,304.175713250124,319.211829720846,342.238637702898,0.518747638652263,0.506959522083539,0.491095122647456,0.488912339575569,0.0298352990766936
1.24,f27c2278f5bdb77b,259.369337623034,304.174906427568,319.216361280151,342.239394669247,0.518738675246068,0.50695817737928,0.491102094277156,0.488913420956067,0.0298252542900005
1.245,f27c2278f5bdb77b,259.364852738792,304.174099907195,319.220895809086,342.240151544926,0.518729705477585,0.506956833178659,0.491109070475517,0.488914502207038,0.0298152032705468
1.25,f27c2278f5bdb77b,259.36036473952,304.173293682413,319.22543323118,342.240908346887,0.518720729479041,0.506955489470688,0.491116051124893,0.488915583352695,0.0298051461263453
1.255,f27c2278f5bdb77b,259.355873690666,304.172487746654,319.229973470731,342.241665091949,0.518711747381332,0.506954146244424,0.491123036108817,0.48891666441707,0.0297950829642624
1.26,f27c2278f5bdb77b,259.351379657018,304.171682093386,319.234516452792,342.242421796803,0.518702759314036,0.506952803488977,0.491130025311988,0.488917745424005,0.0297850138900315
1.265,f27c2278f5bdb77b,259.346882702712,304.170876716104,319.239062103171,342.243178478012,0.518693765405424,0.506951461193507,0.491137018620264,0.48891882639716,0.0297749390082636
1.27,f27c2278f5bdb77b,259.342382891238,304.170071608333,319.24361034842,342.243935152009,0.518684765782475,0.506950119347222,0.491144015920646,0.488919907360013,0.0297648584224618
1.275,f27c2278f5bdb77b,259.337880285444,304.169266763628,319.248161115828,342.2446918351,0.518675760570888,0.50694877793938,0.491151017101273,0.488920988335857,0.0297547722350312
1.28,f27c2278f5bdb77b,259.333374947548,304.168462175575,319.252714333414,342.245448543463,0.518666749895096,0.506947436959292,0.491158022051407,0.488922069347804,0.029744680547292
1.285,f27c2278f5bdb77b,259.328866939137,304.167657837789,319.257269929926,342.246205293149,0.518657733878274,0.506946096396314,0.491165030661424,0.488923150418784,0.0297345834594908
1.29,f27c2278f5bdb77b,259.32435632118,304.166853743914,319.261827834824,342.246962100083,0.518648712642359,0.506944756239857,0.491172042822805,0.488924231571547,0.0297244810708124
1.295,f27c2278f5bdb77b,259.319843154028,304.166049887626,319.266387978281,342.247718980065,0.518639686308055,0.506943416479377,0.491179058428125,0.488925312828664,0.0297143734793914
1.3,f27c2278f5bdb77b,259.315327497425,304.165246262629,319.270950291177,342.248475948769,0.51863065499485,0.506942077104382,0.491186077371041,0.488926394212527,0.0297042607823233
1.305,f27c2278f5bdb77b,259.310809410512,304.164442862659,319.275514705084,342.249233021744,0.518621618821025,0.506940738104431,0.491193099546284,0.488927475745349,0.0296941430756759
1.31,f27c2278f5bdb77b,259.306288951834,304.163639681478,319.280081152271,342.249990214417,0.518612577903667,0.50693939946913,0.491200124849648,0.488928557449167,0.0296840204545003
1.315,f27c2278f5bdb77b,259.301766179342,304.162836712882,319.284649565688,342.250747542089,0.518603532358683,0.506938061188136,0.491207153177982,0.488929639345841,0.0296738930128421
1.32,f27c2278f5bdb77b,259.297241150404,304.162033950693,319.289219878965,342.251505019939,0.518594482300807,0.506936723251155,0.491214184429176,0.488930721457055,0.0296637608437523
1.325,f27c2278f5bdb77b,259.292713921808,304.161231388766,319.293792026403,342.252262663023,0.518585427843617,0.506935385647943,0.491221218502158,0.488931803804319,0.0296536240392979
1.33,f27c2278f5bdb77b,259.28818454977,304.160429020983,319.29836594297,342.253020486277,0.51857636909954,0.506934048368305,0.491228255296877,0.488932886408968,0.0296434826905722
1.335,f27c2278f5bdb77b,259.283653089935,304.159626841257,319.302941564293,342.253778504515,0.51856730617987,0.506932711402095,0.491235294714297,0.488933969292164,0.0296333368877061
1.34,f27c2278f5bdb77b,259.279119597388,304.15882484353,319.307518826654,342.254536732429,0.518558239194776,0.506931374739217,0.49124233665639,0.488935052474898,0.0296231867198777
1.345,f27c2278f5bdb77b,259.274584126655,304.158023021774,319.312097666979,342.255295184591,0.518549168253311,0.506930038369624,0.491249381026122,0.488936135977987,0.0296130322753232
1.35,f27c2278f5bdb77b,259.270046731713,304.157221369991,319.31667802284,342.256053875456,0.518540093463427,0.506928702283318,0.491256427727447,0.48893721982208,0.0296028736413469
1.355,f27c2278f5bdb77b,259.265507465992,304.15641988221,319.321259832442,342.256812819357,0.518531014931984,0.50692736647035,0.491263476665295,0.488938304027653,0.0295927109043309
1.36,f27c2278f5bdb77b,259.26096638238,304.155618552492,319.325843034618,342.25757203051,0.51852193276476,0.50692603092082,0.491270527745566,0.488939388615014,0.0295825441497454
1.365,f27c2278f5bdb77b,259.256423533232,304.154817374927,319.330427568828,342.258331523013,0.518512847066463,0.506924695624878,0.49127758087512,0.488940473604305,0.0295723734621584
1.37,f27c2278f5bdb77b,259.251878970371,304.154016343633,319.335013375149,342.259091310848,0.518503757940742,0.506923360572721,0.491284635961767,0.488941559015497,0.0295621989252455
1.375,f27c2278f5bdb77b,259.247332745097,304.153215452758,319.339600394268,342.259851407877,0.518494665490195,0.506922025754596,0.491291692914258,0.488942644868396,0.0295520206217994
1.38,f27c2278f5bdb77b,259.24278490819,304.152414696479,319.344188567481,342.260611827849,0.518485569816381,0.506920691160799,0.491298751642279,0.488943731182641,0.0295418386337395
1.385,f27c2278f5bdb77b,259.238235509915,304.151614069004,319.348777836685,342.261372584396,0.518476471019831,0.506919356781673,0.491305812056438,0.488944817977709,0.0295316530421216
1.39,f27c2278f5bdb77b,259.233684600028,304.150813564566,319.35336814437,342.262133691036,0.518467369200055,0.506918022607611,0.491312874068261,0.488945905272909,0.0295214639271461
1.395,f27c2278f5bdb77b,259.229132227779,304.150013177432,319.357959433618,342.262895161172,0.518458264455557,0.506916688629053,0.491319937590181,0.488946993087388,0.0295112713681686
1.4,f27c2278f5bdb77b,259.22457844192,304.149212901894,319.362551648093,342.263657008092,0.51844915688384,0.50691535483649,0.491327002535528,0.488948081440132,0.0295010754437082
1.405,f27c2278f5bdb77b,259.220023290709,304.148412732275,319.367144732041,342.264419244974,0.518440046581419,0.506914021220459,0.491334068818525,0.488949170349963,0.0294908762314563
1.41,f27c2278f5bdb77b,259.215466821914,304.147612662927,319.371738630279,342.26518188488,0.518430933643829,0.506912687771546,0.491341136354275,0.488950259835542,0.0294806738082862
1.415,f27c2278f5bdb77b,259.210909082817,304.14681268823,319.376333288192,342.265944940761,0.518421818165634,0.506911354480383,0.491348205058757,0.488951349915373,0.0294704682502616
1.42,f27c2278f5bdb77b,259.20635012022,304.146012802593,319.38092865173,342.266708425457,0.518412700240441,0.506910021337654,0.491355274848815,0.488952440607796,0.0294602596326447
1.425,f27c2278f5bdb77b,259.201789980451,304.145213000453,319.385524667398,342.267472351698,0.518403579960903,0.506908688334088,0.49136234564215,0.488953531930997,0.0294500480299053
1.43,f27c2278f5bdb77b,259.197228709366,304.144413276277,319.390121282255,342.268236732102,0.518394457418732,0.506907355460463,0.491369417357315,0.488954623903002,0.02943983351573
1.435,f27c2278f5bdb77b,259.192666352355,304.143613624561,319.394718443907,342.269001579176,0.51838533270471,0.506906022707602,0.491376489913703,0.488955716541681,0.0294296161630291
1.44,f27c2278f5bdb77b,259.188102954346,304.142814039828,319.399316100503,342.269766905322,0.518376205908693,0.506904690066381,0.491383563231543,0.488956809864746,0.0294193960439463
1.445,f27c2278f5bdb77b,259.183538559812,304.14201451663,319.403914200727,342.270532722831,0.518367077119624,0.506903357527717,0.491390637231888,0.488957903889758,0.0294091732298656
1.45,f27c2278f5bdb77b,259.17897321277,304.141215049548,319.408512693798,342.271299043884,0.518357946425541,0.50690202508258,0.491397711836612,0.48895899863412,0.029398947791421
1.455,f27c2278f5bdb77b,259.174406956793,304.14041563319,319.413111529459,342.272065880558,0.518348813913586,0.506900692721984,0.491404786968399,0.488960094115083,0.029388719798503
1.46,f27c2278f5bdb77b,259.169839835006,304.139616262194,319.417710657978,342.272833244821,0.518339679670012,0.506899360436991,0.491411862550736,0.488961190349745,0.0293784893202676
1.465,f27c2278f5bdb77b,259.165271890098,304.138816931226,319.42231003014,342.273601148536,0.518330543780195,0.50689802821871,0.491418938507908,0.488962287355052,0.0293682564251437
1.47,f27c2278f5bdb77b,259.16070316432,304.138017634978,319.426909597242,342.27436960346,0.518321406328641,0.506896696058297,0.491426014764987,0.4889633851478,0.0293580211808408
1.475,f27c2278f5bdb77b,259.156133699495,304.137218368173,319.431509311088,342.275138621243,0.518312267398991,0.506895363946956,0.491433091247827,0.488964483744634,0.0293477836543571
1.48,f27c2278f5bdb77b,259.151563537018,304.136419125561,319.436109123987,342.275908213434,0.518303127074036,0.506894031875935,0.491440167883057,0.488965583162049,0.0293375439119868
1.485,f27c2278f5bdb77b,259.14699271786,304.135619901919,319.440708988746,342.276678391475,0.51829398543572,0.506892699836532,0.49144724459807,0.488966683416393,0.0293273020193274
1.49,f27c2278f5bdb77b,259.142421282577,304.134820692053,319.445308858665,342.277449166706,0.518284842565154,0.506891367820088,0.491454321321023,0.488967784523866,0.0293170580412879
1.495,f27c2278f5bdb77b,259.137849271307,304.134021490796,319.449908687534,342.278220550363,0.518275698542614,0.506890035817993,0.491461397980821,0.488968886500519,0.0293068120420951
1.5,f27c2278f5bdb77b,259.133276723781,304.13322229301,319.454508429627,342.278992553582,0.518266553447562,0.506888703821683,0.491468474507119,0.48896998936226,0.0292965640853019
1.505,f27c2278f5bdb77b,259.128703679322,304.132423093583,319.4591080397,342.279765187395,0.518257407358644,0.506887371822638,0.491475550830308,0.48897109312485,0.0292863142337936
1.51,f27c2278f5bdb77b,259.124130176851,304.131623887432,319.463707472982,342.280538462734,0.518248260353702,0.506886039812387,0.491482626881512,0.488972197803906,0.0292760625497958
1.515,f27c2278f5bdb77b,259.119556254891,304.130824669502,319.468306685176,342.28131239043,0.518239112509782,0.506884707782504,0.491489702592579,0.488973303414901,0.029265809094881
1.52,f27c2278f5bdb77b,259.11498195157,304.130025434764,319.47290563245,342.282086981216,0.51822996390314,0.506883375724607,0.491496777896077,0.488974409973165,0.029255553929975
1.525,f27c2278f5bdb77b,259.110407304626,304.129226178217,319.477504271436,342.282862245721,0.518220814609253,0.506882043630361,0.491503852725286,0.488975517493887,0.0292452971153654
1.53,f27c2278f5bdb77b,259.105832351411,304.128426894887,319.482102559222,342.283638194481,0.518211664702822,0.506880711491478,0.491510927014187,0.488976625992115,0.0292350387107067
1.535,f27c2278f5bdb77b,259.101257128892,304.127627579828,319.486700453352,342.284414837929,0.518202514257783,0.506879379299713,0.491518000697464,0.488977735482755,0.0292247787750278
1.54,f27c2278f5bdb77b,259.096681673657,304.12682822812,319.49129791182,342.285192186403,0.518193363347314,0.506878047046867,0.491525073710492,0.488978845980576,0.0292145173667386
1.545,f27c2278f5bdb77b,259.092106021921,304.126028834873,319.495894893064,342.285970250143,0.518184212043841,0.506876714724788,0.491532145989329,0.488979957500204,0.0292042545436368
1.55,f27c2278f5bdb77b,259.087530209523,304.12522939522,319.500491355964,342.286749039293,0.518175060419046,0.506875382325366,0.491539217470715,0.488981070056132,0.0291939903629138
1.555,f27c2278f5bdb77b,259.082954271937,304.124429904324,319.50508725984,342.287528563899,0.518165908543875,0.506874049840539,0.491546288092061,0.488982183662713,0.0291837248811616
1.56,f27c2278f5bdb77b,259.078378244272,304.123630357373,319.50968256444,342.288308833915,0.518156756488544,0.506872717262288,0.491553357791446,0.488983298334165,0.0291734581543791
1.565,f27c2278f5bdb77b,259.073802161273,304.122830749583,319.514277229946,342.289089859198,0.518147604322547,0.506871384582638,0.491560426507609,0.488984414084568,0.0291631902379783
1.57,f27c2278f5bdb77b,259.069226057331,304.122031076197,319.518871216962,342.28987164951,0.518138452114662,0.506870051793662,0.491567494179941,0.488985530927872,0.0291529211867906
1.575,f27c2278f5bdb77b,259.06464996648,304.121231332483,319.523464486515,342.290654214521,0.51812929993296,0.506868718887472,0.491574560748485,0.488986648877887,0.0291426510550728
1.58,f27c2278f5bdb77b,259.060073922405,304.120431513738,319.52805700005,342.291437563807,0.518120147844809,0.50686738585623,0.491581626153923,0.488987767948296,0.0291323798965133
1.585,f27c2278f5bdb77b,259.055497958441,304.119631615283,319.532648719424,342.292221706851,0.518110995916883,0.506866052692139,0.491588690337575,0.488988888152645,0.0291221077642382
1.59,f27c2278f5bdb77b,259.050922107584,304.118831632468,319.537239606903,342.293006653045,0.518101844215168,0.506864719387447,0.491595753241389,0.488990009504351,0.0291118347108172
1.595,f27c2278f5bdb77b,259.046346402484,304.118031560666,319.54182962516,342.293792411689,0.518092692804968,0.506863385934444,0.491602814807939,0.488991132016699,0.0291015607882695
1.6,f27c2278f5bdb77b,259.041770875457,304.11723139528,319.546418737271,342.294578991992,0.518083541750915,0.506862052325467,0.491609874980417,0.488992255702845,0.0290912860480694
1.605,f27c2278f5bdb77b,259.037195558484,304.116431131737,319.551006906708,342.295366403071,0.518074391116968,0.506860718552895,0.491616933702627,0.488993380575816,0.0290810105411523
1.61,f27c2278f5bdb77b,259.032620483215,304.11563076549,319.555594097339,342.296154653956,0.518065240966429,0.50685938460915,0.491623990918983,0.488994506648509,0.0290707343179202
1.615,f27c2278f5bdb77b,259.028045680972,304.114830292019,319.560180273422,342.296943753587,0.518056091361943,0.506858050486699,0.491631046574496,0.488995633933695,0.0290604574282481
1.62,f27c2278f5bdb77b,259.023471182753,304.11402970683,319.564765399604,342.297733710813,0.518046942365506,0.506856716178051,0.491638100614775,0.488996762444018,0.0290501799214882
1.625,f27c2278f5bdb77b,259.018897019236,304.113229005455,319.569349440913,342.298524534397,0.518037794038472,0.506855381675758,0.49164515298602,0.488997892191995,0.0290399018464764
1.63,f27c2278f5bdb77b,259.014323220778,304.112428183449,319.573932362759,342.299316233014,0.518028646441557,0.506854046972416,0.491652203635014,0.488999023190019,0.0290296232515374
1.635,f27c2278f5bdb77b,259.009749817424,304.111627236398,319.578514130927,342.300108815251,0.518019499634849,0.506852712060663,0.491659252509119,0.489000155450358,0.0290193441844908
1.64,f27c2278f5bdb77b,259.005176838905,304.110826159908,319.583094711577,342.300902289609,0.518010353677811,0.50685137693318,0.491666299556273,0.489001288985156,0.0290090646926547
1.645,f27c2278f5bdb77b,259.000604314644,304.110024949615,319.587674071237,342.301696664504,0.518001208629287,0.506850041582692,0.491673344724981,0.489002423806434,0.0289987848228532
1.65,f27c2278f5bdb77b,258.996032273756,304.109223601179,319.592252176802,342.302491948264,0.517992064547511,0.506848706001965,0.49168038796431,0.489003559926091,0.0289885046214197
1.655,f27c2278f5bdb77b,258.991460745055,304.108422110284,319.596828995527,342.303288149134,0.517982921490109,0.506847370183806,0.491687429223888,0.489004697355906,0.0289782241342034
1.66,f27c2278f5bdb77b,258.986889757054,304.107620472641,319.60140449503,342.304085275275,0.517973779514109,0.506846034121068,0.491694468453893,0.489005836107535,0.0289679434065734
1.665,f27c2278f5bdb77b,258.98231933797,304.106818683986,319.605978643283,342.304883334761,0.51796463867594,0.506844697806643,0.491701505605051,0.489006976192516,0.0289576624834247
1.67,f27c2278f5bdb77b,258.977749515724,304.106016740079,319.61055140861,342.305682335586,0.517955499031448,0.506843361233466,0.491708540628631,0.489008117622266,0.028947381409182
1.675,f27c2278f5bdb77b,258.973180317946,304.105214636708,319.615122759686,342.30648228566,0.517946360635892,0.506842024394513,0.49171557347644,0.489009260408086,0.0289371002278061
1.68,f27c2278f5bdb77b,258.968611771977,304.104412369682,319.61969266553,342.30728319281,0.517937223543955,0.506840687282804,0.491722604100816,0.489010404561157,0.0289268189827975
1.685,f27c2278f5bdb77b,258.964043904874,304.103609934839,319.624261095506,342.308085064782,0.517928087809747,0.506839349891398,0.491729632454625,0.489011550092545,0.028916537717202
1.69,f27c2278f5bdb77b,258.959476743407,304.102807328037,319.628828019316,342.30888790924,0.517918953486814,0.506838012213396,0.491736658491255,0.489012697013199,0.0289062564736148
1.695,f27c2278f5bdb77b,258.95491031407,304.102004545165,319.633393406998,342.309691733768,0.51790982062814,0.506836674241941,0.491743682164612,0.489013845333954,0.028895975294186
1.7,f27c2278f5bdb77b,258.950344643076,304.101201582131,319.637957228925,342.310496545869,0.517900689286152,0.506835335970218,0.491750703429115,0.489014995065527,0.0288856942206248
1.705,f27c2278f5bdb77b,258.945779756364,304.10039843487,319.642519455799,342.311302352967,0.517891559512729,0.50683399739145,0.49175772223969,0.489016146218524,0.0288754132942044
1.71,f27c2278f5bdb77b,258.941215679602,304.099595099342,319.647080058649,342.312109162407,0.517882431359204,0.506832658498904,0.491764738551767,0.489017298803438,0.0288651325557657
1.715,f27c2278f5bdb77b,258.936652438186,304.098791571531,319.651639008829,342.312916981454,0.517873304876372,0.506831319285886,0.491771752321275,0.489018452830649,0.0288548520457234
1.72,f27c2278f5bdb77b,258.932090057246,304.097987847446,319.656196278012,342.313725817296,0.517864180114492,0.506829979745743,0.491778763504634,0.489019608310423,0.0288445718040689
1.725,f27c2278f5bdb77b,258.927528561647,304.097183923117,319.660751838192,342.314535677043,0.517855057123295,0.506828639871862,0.491785772058757,0.489020765252919,0.0288342918703757
1.73,f27c2278f5bdb77b,258.922967975993,304.096379794603,319.665305661675,342.315346567728,0.517845935951987,0.506827299657672,0.491792777941038,0.489021923668183,0.0288240122838032
1.735,f27c2278f5bdb77b,258.918408324627,304.095575457985,319.669857721081,342.316158496307,0.517836816649255,0.506825959096641,0.491799781109355,0.489023083566153,0.0288137330831016
1.74,f27c2278f5bdb77b,258.913849631636,304.094770909366,319.674407989337,342.31697146966,0.517827699263273,0.506824618182277,0.491806781522057,0.489024244956657,0.0288034543066157
1.745,f27c2278f5bdb77b,258.909291920853,304.093966144876,319.67895643968,342.317785494591,0.517818583841705,0.506823276908127,0.491813779137969,0.489025407849416,0.0287931759922891
1.75,f27c2278f5bdb77b,258.904735215856,304.093161160668,319.683503045646,342.31860057783,0.517809470431712,0.50682193526778,0.491820773916378,0.489026572254043,0.028782898177669
1.755,f27c2278f5bdb77b,258.900179539977,304.092355952918,319.688047781074,342.319416726031,0.517800359079953,0.506820593254864,0.491827765817038,0.489027738180044,0.0287726208999096
1.76,f27c2278f5bdb77b,258.895624916298,304.091550517827,319.692590620101,342.320233945774,0.517791249832596,0.506819250863045,0.491834754800156,0.48902890563682,0.0287623441957764
1.765,f27c2278f5bdb77b,258.891071367658,304.090744851618,319.697131537158,342.321052243566,0.517782142735317,0.506817908086029,0.491841740826396,0.489030074633666,0.0287520681016507
1.77,f27c2278f5bdb77b,258.886518916653,304.089938950538,319.701670506967,342.321871625842,0.517773037833307,0.506816564917563,0.491848723856872,0.489031245179774,0.0287417926535329
1.775,f27c2278f5bdb77b,258.881967585638,304.089132810859,319.706207504542,342.322692098961,0.517763935171277,0.506815221351432,0.491855703853141,0.48903241728423,0.0287315178870469
1.78,f27c2278f5bdb77b,258.877417396731,304.088326428875,319.710742505182,342.323513669212,0.517754834793462,0.506813877381459,0.491862680777202,0.489033590956018,0.0287212438374444
1.785,f27c2278f5bdb77b,258.872868371813,304.087519800904,319.71527548447,342.324336342813,0.517745736743626,0.506812533001506,0.491869654591492,0.489034766204019,0.0287109705396075
1.79,f27c2278f5bdb77b,258.868320532534,304.086712923286,319.719806418271,342.32516012591,0.517736641065068,0.506811188205476,0.491876625258878,0.489035943037014,0.0287006980280539
1.795,f27c2278f5bdb77b,258.86377390031,304.085905792385,319.724335282729,342.325985024576,0.51772754780062,0.506809842987308,0.49188359274266,0.48903712146368,0.0286904263369398
1.8,f27c2278f5bdb77b,258.859228496331,304.085098404588,319.728862054262,342.326811044818,0.517718456992662,0.506808497340981,0.491890557006558,0.489038301492597,0.0286801555000645
1.805,f27c2278f5bdb77b,258.854684341558,304.084290756306,319.733386709565,342.32763819257,0.517709368683116,0.50680715126051,0.491897518014716,0.489039483132243,0.0286698855508729
1.81,f27c2278f5bdb77b,258.850141456729,304.083482843972,319.737909225601,342.328466473698,0.517700282913458,0.506805804739953,0.491904475731694,0.489040666390998,0.0286596165224605
1.815,f27c2278f5bdb77b,258.845599862359,304.08267466404,319.742429579602,342.329295893999,0.517691199724717,0.5068044577734,0.491911430122465,0.489041851277142,0.0286493484475758
1.82,f27c2278f5bdb77b,258.841059578742,304.08186621299,319.746947749067,342.330126459201,0.517682119157484,0.506803110354983,0.49191838115241,0.489043037798859,0.0286390813586248
1.825,f27c2278f5bdb77b,258.836520625956,304.081057487322,319.751463711756,342.330958174966,0.517673041251911,0.506801762478871,0.491925328787317,0.489044225964237,0.0286288152876744
1.83,f27c2278f5bdb77b,258.83198302386,304.080248483562,319.755977445693,342.331791046886,0.51766396604772,0.506800414139269,0.491932272993373,0.489045415781265,0.0286185502664552
1.835,f27c2278f5bdb77b,258.827446792102,304.079439198254,319.760488929157,342.332625080487,0.517654893584205,0.506799065330423,0.491939213737165,0.489046607257839,0.0286082863263659
1.84,f27c2278f5bdb77b,258.822911950117,304.078629627967,319.764998140687,342.33346028123,0.517645823900233,0.506797716046612,0.491946150985672,0.489047800401757,0.0285980234984763
1.845,f27c2278f5bdb77b,258.818378517128,304.077819769293,319.769505059071,342.334296654508,0.517636757034256,0.506796366282154,0.491953084706263,0.489048995220725,0.028587761813531
1.85,f27c2278f5bdb77b,258.813846512154,304.077009618844,319.774009663353,342.335134205649,0.517627693024308,0.506795016031407,0.491960014866696,0.489050191722356,0.0285775013019519
1.855,f27c2278f5bdb77b,258.809315954005,304.076199173257,319.778511932821,342.335972939917,0.51761863190801,0.506793665288761,0.49196694143511,0.489051389914167,0.0285672419938423
1.86,f27c2278f5bdb77b,258.804786861288,304.075388429188,319.783011847014,342.33681286251,0.517609573722576,0.506792314048647,0.491973864380021,0.489052589803586,0.0285569839189905
1.865,f27c2278f5bdb77b,258.800259252409,304.074577383318,319.787509385712,342.337653978562,0.517600518504818,0.506790962305529,0.491980783670326,0.489053791397946,0.0285467271068721
1.87,f27c2278f5bdb77b,258.795733145572,304.073766032347,319.792004528937,342.338496293143,0.517591466291144,0.506789610053912,0.491987699275288,0.489054994704491,0.0285364715866539
1.875,f27c2278f5bdb77b,258.791208558785,304.072954373,319.796497256953,342.339339811262,0.517582417117571,0.506788257288333,0.491994611164544,0.489056199730374,0.028526217387197
1.88,f27c2278f5bdb77b,258.786685509859,304.072142402021,319.800987550259,342.340184537861,0.517573371019718,0.506786904003368,0.492001519308091,0.489057406482658,0.0285159645370593
1.885,f27c2278f5bdb77b,258.782164016409,304.071330116177,319.805475389591,342.341030477823,0.517564328032818,0.506785550193628,0.492008423676293,0.489058614968319,0.0285057130644998
1.89,f27c2278f5bdb77b,258.77764409586,304.070517512257,319.809960755915,342.341877635968,0.51755528819172,0.506784195853762,0.492015324239869,0.48905982519424,0.0284954629974806
1.895,f27c2278f5bdb77b,258.773125765445,304.069704587071,319.81444363043,342.342726017054,0.517546251530891,0.506782840978451,0.492022220969892,0.48906103716722,0.0284852143636706
1.9,f27c2278f5bdb77b,258.768609042209,304.06889133745,319.818923994563,342.343575625778,0.517537218084417,0.506781485562417,0.492029113837789,0.489062250893969,0.028474967190448
1.905,f27c2278f5bdb77b,258.764093943007,304.068077760248,319.823401829967,342.344426466778,0.517528187886015,0.506780129600413,0.492036002815334,0.489063466381111,0.0284647215049039
1.91,f27c2278f5bdb77b,258.759580484514,304.067263852337,319.82787711852,342.345278544628,0.517519160969028,0.506778773087229,0.492042887874646,0.489064683635184,0.0284544773338449
1.915,f27c2278f5bdb77b,258.755068683217,304.066449610615,319.832349842321,342.346131863847,0.517510137366434,0.506777416017692,0.492049768988186,0.489065902662639,0.0284442347037955
1.92,f27c2278f5bdb77b,258.750558555423,304.065635031997,319.836819983689,342.346986428891,0.517501117110846,0.506776058386662,0.492056646128752,0.489067123469844,0.0284339936410026
1.925,f27c2278f5bdb77b,258.746050117259,304.064820113421,319.841287525162,342.347842244158,0.517492100234519,0.506774700189035,0.49206351926948,0.489068346063082,0.0284237541714361
1.93,f27c2278f5bdb77b,258.741543384674,304.064004851846,319.845752449492,342.348699313988,0.517483086769348,0.506773341419744,0.492070388383834,0.489069570448554,0.028413516320794
1.935,f27c2278f5bdb77b,258.737038373439,304.063189244252,319.850214739647,342.349557642662,0.517474076746878,0.506771982073753,0.492077253445611,0.489070796632374,0.0284032801145032
1.94,f27c2278f5bdb77b,258.732535099151,304.062373287638,319.854674378806,342.350417234405,0.517465070198302,0.506770622146063,0.492084114428932,0.489072024620579,0.0283930455777235
1.945,f27c2278f5bdb77b,258.728033577235,304.061556979026,319.859131350356,342.351278093383,0.517456067154469,0.506769261631711,0.492090971308239,0.489073254419119,0.0283828127353504
1.95,f27c2278f5bdb77b,258.723533822942,304.060740315458,319.863585637893,342.352140223707,0.517447067645883,0.506767900525764,0.492097824058297,0.489074486033867,0.0283725816120167
1.955,f27c2278f5bdb77b,258.719035851354,304.059923293997,319.86803722522,342.353003629428,0.517438071702709,0.506766538823328,0.492104672654185,0.489075719470612,0.0283623522320965
1.96,f27c2278f5bdb77b,258.714539677386,304.059105911725,319.872486096343,342.353868314546,0.517429079354773,0.506765176519542,0.492111517071296,0.489076954735066,0.0283521246197069
1.965,f27c2278f5bdb77b,258.710045315785,304.058288165746,319.876932235468,342.354734283001,0.51742009063157,0.506763813609576,0.492118357285335,0.489078191832859,0.0283418987987111
1.97,f27c2278f5bdb77b,258.705552781132,304.057470053184,319.881375627004,342.35560153868,0.517411105562264,0.506762450088639,0.492125193272314,0.489079430769543,0.0283316747927208
1.975,f27c2278f5bdb77b,258.701062087846,304.056651571182,319.885816255556,342.356470085416,0.517402124175692,0.50676108595197,0.492132025008548,0.489080671550594,0.0283214526250988
1.98,f27c2278f5bdb77b,258.696573250184,304.055832716906,319.890254105926,342.357339926984,0.517393146500367,0.506759721194843,0.492138852470656,0.489081914181406,0.0283112323189618
1.985,f27c2278f5bdb77b,258.69208628224,304.05501348754,319.894689163111,342.358211067109,0.517384172564481,0.506758355812566,0.492145675635555,0.489083158667298,0.0283010138971822
1.99,f27c2278f5bdb77b,258.687601197953,304.054193880288,319.899121412299,342.35908350946,0.517375202395906,0.50675698980048,0.492152494480459,0.489084405013515,0.0282907973823913
1.995,f27c2278f5bdb77b,258.683118011101,304.053373892375,319.903550838869,342.359957257655,0.517366236022203,0.506755623153959,0.492159308982875,0.489085653225221,0.0282805827969814
2,f27c2278f5bdb77b,258.678636735309,304.052553521046,319.907977428389,342.360832315256,0.517357273470617,0.50675425586841,0.492166119120599,0.489086903307509,0.0282703701631087
2.005,f27c2278f5bdb77b,258.674157384044,304.051732763565,319.912401166616,342.361708685775,0.517348314768088,0.506752887939275,0.492172924871716,0.489088155265393,0.0282601595026949
2.01,f27c2278f5bdb77b,258.669679970624,304.050911617216,319.916822039488,342.362586372672,0.517339359941247,0.506751519362027,0.492179726214597,0.489089409103817,0.0282499508374299
2.015,f27c2278f5bdb77b,258.665204508212,304.050090079303,319.921240033131,342.363465379354,0.517330409016423,0.506750150132172,0.492186523127894,0.489090664827648,0.0282397441887747
2.02,f27c2278f5bdb77b,258.660731009822,304.04926814715,319.92565513385,342.364345709177,0.517321462019645,0.50674878024525,0.492193315590539,0.489091922441682,0.028229539577963
2.025,f27c2278f5bdb77b,258.656259488322,304.048445818099,319.930067328131,342.365227365448,0.517312518976644,0.506747409696832,0.49220010358174,0.48909318195064,0.0282193370260039
2.03,f27c2278f5bdb77b,258.651789956428,304.047623089514,319.934476602637,342.366110351421,0.517303579912857,0.506746038482523,0.49220688708098,0.489094443359173,0.028209136553684
2.035,f27c2278f5bdb77b,258.647322426714,304.046799958775,319.938882944209,342.366994670301,0.517294644853429,0.506744666597958,0.492213666068015,0.489095706671859,0.0281989381815697
2.04,f27c2278f5bdb77b,258.642856911608,304.045976423284,319.943286339864,342.367880325244,0.517285713823215,0.506743294038807,0.492220440522867,0.489096971893206,0.0281887419300096
2.045,f27c2278f5bdb77b,258.638393423393,304.045152480463,319.947686776789,342.368767319355,0.517276786846787,0.506741920800771,0.492227210425829,0.48909823902765,0.0281785478191363
2.05,f27c2278f5bdb77b,258.633931974214,304.044328127749,319.952084242344,342.369655655692,0.517267863948429,0.506740546879582,0.492233975757453,0.48909950807956,0.028168355868869
2.055,f27c2278f5bdb77b,258.629472576074,304.043503362603,319.956478724061,342.370545337262,0.517258945152147,0.506739172271005,0.492240736498555,0.489100779053232,0.0281581660989153
2.06,f27c2278f5bdb77b,258.625015240835,304.042678182502,319.960870209637,342.371436367027,0.517250030481669,0.506737796970837,0.49224749263021,0.489102051952895,0.0281479785287738
2.065,f27c2278f5bdb77b,258.620559980223,304.041852584942,319.965258686937,342.372328747897,0.517241119960446,0.506736420974904,0.49225424413375,0.48910332678271,0.0281377931777357
2.07,f27c2278f5bdb77b,258.616106805828,304.04102656744,319.969644143993,342.373222482738,0.517232213611656,0.506735044279067,0.492260990990759,0.489104603546769,0.0281276100648875
2.075,f27c2278f5bdb77b,258.611655729104,304.04020012753,319.974026568998,342.374117574368,0.517223311458209,0.506733666879217,0.492267733183073,0.489105882249097,0.0281174292091118
2.08,f27c2278f5bdb77b,258.607206761372,304.039373262765,319.978405950306,342.375014025557,0.517214413522744,0.506732288771275,0.492274470692779,0.489107162893652,0.0281072506290914
2.085,f27c2278f5bdb77b,258.602759913818,304.038545970717,319.982782276436,342.375911839029,0.517205519827637,0.506730909951195,0.492281203502209,0.489108445484327,0.0280970743433093
2.09,f27c2278f5bdb77b,258.5983151975,304.037718248976,319.987155536061,342.376811017463,0.517196630395,0.50672953041496,0.49228793159394,0.489109730024947,0.0280869003700523
2.095,f27c2278f5bdb77b,258.593872623343,304.036890095152,319.991525718014,342.377711563492,0.517187745246685,0.506728150158587,0.49229465495079,0.489111016519274,0.0280767287274112
2.1,f27c2278f5bdb77b,258.589432202144,304.036061506872,319.995892811282,342.378613479702,0.517178864404288,0.50672676917812,0.492301373555819,0.489112304971003,0.0280665594332847
2.105,f27c2278f5bdb77b,258.584993944573,304.035232481781,320.000256805009,342.379516768636,0.517169987889146,0.506725387469635,0.492308087392322,0.489113595383766,0.0280563925053801
2.11,f27c2278f5bdb77b,258.580557861174,304.034403017545,320.00461768849,342.380421432792,0.517161115722347,0.506724005029241,0.49231479644383,0.489114887761131,0.0280462279612158
2.115,f27c2278f5bdb77b,258.576123962363,304.033573111845,320.00897545117,342.381327474623,0.517152247924726,0.506722621853074,0.492321500694108,0.489116182106604,0.0280360658181223
2.12,f27c2278f5bdb77b,258.571692258435,304.032742762381,320.013330082647,342.382234896537,0.51714338451687,0.506721237937302,0.492328200127149,0.489117478423624,0.0280259060932456
2.125,f27c2278f5bdb77b,258.56726275956,304.031911966874,320.017681572665,342.383143700901,0.517134525519121,0.506719853278123,0.492334894727177,0.489118776715573,0.0280157488035476
2.13,f27c2278f5bdb77b,258.562835475788,304.031080723058,320.022029911116,342.384053890037,0.517125670951576,0.506718467871764,0.492341584478641,0.489120076985767,0.0280055939658087
2.135,f27c2278f5bdb77b,258.558410417047,304.03024902869,320.026375088038,342.384965466225,0.517116820834093,0.506717081714484,0.492348269366213,0.489121379237464,0.0279954415966296
2.14,f27c2278f5bdb77b,258.553987593145,304.029416881542,320.030717093613,342.3858784317,0.51710797518629,0.506715694802569,0.492354949374789,0.489122683473858,0.0279852917124326
2.145,f27c2278f5bdb77b,258.549567013774,304.028584279403,320.035055918164,342.386792788659,0.517099134027548,0.506714307132338,0.492361624489483,0.489123989698084,0.027975144329464
2.15,f27c2278f5bdb77b,258.545148688507,304.027751220082,320.039391552158,342.387708539253,0.517090297377014,0.506712918700137,0.492368294695628,0.489125297913218,0.0279649994637956
2.155,f27c2278f5bdb77b,258.540732626801,304.026917701406,320.043723986201,342.388625685593,0.517081465253602,0.506711529502343,0.49237495997877,0.489126608122275,0.0279548571313262
2.16,f27c2278f5bdb77b,258.536318837998,304.026083721217,320.048053211036,342.389544229749,0.517072637675996,0.506710139535361,0.492381620324671,0.489127920328213,0.0279447173477837
2.165,f27c2278f5bdb77b,258.531907331327,304.025249277376,320.052379217547,342.390464173749,0.517063814662655,0.506708748795626,0.492388275719304,0.489129234533928,0.0279345801287268
2.17,f27c2278f5bdb77b,258.527498115904,304.024414367762,320.056701996751,342.391385519583,0.517054996231807,0.506707357279603,0.492394926148848,0.489130550742261,0.0279244454895462
2.175,f27c2278f5bdb77b,258.523091200731,304.023578990271,320.061021539801,342.392308269197,0.517046182401462,0.506705964983785,0.492401571599694,0.489131868955995,0.0279143134454669
2.18,f27c2278f5bdb77b,258.518686594703,304.022743142816,320.065337837983,342.393232424499,0.517037373189405,0.506704571904693,0.492408212058435,0.489133189177856,0.0279041840115495
2.185,f27c2278f5bdb77b,258.514284306601,304.021906823327,320.069650882715,342.394157987357,0.517028568613202,0.506703178038878,0.492414847511869,0.48913451141051,0.0278940572026919
2.19,f27c2278f5bdb77b,258.509884345102,304.021070029752,320.073960665545,342.395084959601,0.517019768690203,0.50670178338292,0.492421477946992,0.489135835656573,0.0278839330336309
2.195,f27c2278f5bdb77b,258.505486718771,304.020232760057,320.078267178153,342.396013343019,0.517010973437542,0.506700387933428,0.492428103351004,0.489137161918599,0.0278738115189437
2.2,f27c2278f5bdb77b,258.50109143607,304.019395012222,320.082570412345,342.396943139363,0.51700218287214,0.506698991687037,0.4924347237113,0.48913849019909,0.0278636926730498
2.205,f27c2278f5bdb77b,258.496698505353,304.018556784248,320.086870360054,342.397874350345,0.516993397010706,0.506697594640413,0.492441339015468,0.489139820500493,0.0278535765102124
2.21,f27c2278f5bdb77b,258.49230793487,304.017718074149,320.091167013341,342.39880697764,0.51698461586974,0.506696196790248,0.492447949251294,0.4891411528252,0.0278434630445397
2.215,f27c2278f5bdb77b,258.487919732768,304.016878879958,320.09546036439,342.399741022884,0.516975839465536,0.506694798133264,0.492454554406754,0.489142487175549,0.0278333522899868
2.22,f27c2278f5bdb77b,258.48353390709,304.016039199726,320.099750405507,342.400676487677,0.516967067814181,0.50669339866621,0.492461154470011,0.489143823553824,0.0278232442603571
2.225,f27c2278f5bdb77b,258.47915046578,304.015199031518,320.104037129123,342.401613373579,0.51695830093156,0.506691998385863,0.49246774942942,0.489145161962256,0.0278131389693038
2.23,f27c2278f5bdb77b,258.474769416678,304.014358373417,320.108320527788,342.402551682118,0.516949538833356,0.506690597289028,0.492474339273519,0.489146502403025,0.0278030364303309
2.235,f27c2278f5bdb77b,258.470390767526,304.013517223523,320.112600594171,342.403491414779,0.516940781535052,0.506689195372538,0.492480923991033,0.489147844878256,0.0277929366567959
2.24,f27c2278f5bdb77b,258.466014525967,304.012675579952,320.116877321063,342.404432573017,0.516932029051934,0.506687792633254,0.492487503570867,0.489149189390025,0.0277828396619099
2.245,f27c2278f5bdb77b,258.461640699546,304.011833440837,320.12115070137,342.405375158247,0.516923281399093,0.506686389068061,0.492494078002107,0.489150535940353,0.02777274545874
2.25,f27c2278f5bdb77b,258.457269295712,304.010990804326,320.125420728113,342.406319171849,0.516914538591423,0.506684984673877,0.49250064727402,0.489151884531213,0.02776265406021
2.255,f27c2278f5bdb77b,258.452900321815,304.010147668585,320.129687394431,342.407264615169,0.516905800643629,0.506683579447642,0.492507211376048,0.489153235164527,0.0277525654791023
2.26,f27c2278f5bdb77b,258.448533785112,304.009304031796,320.133950693575,342.408211489516,0.516897067570225,0.506682173386327,0.492513770297808,0.489154587842166,0.0277424797280593
2.265,f27c2278f5bdb77b,258.444169692768,304.008459892157,320.13821061891,342.409159796165,0.516888339385535,0.506680766486928,0.492520324029093,0.48915594256595,0.0277323968195846
2.27,f27c2278f5bdb77b,258.439808051849,304.007615247881,320.142467163913,342.410109536358,0.516879616103698,0.506679358746468,0.492526872559865,0.489157299337654,0.0277223167660439
2.275,f27c2278f5bdb77b,258.435448869333,304.006770097199,320.146720322169,342.411060711299,0.516870897738666,0.506677950161998,0.49253341588026,0.489158658158999,0.0277122395796678
2.28,f27c2278f5bdb77b,258.431092152105,304.005924438356,320.150970087377,342.412013322162,0.516862184304211,0.506676540730594,0.492539953980579,0.48916001903166,0.0277021652725512
2.285,f27c2278f5bdb77b,258.42673790696,304.005078269616,320.15521645334,342.412967370084,0.51685347581392,0.50667513044936,0.492546486851292,0.489161381957263,0.0276920938566563
2.29,f27c2278f5bdb77b,258.422386140601,304.004231589256,320.159459413972,342.413922856172,0.516844772281201,0.506673719315426,0.492553014483033,0.489162746937388,0.0276820253438129
2.295,f27c2278f5bdb77b,258.418036859643,304.00338439557,320.163698963291,342.414879781496,0.516836073719286,0.506672307325949,0.492559536866601,0.489164113973566,0.02767195974572
2.3,f27c2278f5bdb77b,258.413690070614,304.002536686867,320.167935095422,342.415838147097,0.516827380141229,0.506670894478111,0.492566053992956,0.489165483067281,0.0276618970739474
2.305,f27c2278f5bdb77b,258.409345779954,304.001688461473,320.172167804593,342.41679795398,0.516818691559908,0.506669480769122,0.492572565853219,0.489166854219972,0.0276518373399361
2.31,f27c2278f5bdb77b,258.405003994015,304.00083971773,320.176397085135,342.41775920312,0.51681000798803,0.506668066196216,0.49257907243867,0.489168227433029,0.0276417805550008
2.315,f27c2278f5bdb77b,258.400664719064,303.999990453993,320.180622931484,342.418721895459,0.516801329438129,0.506666650756655,0.492585573740745,0.489169602707799,0.0276317267303298
2.32,f27c2278f5bdb77b,258.396327961285,303.999140668635,320.184845338173,342.419686031907,0.516792655922569,0.506665234447724,0.492592069751036,0.489170980045582,0.0276216758769877
2.325,f27c2278f5bdb77b,258.391993726774,303.998290360043,320.189064299839,342.420651613343,0.516783987453548,0.506663817266739,0.492598560461291,0.489172359447633,0.0276116280059145
2.33,f27c2278f5bdb77b,258.387662021547,303.997439526621,320.193279811216,342.421618640615,0.516775324043094,0.506662399211036,0.49260504586341,0.489173740915164,0.0276015831279299
2.335,f27c2278f5bdb77b,258.383332851536,303.996588166787,320.197491867137,342.422587114539,0.516766665703073,0.506660980277979,0.492611525949442,0.489175124449342,0.0275915412537309
2.34,f27c2278f5bdb77b,258.379006222592,303.995736278975,320.201700462532,342.423557035901,0.516758012445184,0.506659560464959,0.492618000711587,0.489176510051288,0.0275815023938961
2.345,f27c2278f5bdb77b,258.374682140483,303.994883861634,320.205905592426,342.424528405457,0.516749364280966,0.506658139769389,0.492624470142194,0.489177897722081,0.0275714665588848
2.35,f27c2278f5bdb77b,258.370360610899,303.994030913227,320.210107251943,342.425501223931,0.516740721221798,0.506656718188711,0.492630934233758,0.489179287462759,0.0275614337590391
2.355,f27c2278f5bdb77b,258.366041639449,303.993177432234,320.214305436297,342.426475492019,0.516732083278899,0.50665529572039,0.492637392978919,0.489180679274314,0.0275514040045851
2.36,f27c2278f5bdb77b,258.361725231665,303.992323417149,320.218500140799,342.427451210387,0.516723450463329,0.506653872361915,0.49264384637046,0.489182073157696,0.0275413773056336
2.365,f27c2278f5bdb77b,258.357411392998,303.991468866482,320.22269136085,342.42842837967,0.516714822785996,0.506652448110803,0.492650294401308,0.489183469113815,0.0275313536721807
2.37,f27c2278f5bdb77b,258.353100128824,303.990613778756,320.226879091944,342.429407000476,0.516706200257648,0.506651022964594,0.492656737064529,0.489184867143537,0.027521333114111
2.375,f27c2278f5bdb77b,258.348791444442,303.989758152511,320.231063329664,342.430387073382,0.516697582888885,0.506649596920852,0.49266317435333,0.489186267247689,0.0275113156411962
2.38,f27c2278f5bdb77b,258.344485345076,303.988901986301,320.235244069686,342.431368598938,0.516688970690152,0.506648169977168,0.492669606261055,0.489187669427054,0.0275013012630976
2.385,f27c2278f5bdb77b,258.340181835872,303.988045278693,320.23942130777,342.432351577664,0.516680363671744,0.506646742131155,0.492676032781185,0.489189073682378,0.0274912899893666
2.39,f27c2278f5bdb77b,258.335880921905,303.987188028272,320.243595039769,342.433336010054,0.516671761843809,0.506645313380454,0.492682453907337,0.489190480014362,0.0274812818294468
2.395,f27c2278f5bdb77b,258.331582608173,303.986330233636,320.24776526162,342.434321896571,0.516663165216346,0.506643883722726,0.492688869633262,0.489191888423673,0.0274712767926732
2.4,f27c2278f5bdb77b,258.327286899604,303.985471893396,320.251931969347,342.435309237653,0.516654573799208,0.50664245315566,0.492695279952841,0.489193298910933,0.027461274888275
2.405,f27c2278f5bdb77b,258.322993801052,303.984613006181,320.256095159059,342.436298033709,0.516645987602103,0.506641021676968,0.49270168486009,0.489194711476727,0.0274512761253759
2.41,f27c2278f5bdb77b,258.318703317299,303.983753570631,320.260254826949,342.437288285122,0.516637406634597,0.506639589284384,0.492708084349152,0.489196126121603,0.0274412805129947
2.415,f27c2278f5bdb77b,258.314415453057,303.982893585402,320.264410969295,342.438279992246,0.516628830906113,0.50663815597567,0.4927144784143,0.489197542846066,0.0274312880600471
2.42,f27c2278f5bdb77b,258.310130212966,303.982033049165,320.268563582458,342.439273155411,0.516620260425933,0.506636721748608,0.492720867049935,0.489198961650587,0.0274212987753463
2.425,f27c2278f5bdb77b,258.3058476016,303.981171960604,320.272712662878,342.440267774917,0.5166116952032,0.506635286601007,0.492727250250582,0.489200382535596,0.0274113126676038
2.43,f27c2278f5bdb77b,258.30156762346,303.980310318419,320.27685820708,342.441263851042,0.516603135246919,0.506633850530698,0.492733628010892,0.489201805501488,0.0274013297454311
2.435,f27c2278f5bdb77b,258.297290282979,303.979448121321,320.281000211666,342.442261384033,0.516594580565959,0.506632413535536,0.49274000032564,0.489203230548619,0.0273913500173399
2.44,f27c2278f5bdb77b,258.293015584526,303.978585368039,320.285138673319,342.443260374116,0.516586031169052,0.506630975613398,0.492746367189721,0.489204657677309,0.027381373491743
2.445,f27c2278f5bdb77b,258.288743532398,303.977722057313,320.289273588801,342.444260821488,0.516577487064796,0.506629536762188,0.492752728598155,0.48920608688784,0.0273714001769563
2.45,f27c2278f5bdb77b,258.284474130829,303.976858187899,320.293404954951,342.445262726322,0.516568948261658,0.506628096979831,0.492759084546078,0.48920751818046,0.0273614300811985
2.455,f27c2278f5bdb77b,258.280207383985,303.975993758565,320.297532768685,342.446266088765,0.516560414767971,0.506626656264275,0.492765435028746,0.489208951555378,0.0273514632125925
2.46,f27c2278f5bdb77b,258.275943295969,303.975128768095,320.301657026996,342.44727090894,0.516551886591938,0.506625214613492,0.492771780041532,0.489210387012772,0.0273414995791666
2.465,f27c2278f5bdb77b,258.271681870817,303.974263215286,320.305777726952,342.448277186945,0.516543363741634,0.506623772025476,0.492778119579925,0.489211824552779,0.0273315391888551
2.47,f27c2278f5bdb77b,258.267423112503,303.973397098948,320.309894865695,342.449284922854,0.516534846225005,0.506622328498247,0.492784453639531,0.489213264175506,0.0273215820494994
2.475,f27c2278f5bdb77b,258.263167024935,303.972530417906,320.314008440443,342.450294116715,0.516526334049871,0.506620884029843,0.492790782216067,0.489214705881022,0.0273116281688485
2.48,f27c2278f5bdb77b,258.258913611962,303.971663170997,320.318118448486,342.451304768554,0.516517827223924,0.506619438618329,0.492797105305363,0.489216149669363,0.0273016775545602
2.485,f27c2278f5bdb77b,258.254662877367,303.970795357075,320.322224887186,342.452316878372,0.516509325754734,0.506617992261791,0.492803422903363,0.489217595540532,0.027291730214202
2.49,f27c2278f5bdb77b,258.250414824874,303.969926975003,320.326327753977,342.453330446147,0.516500829649747,0.506616544958339,0.492809735006118,0.489219043494495,0.027281786155252
2.495,f27c2278f5bdb77b,258.246169458144,303.969058023661,320.330427046364,342.454345471832,0.516492338916287,0.506615096706102,0.49281604160979,0.489220493531188,0.0272718453850992
2.5,f27c2278f5bdb77b,258.241926780778,303.968188501941,320.334522761922,342.455361955358,0.516483853561557,0.506613647503236,0.492822342710649,0.489221945650512,0.0272619079110453
2.505,f27c2278f5bdb77b,258.23768679632,303.967318408749,320.338614898297,342.456379896634,0.516475373592639,0.506612197347915,0.492828638305072,0.489223399852335,0.0272519737403045
2.51,f27c2278f5bdb77b,258.233449508249,303.966447743004,320.342703453201,342.457399295545,0.516466899016499,0.50661074623834,0.49283492838954,0.489224856136493,0.0272420428800051
2.515,f27c2278f5bdb77b,258.229214919991,303.965576503638,320.346788424418,342.458420151954,0.516458429839981,0.50660929417273,0.492841212960642,0.489226314502791,0.0272321153371903
2.52,f27c2278f5bdb77b,258.224983034909,303.964704689597,320.350869809795,342.4594424657,0.516449966069818,0.506607841149328,0.492847492015069,0.489227774950999,0.0272221911188182
2.525,f27c2278f5bdb77b,258.220753856311,303.96383229984,320.354947607248,342.460466236601,0.516441507712622,0.506606387166399,0.492853765549612,0.489229237480859,0.0272122702317634
2.53,f27c2278f5bdb77b,258.216527387448,303.962959333338,320.35902181476,342.461491464454,0.516433054774896,0.50660493222223,0.492860033561169,0.489230702092078,0.0272023526828179
2.535,f27c2278f5bdb77b,258.212303631512,303.962085789077,320.363092430377,342.462518149034,0.516424607263024,0.506603476315129,0.492866296046734,0.489232168784334,0.0271924384786906
2.54,f27c2278f5bdb77b,258.208082591642,303.961211666055,320.367159452211,342.463546290092,0.516416165183284,0.506602019443426,0.492872553003402,0.489233637557274,0.0271825276260103
2.545,f27c2278f5bdb77b,258.203864270919,303.960336963284,320.371222878438,342.46457588736,0.516407728541838,0.506600561605473,0.492878804428366,0.489235108410514,0.0271726201313244
2.55,f27c2278f5bdb77b,258.19964867237,303.959461679786,320.375282707296,342.465606940548,0.51639929734474,0.506599102799643,0.492885050318917,0.48923658134364,0.0271627160011003
2.555,f27c2278f5bdb77b,258.195435798967,303.9585858146,320.379338937088,342.466639449345,0.516390871597935,0.506597643024333,0.492891290672443,0.489238056356208,0.027152815241727
2.56,f27c2278f5bdb77b,258.191225653629,303.957709366774,320.383391566176,342.467673413421,0.516382451307258,0.506596182277957,0.492897525486425,0.489239533447744,0.0271429178595146
2.565,f27c2278f5bdb77b,258.18701823922,303.956832335372,320.387440592986,342.468708832422,0.516374036478441,0.506594720558953,0.49290375475844,0.489241012617745,0.0271330238606955
2.57,f27c2278f5bdb77b,258.182813558553,303.955954719469,320.391486016003,342.469745705976,0.516365627117105,0.506593257865781,0.492909978486159,0.489242493865679,0.0271231332514258
2.575,f27c2278f5bdb77b,258.178611614385,303.955076518153,320.395527833773,342.47078403369,0.51635722322877,0.506591794196921,0.492916196667343,0.489243977190985,0.0271132460377848
2.58,f27c2278f5bdb77b,258.174412409425,303.954197730524,320.3995660449,342.471823815151,0.51634882481885,0.506590329550873,0.492922409299846,0.489245462593073,0.027103362225777
2.585,f27c2278f5bdb77b,258.170215946328,303.953318355696,320.403600648049,342.472865049927,0.516340431892656,0.50658886392616,0.492928616381614,0.489246950071324,0.0270934818213314
2.59,f27c2278f5bdb77b,258.166022227699,303.952438392795,320.407631641941,342.473907737565,0.516332044455397,0.506587397321325,0.492934817910679,0.489248439625093,0.027083604830304
2.595,f27c2278f5bdb77b,258.161831256091,303.951557840959,320.411659025357,342.474951877594,0.516323662512182,0.506585929734931,0.492941013885164,0.489249931253706,0.0270737312584765
2.6,f27c2278f5bdb77b,258.157643034009,303.950676699338,320.415682797131,342.475997469522,0.516315286068018,0.506584461165563,0.492947204303279,0.48925142495646,0.0270638611115583
2.605,f27c2278f5bdb77b,258.153457563907,303.949794967096,320.419702956158,342.477044512839,0.516306915127814,0.506582991611826,0.49295338916332,0.489252920732627,0.0270539943951869
2.61,f27c2278f5bdb77b,258.14927484819,303.948912643408,320.423719501385,342.478093007016,0.516298549696381,0.506581521072347,0.49295956846367,0.489254418581452,0.0270441311149285
2.615,f27c2278f5bdb77b,258.145094889215,303.948029727462,320.427732431817,342.479142951506,0.51629018977843,0.50658004954577,0.492965742202795,0.489255918502151,0.0270342712762786
2.62,f27c2278f5bdb77b,258.140917689289,303.947146218458,320.431741746511,342.480194345741,0.516281835378579,0.506578577030764,0.492971910379248,0.489257420493916,0.0270244148846629
2.625,f27c2278f5bdb77b,258.136743250674,303.946262115608,320.435747444581,342.481247189137,0.516273486501348,0.506577103526014,0.492978072991663,0.48925892455591,0.0270145619454374
2.63,f27c2278f5bdb77b,258.132571575581,303.945377418137,320.439749525191,342.482301481091,0.516265143151163,0.506575629030228,0.492984230038755,0.489260430687273,0.0270047124638901
2.635,f27c2278f5bdb77b,258.128402666178,303.944492125281,320.443747987559,342.483357220982,0.516256805332357,0.506574153542134,0.492990381519322,0.489261938887117,0.0269948664452404
2.64,f27c2278f5bdb77b,258.124236524585,303.943606236287,320.447742830958,342.48441440817,0.516248473049169,0.506572677060479,0.492996527432243,0.489263449154529,0.0269850238946402
2.645,f27c2278f5bdb77b,258.120073152873,303.942719750418,320.451734054708,342.485473042,0.516240146305747,0.50657119958403,0.493002667776474,0.489264961488572,0.0269751848171751
2.65,f27c2278f5bdb77b,258.115912553073,303.941832666945,320.455721658185,342.486533121797,0.516231825106146,0.506569721111575,0.493008802551054,0.489266475888281,0.0269653492178647
2.655,f27c2278f5bdb77b,258.111754727166,303.940944985153,320.459705640811,342.487594646869,0.516223509454333,0.506568241641921,0.493014931755094,0.48926799235267,0.0269555171016621
2.66,f27c2278f5bdb77b,258.107599677092,303.940056704338,320.463686002062,342.488657616509,0.516215199354183,0.506566761173896,0.493021055387788,0.489269510880727,0.0269456884734567
2.665,f27c2278f5bdb77b,258.103447404743,303.939167823807,320.467662741461,342.489722029989,0.516206894809486,0.506565279706345,0.493027173448402,0.489271031471413,0.0269358633380727
2.67,f27c2278f5bdb77b,258.09929791197,303.938278342881,320.471635858581,342.490787886568,0.516198595823939,0.506563797238135,0.493033285936279,0.489272554123668,0.026926041700271
2.675,f27c2278f5bdb77b,258.095151200579,303.937388260892,320.475605353043,342.491855185486,0.516190302401158,0.506562313768153,0.493039392850836,0.489274078836409,0.0269162235647492
2.68,f27c2278f5bdb77b,258.091007272334,303.936497577181,320.479571224517,342.492923925968,0.516182014544668,0.506560829295302,0.493045494191564,0.489275605608526,0.0269064089361422
2.685,f27c2278f5bdb77b,258.086866128955,303.935606291106,320.483533472718,342.493994107221,0.516173732257911,0.506559343818509,0.493051589958028,0.489277134438887,0.0268965978190234
2.69,f27c2278f5bdb77b,258.082727772122,303.93471440203,320.487492097411,342.495065728437,0.516165455544243,0.506557857336717,0.493057680149862,0.489278665326339,0.0268867902179045
2.695,f27c2278f5bdb77b,258.07859220347,303.933821909334,320.491447098405,342.496138788792,0.516157184406939,0.50655636984889,0.493063764766776,0.489280198269703,0.0268769861372363
2.7,f27c2278f5bdb77b,258.074459424594,303.932928812405,320.495398475556,342.497213287445,0.516148918849188,0.506554881354009,0.493069843808547,0.489281733267779,0.0268671855814094
2.705,f27c2278f5bdb77b,258.070329437049,303.932035110646,320.499346228765,342.49828922354,0.516140658874098,0.506553391851077,0.493075917275022,0.489283270319343,0.0268573885547547
2.71,f27c2278f5bdb77b,258.066202242348,303.931140803468,320.503290357978,342.499366596207,0.516132404484696,0.506551901339113,0.493081985166119,0.489284809423152,0.0268475950615442
2.715,f27c2278f5bdb77b,258.062077841964,303.930245890294,320.507230863185,342.500445404556,0.516124155683928,0.506550409817157,0.493088047481823,0.489286350577938,0.0268378051059906
2.72,f27c2278f5bdb77b,258.05795623733,303.929350370561,320.511167744421,342.501525647688,0.51611591247466,0.506548917284268,0.493094104222187,0.489287893782411,0.0268280186922493
2.725,f27c2278f5bdb77b,258.053837429839,303.928454243714,320.515101001764,342.502607324683,0.516107674859679,0.506547423739523,0.493100155387329,0.489289439035261,0.0268182358244175
2.73,f27c2278f5bdb77b,258.049721420847,303.92755750921,320.519030635333,342.50369043461,0.516099442841693,0.506545929182017,0.493106200977436,0.489290986335157,0.0268084565065358
2.735,f27c2278f5bdb77b,258.045608211667,303.926660166519,320.522956645293,342.504774976522,0.516091216423334,0.506544433610864,0.493112240992758,0.489292535680746,0.0267986807425882
2.74,f27c2278f5bdb77b,258.041497803577,303.925762215119,320.526879031847,342.505860949457,0.516082995607155,0.506542937025198,0.493118275433611,0.489294087070652,0.0267889085365026
2.745,f27c2278f5bdb77b,258.037390197817,303.924863654502,320.530797795243,342.506948352438,0.516074780395634,0.506541439424171,0.493124304300374,0.489295640503483,0.0267791398921514
2.75,f27c2278f5bdb77b,258.033285395587,303.92396448417,320.534712935768,342.508037184475,0.516066570791174,0.506539940806951,0.493130327593489,0.489297195977821,0.0267693748133526
2.755,f27c2278f5bdb77b,258.029183398051,303.923064703636,320.53862445375,342.509127444563,0.516058366796101,0.506538441172727,0.493136345313462,0.489298753492233,0.0267596133038688
2.76,f27c2278f5bdb77b,258.025084206335,303.922164312423,320.542532349558,342.510219131683,0.516050168412671,0.506536940520706,0.493142357460859,0.489300313045261,0.0267498553674094
2.765,f27c2278f5bdb77b,258.020987821531,303.921263310067,320.5464366236,342.511312244802,0.516041975643061,0.506535438850112,0.493148364036308,0.489301874635432,0.0267401010076299
2.77,f27c2278f5bdb77b,258.016894244691,303.920361696113,320.550337276323,342.512406782874,0.516033788489381,0.506533936160188,0.493154365040497,0.489303438261248,0.026730350228133
2.775,f27c2278f5bdb77b,258.012803476833,303.919459470117,320.554234308213,342.513502744838,0.516025606953666,0.506532432450194,0.493160360474174,0.489305003921197,0.0267206030324689
2.78,f27c2278f5bdb77b,258.008715518939,303.918556631647,320.558127719794,342.51460012962,0.516017431037878,0.506530927719411,0.493166350338145,0.489306571613743,0.0267108594241355
2.785,f27c2278f5bdb77b,258.004630371957,303.91765318028,320.56201751163,342.515698936133,0.516009260743913,0.506529421967134,0.493172334633276,0.489308141337333,0.0267011194065798
2.79,f27c2278f5bdb77b,258.000548036797,303.916749115607,320.565903684319,342.516799163278,0.516001096073594,0.506527915192678,0.493178313360491,0.489309713090397,0.0266913829831971
2.795,f27c2278f5bdb77b,257.996468514337,303.915844437225,320.569786238499,342.517900809939,0.515992937028674,0.506526407395375,0.493184286520767,0.489311286871342,0.0266816501573324
2.8,f27c2278f5bdb77b,257.99239180542,303.914939144745,320.573665174843,342.519003874992,0.51598478361084,0.506524898574575,0.493190254115144,0.48931286267856,0.0266719209322799
2.805,f27c2278f5bdb77b,257.988317910854,303.914033237788,320.577540494062,342.520108357296,0.515976635821708,0.506523388729646,0.493196216144711,0.489314440510423,0.0266621953112853
2.81,f27c2278f5bdb77b,257.984246831415,303.913126715984,320.581412196901,342.5212142557,0.51596849366283,0.506521877859974,0.493202172610617,0.489316020365286,0.026652473297544
2.815,f27c2278f5bdb77b,257.980178567844,303.912219578976,320.585280284141,342.522321569039,0.515960357135687,0.50652036596496,0.493208123514063,0.489317602241484,0.026642754894203
2.82,f27c2278f5bdb77b,257.976113120849,303.911311826415,320.589144756598,342.523430296137,0.515952226241699,0.506518853044026,0.493214068856305,0.489319186137338,0.0266330401043608
2.825,f27c2278f5bdb77b,257.972050491108,303.910403457965,320.593005615124,342.524540435803,0.515944100982216,0.506517339096608,0.493220008638652,0.489320772051148,0.026623328931068
2.83,f27c2278f5bdb77b,257.967990679263,303.909494473297,320.596862860602,342.525651986838,0.515935981358525,0.506515824122161,0.493225942862465,0.489322359981197,0.0266136213773277
2.835,f27c2278f5bdb77b,257.963933685925,303.908584872095,320.600716493953,342.526764948027,0.51592786737185,0.506514308120158,0.493231871529158,0.489323949925754,0.0266039174460962
2.84,f27c2278f5bdb77b,257.959879511674,303.907674654053,320.604566516127,342.527879318146,0.515919759023349,0.506512791090088,0.493237794640195,0.489325541883066,0.0265942171402825
2.845,f27c2278f5bdb77b,257.955828157059,303.906763818874,320.60841292811,342.528995095957,0.515911656314118,0.506511273031456,0.493243712197093,0.489327135851367,0.0265845204627501
2.85,f27c2278f5bdb77b,257.951779622595,303.905852366272,320.612255730921,342.530112280212,0.51590355924519,0.506509753943786,0.493249624201417,0.489328731828874,0.0265748274163161
2.855,f27c2278f5bdb77b,257.947733908769,303.904940295971,320.616094925609,342.53123086965,0.515895467817539,0.506508233826619,0.493255530654783,0.489330329813786,0.0265651380037524
2.86,f27c2278f5bdb77b,257.943691016036,303.904027607707,320.619930513256,342.532350863001,0.515887382032073,0.506506712679511,0.493261431558855,0.489331929804287,0.026555452227786
2.865,f27c2278f5bdb77b,257.939650944821,303.903114301222,320.623762494976,342.53347225898,0.515879301889643,0.506505190502037,0.493267326915348,0.489333531798543,0.0265457700910994
2.87,f27c2278f5bdb77b,257.935613695519,303.902200376272,320.627590871914,342.534595056296,0.515871227391038,0.506503667293786,0.493273216726021,0.489335135794708,0.0265360915963304
2.875,f27c2278f5bdb77b,257.931579268495,303.90128583262,320.631415645244,342.535719253641,0.515863158536989,0.506502143054367,0.493279100992684,0.489336741790916,0.0265264167460735
2.88,f27c2278f5bdb77b,257.927547664083,303.900370670042,320.635236816174,342.536844849701,0.515855095328167,0.506500617783403,0.493284979717191,0.489338349785287,0.0265167455428797
2.885,f27c2278f5bdb77b,257.923518882592,303.899454888321,320.639054385939,342.537971843149,0.515847037765183,0.506499091480535,0.493290852901444,0.489339959775927,0.0265070779892564
2.89,f27c2278f5bdb77b,257.919492924297,303.898538487252,320.642868355804,342.539100232647,0.515838985848594,0.50649756414542,0.493296720547391,0.489341571760924,0.0264974140876694
2.895,f27c2278f5bdb77b,257.915469789448,303.897621466639,320.646678727065,342.540230016848,0.515830939578896,0.506496035777731,0.493302582657023,0.489343185738355,0.0264877538405414
2.9,f27c2278f5bdb77b,257.911449478265,303.896703826295,320.650485501046,342.541361194394,0.51582289895653,0.506494506377159,0.493308439232378,0.489344801706277,0.0264780972502535
2.905,f27c2278f5bdb77b,257.907431990941,303.895785566045,320.654288679099,342.542493763915,0.515814863981882,0.506492975943408,0.493314290275536,0.489346419662736,0.0264684443191452
2.91,f27c2278f5bdb77b,257.903417327639,303.894866685722,320.658088262605,342.543627724034,0.515806834655278,0.506491444476203,0.493320135788623,0.489348039605763,0.026458795049515
2.915,f27c2278f5bdb77b,257.899405488497,303.893947185169,320.661884252973,342.544763073361,0.515798810976994,0.506489911975281,0.493325975773805,0.489349661533373,0.0264491494436205
2.92,f27c2278f5bdb77b,257.895396473624,303.893027064238,320.66567665164,342.545899810498,0.515790792947247,0.506488378440397,0.493331810233293,0.489351285443568,0.0264395075036791
2.925,f27c2278f5bdb77b,257.891390283102,303.892106322793,320.66946546007,342.547037934035,0.515782780566204,0.506486843871321,0.493337639169339,0.489352911334336,0.0264298692318677
2.93,f27c2278f5bdb77b,257.887386916987,303.891184960704,320.673250679753,342.548177442555,0.515774773833974,0.506485308267841,0.493343462584236,0.48935453920365,0.0264202346303237
2.935,f27c2278f5bdb77b,257.883386375308,303.890262977855,320.677032312207,342.54931833463,0.515766772750616,0.506483771629758,0.493349280480319,0.489356169049471,0.0264106037011456
2.94,f27c2278f5bdb77b,257.879388658068,303.889340374135,320.680810358976,342.550460608821,0.515758777316136,0.506482233956892,0.493355092859963,0.489357800869744,0.0264009764463921
2.945,f27c2278f5bdb77b,257.875393765243,303.888417149445,320.684584821629,342.551604263682,0.515750787530487,0.506480695249076,0.493360899725583,0.489359434662403,0.0263913528680837
2.95,f27c2278f5bdb77b,257.871401696785,303.887493303696,320.688355701762,342.552749297757,0.51574280339357,0.50647915550616,0.493366701079634,0.489361070425367,0.0263817329682024
2.955,f27c2278f5bdb77b,257.867412452618,303.886568836806,320.692123000995,342.55389570958,0.515734824905236,0.506477614728011,0.493372496924608,0.489362708156543,0.0263721167486926
2.96,f27c2278f5bdb77b,257.863426032642,303.885643748705,320.695886720975,342.555043497677,0.515726852065285,0.506476072914509,0.493378287263039,0.489364347853824,0.0263625042114604
2.965,f27c2278f5bdb77b,257.859442436733,303.884718039331,320.699646863371,342.556192660564,0.515718884873467,0.506474530065551,0.493384072097495,0.489365989515092,0.026352895358375
2.97,f27c2278f5bdb77b,257.855461664741,303.88379170863,320.70340342988,342.557343196749,0.515710923329482,0.50647298618105,0.493389851430584,0.489367633138213,0.0263432901912689
2.975,f27c2278f5bdb77b,257.851483716491,303.88286475656,320.707156422219,342.558495104731,0.515702967432981,0.506471441260933,0.493395625264952,0.489369278721044,0.026333688711937
2.98,f27c2278f5bdb77b,257.847508591783,303.881937183086,320.710905842131,342.559648382999,0.515695017183566,0.506469895305144,0.493401393603279,0.489370926261428,0.0263240909221389
2.985,f27c2278f5bdb77b,257.843536290396,303.881008988184,320.714651691384,342.560803030036,0.515687072580792,0.50646834831364,0.493407156448283,0.489372575757195,0.0263144968235974
2.99,f27c2278f5bdb77b,257.839566812082,303.880080171837,320.718393971766,342.561959044315,0.515679133624164,0.506466800286395,0.493412913802717,0.489374227206164,0.0263049064179998
2.995,f27c2278f5bdb77b,257.83560015657,303.879150734039,320.72213268509,342.5631164243,0.515671200313141,0.506465251223399,0.49341866566937,0.489375880606142,0.0262953197069982
3,f27c2278f5bdb77b,257.831636323567,303.878220674793,320.725867833192,342.564275168448,0.515663272647135,0.506463701124655,0.493424412051065,0.489377535954925,0.0262857366922096
3.005,f27c2278f5bdb77b,257.827675312755,303.87728999411,320.729599417928,342.565435275207,0.515655350625511,0.506462149990183,0.493430152950659,0.489379193250295,0.0262761573752157
3.01,f27c2278f5bdb77b,257.823717123795,303.876358692009,320.733327441179,342.566596743017,0.515647434247589,0.506460597820015,0.493435888371044,0.489380852490025,0.0262665817575645
3.015,f27c2278f5bdb77b,257.819761756322,303.875426768522,320.737051904845,342.567759570312,0.515639523512643,0.506459044614203,0.493441618315146,0.489382513671874,0.0262570098407691
3.02,f27c2278f5bdb77b,257.815809209951,303.874494223685,320.740772810849,342.568923755515,0.515631618419902,0.506457490372808,0.493447342785922,0.489384176793593,0.0262474416263093
3.025,f27c2278f5bdb77b,257.811859484275,303.873561057546,320.744490161136,342.570089297043,0.515623718968549,0.506455935095911,0.493453061786363,0.489385841852918,0.0262378771156307
3.03,f27c2278f5bdb77b,257.807912578862,303.872627270162,320.74820395767,342.571256193305,0.515615825157725,0.506454378783604,0.493458775319493,0.489387508847579,0.026228316310146
3.035,f27c2278f5bdb77b,257.803968493262,303.871692861597,320.751914202437,342.572424442703,0.515607936986525,0.506452821435996,0.493464483388365,0.48938917777529,0.0262187592112352
3.04,f27c2278f5bdb77b,257.800027227001,303.870757831926,320.755620897444,342.57359404363,0.515600054454001,0.50645126305321,0.493470185996067,0.489390848633757,0.0262092058202447
3.045,f27c2278f5bdb77b,257.796088779582,303.86982218123,320.759324044715,342.574764994473,0.515592177559165,0.506449703635383,0.493475883145715,0.489392521420676,0.0261996561384891
3.05,f27c2278f5bdb77b,257.79215315049,303.8688859096,320.763023646298,342.575937293611,0.515584306300981,0.506448143182667,0.493481574840458,0.48939419613373,0.0261901101672505
3.055,f27c2278f5bdb77b,257.788220339188,303.867949017138,320.766719704257,342.577110939417,0.515576440678375,0.50644658169523,0.493487261083473,0.489395872770596,0.0261805679077796
3.06,f27c2278f5bdb77b,257.784290345115,303.867011503951,320.770412220679,342.578285930255,0.515568580690231,0.506445019173252,0.493492941877967,0.489397551328936,0.026171029361295
3.065,f27c2278f5bdb77b,257.780363167694,303.866073370157,320.774101197666,342.579462264483,0.515560726335389,0.506443455616928,0.493498617227178,0.489399231806404,0.0261614945289841
3.07,f27c2278f5bdb77b,257.776438806325,303.865134615881,320.777786637342,342.580639940452,0.515552877612649,0.506441891026468,0.493504287134373,0.489400914200646,0.0261519634120034
3.075,f27c2278f5bdb77b,257.772517260387,303.864195241258,320.781468541849,342.581818956507,0.515545034520773,0.506440325402096,0.493509951602844,0.489402598509295,0.0261424360114781
3.08,f27c2278f5bdb77b,257.76859852924,303.863255246431,320.785146913345,342.582999310984,0.51553719705848,0.506438758744051,0.493515610635916,0.489404284729977,0.0261329123285037
3.085,f27c2278f5bdb77b,257.764682612225,303.862314631551,320.78882175401,342.584181002214,0.51552936522445,0.506437191052585,0.493521264236939,0.489405972860305,0.0261233923641445
3.09,f27c2278f5bdb77b,257.760769508662,303.861373396778,320.792493066039,342.585364028521,0.515521539017323,0.506435622327964,0.493526912409291,0.489407662897887,0.0261138761194359
3.095,f27c2278f5bdb77b,257.756859217851,303.860431542281,320.796160851645,342.586548388224,0.515513718435701,0.506434052570468,0.493532555156376,0.489409354840319,0.0261043635953822
3.1,f27c2278f5bdb77b,257.752951739074,303.859489068236,320.799825113058,342.587734079632,0.515505903478148,0.506432481780393,0.493538192481628,0.489411048685189,0.026094854792959
3.105,f27c2278f5bdb77b,257.749047071593,303.858545974828,320.803485852528,342.588921101051,0.515498094143186,0.506430909958047,0.493543824388504,0.489412744430073,0.0260853497131128
3.11,f27c2278f5bdb77b,257.745145214652,303.857602262251,320.807143072317,342.59010945078,0.515490290429303,0.506429337103752,0.493549450880488,0.489414442072543,0.0260758483567605
3.115,f27c2278f5bdb77b,257.741246167474,303.856657930706,320.810796774708,342.591299127111,0.515482492334949,0.506427763217844,0.49355507196109,0.489416141610158,0.0260663507247908
3.12,f27c2278f5bdb77b,257.737349929267,303.855712980404,320.814446961999,342.59249012833,0.515474699858534,0.506426188300673,0.493560687633845,0.489417843040471,0.0260568568180636
3.125,f27c2278f5bdb77b,257.733456499217,303.854767411562,320.818093636503,342.593682452717,0.515466912998435,0.506424612352604,0.493566297902312,0.489419546361024,0.0260473666374105
3.13,f27c2278f5bdb77b,257.729565876494,303.853821224408,320.82173680055,342.594876098548,0.515459131752989,0.506423035374013,0.493571902770077,0.489421251569354,0.0260378801836351
3.135,f27c2278f5bdb77b,257.72567806025,303.852874419175,320.825376456486,342.59607106409,0.515451356120499,0.506421457365291,0.493577502240747,0.489422958662986,0.0260283974575134
3.14,f27c2278f5bdb77b,257.721793049616,303.851926996106,320.829012606671,342.597267347607,0.515443586099232,0.506419878326843,0.493583096317956,0.489424667639438,0.0260189184597938
3.145,f27c2278f5bdb77b,257.717910843709,303.850978955453,320.832645253483,342.598464947355,0.515435821687418,0.506418298259088,0.493588685005359,0.489426378496221,0.0260094431911971
3.15,f27c2278f5bdb77b,257.714031441628,303.850030297473,320.836274399313,342.599663861586,0.515428062883255,0.506416717162455,0.493594268306635,0.489428091230838,0.0259999716524174
3.155,f27c2278f5bdb77b,257.710154842452,303.849081022435,320.839900046566,342.600864088547,0.515420309684903,0.506415135037391,0.493599846225487,0.489429805840782,0.0259905038441217
3.16,f27c2278f5bdb77b,257.706281045245,303.848131130613,320.843522197665,342.602065626478,0.51541256209049,0.506413551884354,0.493605418765638,0.48943152232354,0.0259810397669503
3.165,f27c2278f5bdb77b,257.702410049054,303.847180622289,320.847140855044,342.603268473613,0.515404820098108,0.506411967703815,0.493610985930836,0.48943324067659,0.0259715794215174
3.17,f27c2278f5bdb77b,257.698541852908,303.846229497756,320.850756021152,342.604472628184,0.515397083705816,0.50641038249626,0.493616547724849,0.489434960897405,0.0259621228084109
3.175,f27c2278f5bdb77b,257.694676455821,303.845277757311,320.854367698454,342.605678088414,0.515389352911641,0.506408796262185,0.493622104151467,0.489436682983449,0.0259526699281925
3.18,f27c2278f5bdb77b,257.690813856788,303.844325401262,320.857975889426,342.606884852524,0.515381627713575,0.506407209002104,0.493627655214502,0.489438406932177,0.0259432207813984
3.185,f27c2278f5bdb77b,257.686954054789,303.843372429923,320.86158059656,342.608092918727,0.515373908109578,0.506405620716539,0.493633200917785,0.489440132741039,0.0259337753685393
3.19,f27c2278f5bdb77b,257.683097048789,303.842418843617,320.865181822361,342.609302285234,0.515366194097578,0.506404031406028,0.49363874126517,0.489441860407477,0.0259243336901005
3.195,f27c2278f5bdb77b,257.679242837734,303.841464642673,320.868779569344,342.610512950249,0.515358485675469,0.506402441071121,0.493644276260529,0.489443589928927,0.0259148957465421
3.2,f27c2278f5bdb77b,257.675391420558,303.84050982743,320.872373840041,342.611724911971,0.515350782841116,0.506400849712383,0.493649805907756,0.489445321302816,0.0259054615382994
3.205,f27c2278f5bdb77b,257.671542796175,303.839554398233,320.875964636996,342.612938168597,0.51534308559235,0.506399257330388,0.493655330210763,0.489447054526567,0.0258960310657833
3.21,f27c2278f5bdb77b,257.667696963486,303.838598355436,320.879551962763,342.614152718315,0.515335393926972,0.506397663925726,0.493660849173482,0.489448789597593,0.0258866043293797
3.215,f27c2278f5bdb77b,257.663853921376,303.8376416994,320.883135819912,342.615368559312,0.515327707842753,0.506396069498999,0.493666362799865,0.489450526513302,0.0258771813294505
3.22,f27c2278f5bdb77b,257.660013668716,303.836684430493,320.886716211023,342.616585689768,0.515320027337431,0.506394474050822,0.493671871093881,0.489452265271098,0.0258677620663338
3.225,f27c2278f5bdb77b,257.656176204358,303.835726549093,320.890293138688,342.617804107861,0.515312352408717,0.506392877581821,0.493677374059519,0.489454005868373,0.0258583465403434
3.23,f27c2278f5bdb77b,257.652341527144,303.834768055582,320.893866605511,342.619023811763,0.515304683054288,0.506391280092637,0.493682871700786,0.489455748302518,0.0258489347517697
3.235,f27c2278f5bdb77b,257.648509635897,303.833808950354,320.897436614108,342.620244799641,0.515297019271795,0.506389681583923,0.493688364021705,0.489457492570915,0.0258395267008794
3.24,f27c2278f5bdb77b,257.644680529428,303.832849233805,320.901003167108,342.621467069659,0.515289361058857,0.506388082056342,0.49369385102632,0.489459238670941,0.0258301223879162
3.245,f27c2278f5bdb77b,257.640854206533,303.831888906344,320.904566267148,342.622690619975,0.515281708413065,0.506386481510574,0.493699332718689,0.489460986599965,0.0258207218131006
3.25,f27c2278f5bdb77b,257.637030665991,303.830927968384,320.908125916878,342.623915448747,0.515274061331983,0.506384879947307,0.493704809102889,0.489462736355352,0.0258113249766301
3.255,f27c2278f5bdb77b,257.633209906571,303.829966420347,320.911682118959,342.625141554123,0.515266419813142,0.506383277367245,0.493710280183014,0.489464487934462,0.0258019318786796
3.26,f27c2278f5bdb77b,257.629391927024,303.829004262661,320.915234876062,342.626368934253,0.515258783854048,0.506381673771102,0.493715745963173,0.489466241334647,0.0257925425194017
3.265,f27c2278f5bdb77b,257.62557672609,303.828041495763,320.91878419087,342.627597587277,0.51525115345218,0.506380069159605,0.493721206447492,0.489467996553253,0.0257831568989264
3.27,f27c2278f5bdb77b,257.621764302493,303.827078120096,320.922330066074,342.628827511337,0.515243528604986,0.506378463533494,0.493726661640114,0.489469753587624,0.0257737750173616
3.275,f27c2278f5bdb77b,257.617954654944,303.826114136112,320.925872504377,342.630058704566,0.515235909309888,0.50637685689352,0.493732111545196,0.489471512435095,0.0257643968747933
3.28,f27c2278f5bdb77b,257.614147782141,303.825149544269,320.929411508492,342.631291165098,0.515228295564283,0.506375249240448,0.493737556166911,0.489473273092997,0.0257550224712857
3.285,f27c2278f5bdb77b,257.610343682768,303.824184345031,320.932947081142,342.632524891059,0.515220687365537,0.506373640575052,0.493742995509449,0.489475035558655,0.0257456518068815
3.29,f27c2278f5bdb77b,257.606542355496,303.823218538872,320.936479225058,342.633759880574,0.515213084710993,0.506372030898121,0.493748429577012,0.489476799829391,0.0257362848816019
3.295,f27c2278f5bdb77b,257.602743798983,303.822252126273,320.940007942982,342.634996131763,0.515205487597965,0.506370420210455,0.493753858373818,0.489478565902518,0.0257269216954469
3.3,f27c2278f5bdb77b,257.598948011872,303.821285107719,320.943533237665,342.636233642744,0.515197896023744,0.506368808512865,0.4937592819041,0.489480333775349,0.0257175622483953
3.305,f27c2278f5bdb77b,257.595154992796,303.820317483706,320.947055111867,342.637472411631,0.515190309985592,0.506367195806177,0.493764700172104,0.489482103445187,0.0257082065404052
3.31,f27c2278f5bdb77b,257.591364740373,303.819349254734,320.950573568359,342.638712436533,0.515182729480747,0.506365582091224,0.493770113182091,0.489483874909333,0.025698854571414
3.315,f27c2278f5bdb77b,257.587577253211,303.818380421313,320.954088609918,342.639953715558,0.515175154506421,0.506363967368856,0.493775520938335,0.489485648165083,0.0256895063413382
3.32,f27c2278f5bdb77b,257.583792529901,303.817410983959,320.957600239331,342.641196246809,0.515167585059802,0.506362351639931,0.493780923445124,0.489487423209728,0.0256801618500745
3.325,f27c2278f5bdb77b,257.580010569027,303.816440943192,320.961108459393,342.642440028388,0.515160021138053,0.506360734905321,0.493786320706759,0.489489200040554,0.0256708210974989
3.33,f27c2278f5bdb77b,257.576231369156,303.815470299545,320.964613272909,342.64368505839,0.515152462738311,0.506359117165908,0.493791712727553,0.489490978654843,0.0256614840834676
3.335,f27c2278f5bdb77b,257.572454928845,303.814499053552,320.968114682692,342.644931334911,0.51514490985769,0.506357498422587,0.493797099511833,0.489492759049873,0.0256521508078167
3.34,f27c2278f5bdb77b,257.56868124664,303.813527205758,320.97161269156,342.646178856042,0.51513736249328,0.506355878676264,0.493802481063938,0.489494541222917,0.0256428212703628
3.345,f27c2278f5bdb77b,257.564910321073,303.812554756714,320.975107302343,342.64742761987,0.515129820642146,0.506354257927856,0.49380785738822,0.489496325171243,0.0256334954709028
3.35,f27c2278f5bdb77b,257.561142150665,303.811581706976,320.978598517876,342.648677624482,0.515122284301331,0.506352636178294,0.493813228489041,0.489498110892117,0.0256241734092142
3.355,f27c2278f5bdb77b,257.557376733927,303.81060805711,320.982086341005,342.649928867958,0.515114753467854,0.506351013428517,0.493818594370776,0.489499898382798,0.0256148550850557
3.36,f27c2278f5bdb77b,257.553614069355,303.809633807687,320.985570774578,342.65118134838,0.515107228138709,0.506349389679478,0.493823955037813,0.489501687640543,0.025605540498166
3.365,f27c2278f5bdb77b,257.549854155435,303.808658959284,320.989051821457,342.652435063824,0.515099708310871,0.50634776493214,0.493829310494549,0.489503478662605,0.0255962296482658
3.37,f27c2278f5bdb77b,257.546096990644,303.807683512487,320.992529484506,342.653690012363,0.515092193981289,0.506346139187478,0.493834660745394,0.489505271446233,0.0255869225350562
3.375,f27c2278f5bdb77b,257.542342573445,303.806707467887,320.996003766599,342.654946192069,0.515084685146891,0.506344512446478,0.493840005794767,0.48950706598867,0.0255776191582206
3.38,f27c2278f5bdb77b,257.538590902291,303.805730826083,320.999474670615,342.656203601011,0.515077181804582,0.506342884710138,0.4938453456471,0.489508862287159,0.0255683195174231
3.385,f27c2278f5bdb77b,257.534841975623,303.804753587679,321.002942199442,342.657462237256,0.515069683951247,0.506341255979465,0.493850680306833,0.489510660338937,0.0255590236123098
3.39,f27c2278f5bdb77b,257.531095791873,303.803775753289,321.006406355972,342.658722098866,0.515062191583746,0.506339626255481,0.493856009778418,0.489512460141238,0.0255497314425088
3.395,f27c2278f5bdb77b,257.527352349461,303.802797323529,321.009867143106,342.659983183904,0.515054704698921,0.506337995539215,0.493861334066317,0.489514261691291,0.0255404430076299
3.4,f27c2278f5bdb77b,257.523611646795,303.801818299026,321.013324563751,342.661245490428,0.515047223293591,0.50633636383171,0.493866653175001,0.489516064986326,0.025531158307265
3.405,f27c2278f5bdb77b,257.519873682276,303.800838680411,321.016778620818,342.662509016495,0.515039747364552,0.506334731134019,0.493871967108951,0.489517870023564,0.0255218773409885
3.41,f27c2278f5bdb77b,257.516138454291,303.799858468323,321.020229317227,342.663773760158,0.515032276908583,0.506333097447205,0.493877275872657,0.489519676800226,0.025512600108357
3.415,f27c2278f5bdb77b,257.51240596122,303.798877663406,321.023676655903,342.665039719471,0.51502481192244,0.506331462772344,0.49388257947062,0.48952148531353,0.02550332660891
3.42,f27c2278f5bdb77b,257.508676201429,303.797896266313,321.027120639776,342.666306892482,0.515017352402858,0.506329827110522,0.493887877907348,0.489523295560689,0.025494056842169
3.425,f27c2278f5bdb77b,257.504949173277,303.7969142777,321.030561271783,342.66757527724,0.515009898346553,0.506328190462834,0.493893171187359,0.489525107538914,0.0254847908076389
3.43,f27c2278f5bdb77b,257.501224875111,303.795931698234,321.033998554866,342.66884487179,0.515002449750221,0.50632655283039,0.493898459315178,0.489526921245414,0.0254755285048074
3.435,f27c2278f5bdb77b,257.497503305269,303.794948528583,321.037432491972,342.670115674175,0.514995006610539,0.506324914214306,0.493903742295342,0.489528736677393,0.0254662699331453
3.44,f27c2278f5bdb77b,257.49378446208,303.793964769427,321.040863086055,342.671387682438,0.514987568924161,0.506323274615712,0.493909020132392,0.489530553832054,0.0254570150921068
3.445,f27c2278f5bdb77b,257.490068343862,303.792980421449,321.044290340072,342.672660894617,0.514980136687725,0.506321634035748,0.49391429283088,0.489532372706596,0.0254477639811291
3.45,f27c2278f5bdb77b,257.486354948924,303.791995485339,321.047714256987,342.67393530875,0.514972709897848,0.506319992475565,0.493919560395364,0.489534193298215,0.0254385165996332
3.455,f27c2278f5bdb77b,257.482644275565,303.791009961793,321.051134839768,342.675210922874,0.514965288551129,0.506318349936322,0.493924822830412,0.489536015604106,0.0254292729470236
3.46,f27c2278f5bdb77b,257.478936322074,303.790023851515,321.054552091388,342.676487735022,0.514957872644148,0.506316706419192,0.493930080140598,0.48953783962146,0.0254200330226886
3.465,f27c2278f5bdb77b,257.475231086733,303.789037155214,321.057966014826,342.677765743226,0.514950462173466,0.506315061925357,0.493935332330502,0.489539665347466,0.0254107968260005
3.47,f27c2278f5bdb77b,257.471528567813,303.788049873606,321.061376613064,342.679044945517,0.514943057135625,0.50631341645601,0.493940579404714,0.48954149277931,0.0254015643563155
3.475,f27c2278f5bdb77b,257.467828763575,303.787062007412,321.064783889089,342.680325339923,0.51493565752715,0.506311770012353,0.49394582136783,0.489543321914176,0.0253923356129739
3.48,f27c2278f5bdb77b,257.464131672274,303.78607355736,321.068187845893,342.681606924473,0.514928263344548,0.5063101225956,0.493951058224451,0.489545152749247,0.0253831105953006
3.485,f27c2278f5bdb77b,257.460437292153,303.785084524185,321.071588486471,342.682889697191,0.514920874584305,0.506308474206975,0.493956289979187,0.489546985281701,0.0253738893026044
3.49,f27c2278f5bdb77b,257.456745621448,303.784094908627,321.074985813824,342.684173656101,0.514913491242895,0.506306824847712,0.493961516636652,0.489548819508716,0.0253646717341791
3.495,f27c2278f5bdb77b,257.453056658385,303.783104711433,321.078379830956,342.685458799227,0.514906113316769,0.506305174519055,0.49396673820147,0.489550655427467,0.0253554578893028
3.5,f27c2278f5bdb77b,257.449370401182,303.782113933356,321.081770540874,342.686745124588,0.514898740802365,0.506303523222259,0.493971954678267,0.489552493035126,0.0253462477672385
3.505,f27c2278f5bdb77b,257.44568684805,303.781122575153,321.085157946591,342.688032630206,0.5148913736961,0.506301870958589,0.493977166071678,0.489554332328865,0.0253370413672344
3.51,f27c2278f5bdb77b,257.442005997188,303.780130637592,321.088542051122,342.689321314098,0.514884011994377,0.50630021772932,0.493982372386342,0.489556173305854,0.0253278386885231
3.515,f27c2278f5bdb77b,257.43832784679,303.779138121442,321.091922857487,342.69061117428,0.514876655693581,0.506298563535736,0.493987573626904,0.489558015963258,0.0253186397303228
3.52,f27c2278f5bdb77b,257.43465239504,303.778145027481,321.095300368709,342.69190220877,0.51486930479008,0.506296908379134,0.493992769798014,0.489559860298243,0.0253094444918369
3.525,f27c2278f5bdb77b,257.430979640113,303.777151356491,321.098674587814,342.693194415581,0.514861959280227,0.506295252260819,0.49399796090433,0.489561706307973,0.0253002529722539
3.53,f27c2278f5bdb77b,257.427309580179,303.776157109263,321.102045517832,342.694487792727,0.514854619160358,0.506293595182105,0.49400314695051,0.48956355398961,0.025291065170748
3.535,f27c2278f5bdb77b,257.423642213396,303.775162286591,321.105413161794,342.695782338219,0.514847284426792,0.506291937144318,0.494008327941222,0.489565403340313,0.025281881086479
3.54,f27c2278f5bdb77b,257.419977537917,303.774166889276,321.108777522739,342.697078050069,0.514839955075834,0.506290278148793,0.494013503881136,0.489567254357241,0.0252727007185925
3.545,f27c2278f5bdb77b,257.416315551885,303.773170918125,321.112138603703,342.698374926286,0.514832631103771,0.506288618196875,0.494018674774928,0.489569107037551,0.0252635240662196
3.55,f27c2278f5bdb77b,257.412656253438,303.772174373952,321.11549640773,342.699672964879,0.514825312506877,0.50628695728992,0.494023840627277,0.489570961378399,0.0252543511284775
3.555,f27c2278f5bdb77b,257.408999640704,303.771177257574,321.118850937864,342.700972163857,0.514817999281408,0.506285295429291,0.494029001442868,0.489572817376939,0.0252451819044696
3.56,f27c2278f5bdb77b,257.405345711804,303.770179569818,321.122202197153,342.702272521225,0.514810691423607,0.506283632616363,0.494034157226389,0.489574675030322,0.0252360163932852
3.565,f27c2278f5bdb77b,257.401694464851,303.769181311513,321.125550188646,342.703574034991,0.514803388929701,0.506281968852521,0.494039307982532,0.489576534335701,0.0252268545940001
3.57,f27c2278f5bdb77b,257.398045897951,303.768182483495,321.128894915397,342.704876703158,0.514796091795902,0.506280304139158,0.494044453715995,0.489578395290225,0.0252176965056763
3.575,f27c2278f5bdb77b,257.394400009203,303.767183086607,321.132236380459,342.706180523731,0.514788800018406,0.506278638477678,0.494049594431476,0.489580257891044,0.0252085421273624
3.58,f27c2278f5bdb77b,257.390756796699,303.766183121696,321.135574586892,342.707485494713,0.514781513593398,0.506276971869494,0.494054730133679,0.489582122135305,0.0251993914580934
3.585,f27c2278f5bdb77b,257.387116258522,303.765182589617,321.138909537753,342.708791614107,0.514774232517045,0.506275304316028,0.494059860827313,0.489583988020153,0.0251902444968912
3.59,f27c2278f5bdb77b,257.38347839275,303.764181491228,321.142241236106,342.710098879915,0.514766956785501,0.506273635818714,0.494064986517086,0.489585855542736,0.0251811012427643
3.595,f27c2278f5bdb77b,257.379843197453,303.763179827395,321.145569685014,342.711407290138,0.514759686394906,0.506271966378992,0.494070107207714,0.489587724700197,0.0251719616947085
3.6,f27c2278f5bdb77b,257.376210670693,303.762177598988,321.148894887542,342.712716842776,0.514752421341386,0.506270295998314,0.494075222903912,0.48958959548968,0.025162825851706
3.605,f27c2278f5bdb77b,257.372580810527,303.761174806884,321.15221684676,342.714027535829,0.514745161621054,0.50626862467814,0.4940803336104,0.489591467908327,0.0251536937127264
3.61,f27c2278f5bdb77b,257.368953615004,303.760171451965,321.155535565735,342.715339367296,0.514737907230007,0.506266952419941,0.4940854393319,0.489593341953281,0.0251445652767266
3.615,f27c2278f5bdb77b,257.365329082166,303.759167535118,321.15885104754,342.716652335176,0.514730658164332,0.506265279225196,0.494090540073138,0.489595217621681,0.0251354405426509
3.62,f27c2278f5bdb77b,257.361707210049,303.758163057236,321.162163295247,342.717966437468,0.514723414420098,0.506263605095394,0.494095635838841,0.489597094910668,0.0251263195094305
3.625,f27c2278f5bdb77b,257.358087996683,303.757158019219,321.165472311931,342.719281672167,0.514716175993366,0.506261930032032,0.494100726633739,0.489598973817381,0.0251172021759846
3.63,f27c2278f5bdb77b,257.35447144009,303.756152421971,321.168778100667,342.720598037272,0.51470894288018,0.506260254036618,0.494105812462564,0.48960085433896,0.0251080885412198
3.635,f27c2278f5bdb77b,257.350857538286,303.755146266401,321.172080664533,342.72191553078,0.514701715076573,0.506258577110669,0.49411089333005,0.489602736472543,0.0250989786040302
3.64,f27c2278f5bdb77b,257.347246289282,303.754139553425,321.175380006607,342.723234150686,0.514694492578564,0.506256899255709,0.494115969240933,0.489604620215266,0.0250898723632981
3.645,f27c2278f5bdb77b,257.34363769108,303.753132283964,321.178676129969,342.724553894987,0.51468727538216,0.506255220473273,0.494121040199952,0.489606505564267,0.0250807698178934
3.65,f27c2278f5bdb77b,257.340031741678,303.752124458943,321.1819690377,342.725874761678,0.514680063483357,0.506253540764906,0.494126106211846,0.489608392516683,0.0250716709666742
3.655,f27c2278f5bdb77b,257.336428439068,303.751116079296,321.185258732882,342.727196748754,0.514672856878135,0.50625186013216,0.494131167281357,0.489610281069649,0.0250625758084863
3.66,f27c2278f5bdb77b,257.332827781233,303.750107145958,321.188545218598,342.728519854212,0.514665655562466,0.506250178576596,0.494136223413227,0.489612171220302,0.0250534843421639
3.665,f27c2278f5bdb77b,257.329229766153,303.749097659872,321.191828497931,342.729844076044,0.514658459532307,0.506248496099786,0.494141274612201,0.489614062965777,0.0250443965665297
3.67,f27c2278f5bdb77b,257.325634391802,303.748087621986,321.195108573966,342.731169412246,0.514651268783603,0.50624681270331,0.494146320883024,0.489615956303209,0.0250353124803943
3.675,f27c2278f5bdb77b,257.322041656145,303.747077033254,321.198385449788,342.732495860813,0.51464408331229,0.506245128388756,0.494151362230443,0.489617851229733,0.0250262320825569
3.68,f27c2278f5bdb77b,257.318451557144,303.746065894633,321.201659128484,342.733823419739,0.514636903114289,0.506243443157722,0.494156398659206,0.489619747742484,0.0250171553718053
3.685,f27c2278f5bdb77b,257.314864092756,303.745054207088,321.204929613139,342.735152087017,0.514629728185511,0.506241757011814,0.494161430174061,0.489621645838595,0.025008082346916
3.69,f27c2278f5bdb77b,257.311279260928,303.744041971588,321.208196906842,342.736481860642,0.514622558521857,0.506240069952647,0.494166456779757,0.489623545515203,0.0249990130066539
3.695,f27c2278f5bdb77b,257.307697059606,303.743029189107,321.211461012679,342.737812738608,0.514615394119213,0.506238381981845,0.494171478481044,0.48962544676944,0.0249899473497729
3.7,f27c2278f5bdb77b,257.304117486729,303.742015860625,321.214721933738,342.739144718909,0.514608234973457,0.506236693101042,0.494176495282673,0.489627349598441,0.0249808853750159
3.705,f27c2278f5bdb77b,257.300540540228,303.741001987126,321.217979673107,342.740477799539,0.514601081080456,0.506235003311877,0.494181507189395,0.489629253999341,0.0249718270811144
3.71,f27c2278f5bdb77b,257.296966218032,303.739987569601,321.221234233875,342.741811978492,0.514593932436064,0.506233312616002,0.494186514205961,0.489631159969274,0.0249627724667893
3.715,f27c2278f5bdb77b,257.293394518062,303.738972609045,321.22448561913,342.743147253762,0.514586789036125,0.506231621015075,0.494191516337123,0.489633067505375,0.0249537215307504
3.72,f27c2278f5bdb77b,257.289825438237,303.737957106458,321.227733831961,342.744483623344,0.514579650876474,0.506229928510764,0.494196513587633,0.489634976604777,0.0249446742716969
3.725,f27c2278f5bdb77b,257.286258976467,303.736941062846,321.230978875457,342.745821085231,0.514572517952933,0.506228235104743,0.494201505962241,0.489636887264616,0.0249356306883172
3.73,f27c2278f5bdb77b,257.282695130658,303.735924479219,321.234220752705,342.747159637419,0.514565390261316,0.506226540798698,0.4942064934657,0.489638799482026,0.0249265907792891
3.735,f27c2278f5bdb77b,257.279133898712,303.734907356592,321.237459466795,342.748499277901,0.514558267797424,0.506224845594321,0.494211476102761,0.489640713254144,0.0249175545432797
3.74,f27c2278f5bdb77b,257.275575278525,303.733889695988,321.240695020814,342.749840004673,0.51455115055705,0.506223149493313,0.494216453878175,0.489642628578104,0.0249085219789461
3.745,f27c2278f5bdb77b,257.272019267989,303.732871498431,321.243927417851,342.75118181573,0.514544038535977,0.506221452497385,0.494221426796693,0.489644545451043,0.0248994930849343
3.75,f27c2278f5bdb77b,257.268465864988,303.731852764952,321.247156660993,342.752524709067,0.514536931729977,0.506219754608253,0.494226394863065,0.489646463870096,0.0248904678598809
3.755,f27c2278f5bdb77b,257.264915067406,303.730833496587,321.250382753327,342.75386868268,0.514529830134812,0.506218055827646,0.494231358082041,0.4896483838324,0.0248814463024116
3.76,f27c2278f5bdb77b,257.261366873117,303.729813694378,321.25360569794,342.755213734565,0.514522733746235,0.506216356157296,0.494236316458369,0.489650305335093,0.0248724284111422
3.765,f27c2278f5bdb77b,257.257821279995,303.728793359369,321.256825497918,342.756559862718,0.51451564255999,0.506214655598948,0.494241269996798,0.489652228375311,0.0248634141846784
3.77,f27c2278f5bdb77b,257.254278285905,303.727772492611,321.260042156348,342.757907065136,0.51450855657181,0.506212954154352,0.494246218702074,0.489654152950194,0.0248544036216161
3.775,f27c2278f5bdb77b,257.25073788871,303.726751095161,321.263255676314,342.759255339815,0.51450147577742,0.506211251825268,0.494251162578945,0.489656079056879,0.0248453967205408
3.78,f27c2278f5bdb77b,257.247200086267,303.725729168079,321.2664660609,342.760604684754,0.514494400172535,0.506209548613464,0.494256101632154,0.489658006692506,0.0248363934800289
3.785,f27c2278f5bdb77b,257.24366487643,303.724706712429,321.26967331319,342.76195509795,0.514487329752861,0.506207844520715,0.494261035866447,0.489659935854214,0.0248273938986465
3.79,f27c2278f5bdb77b,257.240132257048,303.723683729283,321.272877436267,342.763306577402,0.514480264514095,0.506206139548805,0.494265965286565,0.489661866539145,0.0248183979749502
3.795,f27c2278f5bdb77b,257.236602225963,303.722660219716,321.276078433213,342.764659121108,0.514473204451927,0.506204433699527,0.494270889897251,0.48966379874444,0.024809405707487
3.8,f27c2278f5bdb77b,257.233074781017,303.721636184807,321.279276307108,342.766012727068,0.514466149562034,0.506202726974679,0.494275809703243,0.48966573246724,0.0248004170947942
3.805,f27c2278f5bdb77b,257.229549920044,303.720611625642,321.282471061033,342.767367393281,0.514459099840088,0.50620101937607,0.494280724709281,0.489667667704688,0.0247914321353999
3.81,f27c2278f5bdb77b,257.226027640875,303.71958654331,321.285662698066,342.768723117749,0.51445205528175,0.506199310905516,0.494285634920101,0.489669604453927,0.0247824508278228
3.815,f27c2278f5bdb77b,257.222507941338,303.718560938905,321.288851221285,342.770079898472,0.514445015882676,0.506197601564842,0.494290540340438,0.489671542712103,0.0247734731705721
3.82,f27c2278f5bdb77b,257.218990819254,303.717534813526,321.292036633767,342.771437733453,0.514437981638509,0.506195891355877,0.494295440975026,0.489673482476361,0.0247644991621478
3.825,f27c2278f5bdb77b,257.215476272443,303.716508168278,321.295218938587,342.772796620692,0.514430952544886,0.506194180280464,0.494300336828595,0.489675423743845,0.024755528801041
3.83,f27c2278f5bdb77b,257.211964298719,303.715481004269,321.298398138819,342.774156558194,0.514423928597438,0.506192468340448,0.494305227905875,0.489677366511705,0.0247465620857331
3.835,f27c2278f5bdb77b,257.208454895892,303.714453322611,321.301574237536,342.775517543961,0.514416909791784,0.506190755537685,0.494310114211594,0.489679310777087,0.0247375990146972
3.84,f27c2278f5bdb77b,257.204948061769,303.713425124423,321.304747237809,342.776879575999,0.514409896123538,0.506189041874039,0.494314995750476,0.489681256537141,0.0247286395863971
3.845,f27c2278f5bdb77b,257.201443794152,303.712396410828,321.307917142709,342.778242652312,0.514402887588304,0.506187327351379,0.494319872527244,0.489683203789016,0.0247196837992873
3.85,f27c2278f5bdb77b,257.19794209084,303.711367182952,321.311083955303,342.779606770905,0.514395884181679,0.506185611971586,0.49432474454662,0.489685152529865,0.0247107316518145
3.855,f27c2278f5bdb77b,257.194442949627,303.710337441927,321.314247678659,342.780971929787,0.514388885899254,0.506183895736545,0.494329611813322,0.489687102756839,0.0247017831424154
3.86,f27c2278f5bdb77b,257.190946368305,303.709307188889,321.317408315842,342.782338126964,0.51438189273661,0.506182178648149,0.494334474332065,0.489689054467091,0.0246928382695189
3.865,f27c2278f5bdb77b,257.187452344661,303.708276424981,321.320565869916,342.783705360443,0.514374904689321,0.506180460708301,0.494339332107563,0.489691007657776,0.0246838970315451
3.87,f27c2278f5bdb77b,257.183960876478,303.707245151345,321.323720343942,342.785073628235,0.514367921752955,0.506178741918909,0.494344185144526,0.48969296232605,0.0246749594269053
3.875,f27c2278f5bdb77b,257.180471961536,303.706213369134,321.326871740981,342.786442928349,0.514360943923072,0.50617702228189,0.494349033447663,0.48969491846907,0.0246660254540024
3.88,f27c2278f5bdb77b,257.176985597612,303.705181079501,321.330020064091,342.787813258795,0.514353971195225,0.506175301799169,0.494353877021678,0.489696876083994,0.0246570951112311
3.885,f27c2278f5bdb77b,257.173501782479,303.704148283606,321.333165316329,342.789184617586,0.514347003564958,0.506173580472676,0.494358715871275,0.48969883516798,0.0246481683969774
3.89,f27c2278f5bdb77b,257.170020513905,303.703114982611,321.33630750075,342.790557002734,0.514340041027811,0.506171858304352,0.494363550001153,0.489700795718191,0.0246392453096193
3.895,f27c2278f5bdb77b,257.166541789657,303.702081177685,321.339446620406,342.791930412252,0.514333083579315,0.506170135296141,0.494368379416009,0.489702757731789,0.0246303258475262
3.9,f27c2278f5bdb77b,257.163065607498,303.70104687,321.342582678348,342.793304844155,0.514326131214995,0.506168411449999,0.494373204120535,0.489704721205935,0.0246214100090598
3.905,f27c2278f5bdb77b,257.159591965185,303.700012060732,321.345715677625,342.794680296458,0.51431918393037,0.506166686767887,0.494378024119423,0.489706686137796,0.0246124977925733
3.91,f27c2278f5bdb77b,257.156120860475,303.698976751064,321.348845621284,342.796056767177,0.51431224172095,0.506164961251773,0.49438283941736,0.489708652524538,0.0246035891964121
3.915,f27c2278f5bdb77b,257.152652291121,303.69794094218,321.351972512369,342.79743425433,0.514305304582242,0.506163234903633,0.49438765001903,0.489710620363328,0.0245946842189133
3.92,f27c2278f5bdb77b,257.149186254871,303.69690463527,321.355096353923,342.798812755935,0.514298372509743,0.50616150772545,0.494392455929113,0.489712589651336,0.0245857828584066
3.925,f27c2278f5bdb77b,257.145722749473,303.695867831529,321.358217148986,342.800192270012,0.514291445498945,0.506159779719215,0.494397257152286,0.489714560385732,0.0245768851132134
3.93,f27c2278f5bdb77b,257.142261772668,303.694830532155,321.361334900596,342.801572794581,0.514284523545335,0.506158050886925,0.494402053693225,0.489716532563688,0.0245679909816474
3.935,f27c2278f5bdb77b,257.138803322196,303.693792738351,321.364449611789,342.802954327665,0.514277606644392,0.506156321230585,0.494406845556598,0.489718506182378,0.0245591004620141
3.94,f27c2278f5bdb77b,257.135347395795,303.692754451324,321.367561285597,342.804336867284,0.51427069479159,0.506154590752206,0.494411632747072,0.489720481238977,0.0245502135526127
3.945,f27c2278f5bdb77b,257.131893991198,303.691715672285,321.370669925053,342.805720411464,0.514263787982396,0.506152859453809,0.494416415269312,0.489722457730663,0.0245413302517332
3.95,f27c2278f5bdb77b,257.128443106136,303.690676402451,321.373775533184,342.807104958229,0.514256886212272,0.506151127337418,0.494421193127975,0.489724435654613,0.0245324505576588
3.955,f27c2278f5bdb77b,257.124994738337,303.68963664304,321.376878113017,342.808490505606,0.514249989476674,0.506149394405067,0.494425966327718,0.489726415008009,0.0245235744686652
3.96,f27c2278f5bdb77b,257.121548885526,303.688596395278,321.379977667575,342.809877051622,0.514243097771051,0.506147660658797,0.494430734873192,0.489728395788031,0.0245147019830205
3.965,f27c2278f5bdb77b,257.118105545424,303.687555660392,321.383074199879,342.811264594304,0.514236211090849,0.506145926100653,0.494435498769045,0.489730377991863,0.0245058330989853
3.97,f27c2278f5bdb77b,257.114664715752,303.686514439615,321.386167712949,342.812653131684,0.514229329431505,0.506144190732691,0.494440258019921,0.489732361616691,0.0244969678148131
3.975,f27c2278f5bdb77b,257.111226394226,303.685472734183,321.389258209799,342.814042661792,0.514222452788452,0.506142454556971,0.494445012630461,0.489734346659702,0.0244881061287501
3.98,f27c2278f5bdb77b,257.10779057856,303.684430545337,321.392345693444,342.815433182659,0.51421558115712,0.506140717575562,0.494449762605298,0.489736333118085,0.0244792480390351
3.985,f27c2278f5bdb77b,257.104357266464,303.683387874322,321.395430166893,342.81682469232,0.514208714532929,0.506138979790537,0.494454507949067,0.489738320989029,0.0244703935438997
3.99,f27c2278f5bdb77b,257.100926455648,303.682344722387,321.398511633155,342.818217188809,0.514201852911296,0.506137241203979,0.494459248666392,0.489740310269728,0.0244615426415686
3.995,f27c2278f5bdb77b,257.097498143817,303.681301090785,321.401590095234,342.819610670163,0.514194996287635,0.506135501817975,0.494463984761899,0.489742300957375,0.0244526953302594
4,f27c2278f5bdb77b,257.094072328675,303.680256980773,321.404665556134,342.821005134418,0.514188144657351,0.506133761634622,0.494468716240206,0.489744293049168,0.0244438516081825
4.005,f27c2278f5bdb77b,257.090649007922,303.679212393613,321.407738018852,342.822400579612,0.514181298015845,0.506132020656021,0.494473443105927,0.489746286542304,0.0244350114735415
4.01,f27c2278f5bdb77b,257.087228179257,303.678167330568,321.410807486387,342.823797003787,0.514174456358515,0.50613027888428,0.494478165363672,0.489748281433982,0.0244261749245331
4.015,f27c2278f5bdb77b,257.083809840376,303.677121792909,321.413873961731,342.825194404983,0.514167619680752,0.506128536321516,0.494482883018048,0.489750277721405,0.0244173419593471
4.02,f27c2278f5bdb77b,257.080393988972,303.676075781909,321.416937447876,342.826592781243,0.514160787977943,0.506126792969849,0.494487596073655,0.489752275401776,0.0244085125761667
4.025,f27c2278f5bdb77b,257.076980622735,303.675029298845,321.419997947808,342.827992130612,0.51415396124547,0.506125048831408,0.49449230453509,0.489754274472302,0.024399686773168
4.03,f27c2278f5bdb77b,257.073569739355,303.673982344998,321.423055464514,342.829392451133,0.514147139478711,0.506123303908329,0.494497008406944,0.48975627493019,0.0243908645485206
4.035,f27c2278f5bdb77b,257.070161336519,303.672934921652,321.426110000974,342.830793740855,0.514140322673038,0.506121558202754,0.494501707693806,0.48975827677265,0.0243820459003875
4.04,f27c2278f5bdb77b,257.066755411909,303.671887030098,321.429161560167,342.832195997826,0.514133510823819,0.506119811716829,0.494506402400257,0.489760279996894,0.0243732308269251
4.045,f27c2278f5bdb77b,257.063351963209,303.670838671627,321.432210145069,342.833599220095,0.514126703926418,0.506118064452712,0.494511092530876,0.489762284600135,0.0243644193262832
4.05,f27c2278f5bdb77b,257.059950988098,303.669789847537,321.435255758652,342.835003405713,0.514119901976195,0.506116316412561,0.494515778090234,0.48976429057959,0.0243556113966052
4.055,f27c2278f5bdb77b,257.056552484252,303.668740559128,321.438298403886,342.836408552734,0.514113104968505,0.506114567598546,0.494520459082901,0.489766297932477,0.024346807036028
4.06,f27c2278f5bdb77b,257.053156449349,303.667690807705,321.441338083736,342.837814659211,0.514106312898698,0.506112818012841,0.49452513551344,0.489768306656016,0.0243380062426821
4.065,f27c2278f5bdb77b,257.04976288106,303.666640594575,321.444374801165,342.8392217232,0.51409952576212,0.506111067657625,0.494529807386407,0.489770316747428,0.0243292090146919
4.07,f27c2278f5bdb77b,257.046371777058,303.665589921052,321.447408559133,342.840629742758,0.514092743554115,0.506109316535086,0.494534474706358,0.48977232820394,0.0243204153501749
4.075,f27c2278f5bdb77b,257.04298313501,303.66453878845,321.450439360595,342.842038715944,0.514085966270021,0.506107564647417,0.494539137477839,0.489774341022778,0.024311625247243
4.08,f27c2278f5bdb77b,257.039596952585,303.66348719809,321.453467208506,342.843448640818,0.514079193905171,0.506105811996817,0.494543795705394,0.489776355201169,0.0243028387040018
4.085,f27c2278f5bdb77b,257.036213227448,303.662435151295,321.456492105814,342.844859515442,0.514072426454896,0.506104058585492,0.49454844939356,0.489778370736346,0.0242940557185505
4.09,f27c2278f5bdb77b,257.032831957262,303.661382649393,321.459514055466,342.846271337879,0.514065663914524,0.506102304415655,0.494553098546871,0.489780387625542,0.0242852762889824
4.095,f27c2278f5bdb77b,257.029453139688,303.660329693713,321.462533060404,342.847684106194,0.514058906279376,0.506100549489522,0.494557743169853,0.489782405865992,0.0242765004133845
4.1,f27c2278f5bdb77b,257.026076772386,303.659276285592,321.465549123568,342.849097818454,0.514052153544772,0.506098793809319,0.494562383267028,0.489784425454934,0.0242677280898383
4.105,f27c2278f5bdb77b,257.022702853014,303.658222426366,321.468562247894,342.850512472726,0.514045405706027,0.506097037377277,0.494567018842914,0.489786446389608,0.024258959316419
4.11,f27c2278f5bdb77b,257.019331379227,303.657168117379,321.471572436314,342.85192806708,0.514038662758453,0.506095280195631,0.494571649902022,0.489788468667258,0.0242501940911956
4.115,f27c2278f5bdb77b,257.015962348679,303.656113359975,321.474579691757,342.853344599588,0.514031924697358,0.506093522266625,0.494576276448857,0.489790492285126,0.024241432412232
4.12,f27c2278f5bdb77b,257.012595759024,303.655058155504,321.477584017149,342.854762068323,0.514025191518047,0.506091763592507,0.494580898487921,0.489792517240462,0.0242326742775854
4.125,f27c2278f5bdb77b,257.009231607911,303.65400250532,321.48058541541,342.856180471359,0.514018463215821,0.506090004175533,0.494585516023708,0.489794543530513,0.0242239196853081
4.13,f27c2278f5bdb77b,257.005869892989,303.652946410778,321.48358388946,342.857599806773,0.514011739785978,0.506088244017963,0.494590129060708,0.489796571152532,0.0242151686334462
4.135,f27c2278f5bdb77b,257.002510611907,303.651889873238,321.486579442213,342.859020072641,0.514005021223814,0.506086483122064,0.494594737603405,0.489798600103774,0.0242064211200401
4.14,f27c2278f5bdb77b,256.999153762309,303.650832894065,321.48957207658,342.860441267046,0.513998307524618,0.506084721490109,0.494599341656277,0.489800630381494,0.0241976771431245
4.145,f27c2278f5bdb77b,256.99579934184,303.649775474626,321.492561795468,342.861863388066,0.51399159868368,0.506082959124376,0.494603941223797,0.489802661982951,0.0241889367007289
4.15,f27c2278f5bdb77b,256.992447348143,303.64871761629,321.495548601781,342.863286433786,0.513984894696285,0.506081196027151,0.494608536310432,0.489804694905409,0.024180199790877
4.155,f27c2278f5bdb77b,256.989097778858,303.647659320434,321.498532498418,342.86471040229,0.513978195557716,0.506079432200723,0.494613126920643,0.489806729146129,0.024171466411587
4.16,f27c2278f5bdb77b,256.985750631625,303.646600588434,321.501513488276,342.866135291665,0.51397150126325,0.50607766764739,0.494617713058886,0.489808764702378,0.0241627365608714
4.165,f27c2278f5bdb77b,256.982405904082,303.645541421672,321.504491574247,342.867561099999,0.513964811808165,0.506075902369453,0.494622294729611,0.489810801571427,0.0241540102367378
4.17,f27c2278f5bdb77b,256.979063593866,303.644481821532,321.50746675922,342.868987825381,0.513958127187733,0.50607413636922,0.494626871937261,0.489812839750545,0.0241452874371882
4.175,f27c2278f5bdb77b,256.975723698613,303.643421789404,321.510439046079,342.870415465905,0.513951447397226,0.506072369649006,0.494631444686275,0.489814879237007,0.024136568160219
4.18,f27c2278f5bdb77b,256.972386215955,303.642361326677,321.513408437705,342.871844019662,0.513944772431911,0.506070602211129,0.494636012981085,0.489816920028089,0.0241278524038216
4.185,f27c2278f5bdb77b,256.969051143526,303.641300434749,321.516374936976,342.873273484749,0.513938102287053,0.506068834057915,0.494640576826117,0.48981896212107,0.0241191401659824
4.19,f27c2278f5bdb77b,256.965718478957,303.640239115016,321.519338546764,342.874703859263,0.513931436957914,0.506067065191694,0.494645136225791,0.489821005513232,0.0241104314446818
4.195,f27c2278f5bdb77b,256.962388219878,303.639177368882,321.522299269939,342.876135141302,0.513924776439755,0.506065295614803,0.494649691184522,0.489823050201859,0.0241017262378958
4.2,f27c2278f5bdb77b,256.959060363916,303.63811519775,321.525257109367,342.877567328966,0.513918120727833,0.506063525329584,0.494654241706718,0.489825096184238,0.024093024543595
4.205,f27c2278f5bdb77b,256.955734908701,303.637052603031,321.528212067908,342.87900042036,0.513911469817402,0.506061754338385,0.494658787796782,0.489827143457657,0.0240843263597448
4.21,f27c2278f5bdb77b,256.952411851857,303.635989586136,321.531164148421,342.880434413586,0.513904823703715,0.506059982643559,0.494663329459109,0.489829192019409,0.0240756316843058
4.215,f27c2278f5bdb77b,256.949091191011,303.634926148479,321.534113353758,342.881869306752,0.513898182382022,0.506058210247465,0.494667866698089,0.489831241866789,0.0240669405152334
4.22,f27c2278f5bdb77b,256.945772923785,303.63386229148,321.53705968677,342.883305097965,0.513891545847571,0.506056437152467,0.494672399518107,0.489833292997092,0.0240582528504782
4.225,f27c2278f5bdb77b,256.942457047803,303.632798016561,321.540003150301,342.884741785334,0.513884914095606,0.506054663360935,0.49467692792354,0.489835345407621,0.0240495686879856
4.23,f27c2278f5bdb77b,256.939143560686,303.631733325147,321.542943747194,342.886179366973,0.513878287121372,0.506052888875245,0.49468145191876,0.489837399095676,0.0240408880256966
4.235,f27c2278f5bdb77b,256.935832460055,303.630668218666,321.545881480286,342.887617840994,0.513871664920109,0.506051113697776,0.494685971508132,0.489839454058563,0.0240322108615468
4.24,f27c2278f5bdb77b,256.932523743529,303.629602698549,321.54881635241,342.889057205513,0.513865047487057,0.506049337830915,0.494690486696015,0.48984151029359,0.0240235371934675
4.245,f27c2278f5bdb77b,256.929217408726,303.628536766232,321.551748366395,342.890497458647,0.513858434817452,0.506047561277054,0.494694997486761,0.489843567798067,0.0240148670193848
4.25,f27c2278f5bdb77b,256.925913453264,303.627470423153,321.554677525067,342.891938598516,0.513851826906528,0.506045784038589,0.494699503884718,0.489845626569308,0.0240062003372201
4.255,f27c2278f5bdb77b,256.92261187476,303.626403670753,321.557603831246,342.89338062324,0.51384522374952,0.506044006117922,0.494704005894225,0.489847686604629,0.0239975371448907
4.26,f27c2278f5bdb77b,256.919312670829,303.625336510477,321.56052728775,342.894823530944,0.513838625341657,0.506042227517461,0.494708503519616,0.489849747901349,0.0239888774403088
4.265,f27c2278f5bdb77b,256.916015839085,303.624268943771,321.563447897392,342.896267319752,0.51383203167817,0.506040448239619,0.494712996765218,0.489851810456788,0.0239802212213816
4.27,f27c2278f5bdb77b,256.912721377142,303.623200972088,321.566365662979,342.897711987791,0.513825442754285,0.506038668286813,0.494717485635352,0.489853874268272,0.0239715684860126
4.275,f27c2278f5bdb77b,256.909429282614,303.62213259688,321.569280587317,342.899157533189,0.513818858565228,0.506036887661467,0.494721970134333,0.489855939333128,0.0239629192321
4.28,f27c2278f5bdb77b,256.906139553111,303.621063819605,321.572192673205,342.900603954079,0.513812279106223,0.506035106366008,0.494726450266469,0.489858005648684,0.0239542734575381
4.285,f27c2278f5bdb77b,256.902852186246,303.619994641723,321.575101923439,342.902051248592,0.513805704372491,0.506033324402871,0.49473092603606,0.489860073212275,0.0239456311602164
4.29,f27c2278f5bdb77b,256.899567179627,303.618925064696,321.578008340812,342.903499414865,0.513799134359255,0.506031541774494,0.494735397447403,0.489862142021235,0.0239369923380197
4.295,f27c2278f5bdb77b,256.896284530866,303.617855089992,321.58091192811,342.904948451032,0.513792569061732,0.506029758483321,0.494739864504784,0.489864212072903,0.0239283569888289
4.3,f27c2278f5bdb77b,256.89300423757,303.61678471908,321.583812688117,342.906398355233,0.51378600847514,0.5060279745318,0.494744327212487,0.489866283364619,0.0239197251105205
4.305,f27c2278f5bdb77b,256.889726297347,303.615713953431,321.586710623612,342.90784912561,0.513779452594695,0.506026189922385,0.494748785574787,0.489868355893728,0.0239110967009666
4.31,f27c2278f5bdb77b,256.886450707806,303.614642794522,321.589605737369,342.909300760304,0.513772901415612,0.506024404657536,0.494753239595952,0.489870429657577,0.0239024717580347
4.315,f27c2278f5bdb77b,256.883177466552,303.61357124383,321.592498032158,342.91075325746,0.513766354933103,0.506022618739716,0.494757689280243,0.489872504653515,0.0238938502795885
4.32,f27c2278f5bdb77b,256.879906571191,303.612499302836,321.595387510747,342.912206615226,0.513759813142382,0.506020832171394,0.494762134631918,0.489874580878894,0.0238852322634874
4.325,f27c2278f5bdb77b,256.876638019329,303.611426973026,321.598274175895,342.91366083175,0.513753276038658,0.506019044955044,0.494766575655223,0.489876658331071,0.0238766177075864
4.33,f27c2278f5bdb77b,256.87337180857,303.610354255886,321.601158030361,342.915115905182,0.51374674361714,0.506017257093144,0.494771012354402,0.489878737007403,0.0238680066097365
4.335,f27c2278f5bdb77b,256.870107936518,303.609281152907,321.604039076898,342.916571833676,0.513740215873037,0.506015468588179,0.494775444733689,0.489880816905252,0.0238593989677847
4.34,f27c2278f5bdb77b,256.866846400778,303.608207665582,321.606917318254,342.918028615387,0.513733692801555,0.506013679442636,0.494779872797314,0.489882898021981,0.0238507947795739
4.345,f27c2278f5bdb77b,256.863587198951,303.607133795405,321.609792757173,342.919486248471,0.513727174397901,0.506011889659009,0.494784296549497,0.489884980354959,0.0238421940429426
4.35,f27c2278f5bdb77b,256.86033032864,303.606059543878,321.612665396395,342.920944731088,0.513720660657279,0.506010099239796,0.494788715994454,0.489887063901554,0.0238335967557257
4.355,f27c2278f5bdb77b,256.857075787447,303.604984912501,321.615535238655,342.922404061397,0.513714151574893,0.506008308187501,0.494793131136393,0.489889148659139,0.0238250029157541
4.36,f27c2278f5bdb77b,256.853823572973,303.603909902778,321.618402286685,342.923864237564,0.513707647145946,0.50600651650463,0.494797541979515,0.489891234625091,0.0238164125208548
4.365,f27c2278f5bdb77b,256.85057368282,303.602834516218,321.62126654321,342.925325257752,0.513701147365639,0.506004724193697,0.494801948528016,0.489893321796789,0.0238078255688504
4.37,f27c2278f5bdb77b,256.847326114587,303.601758754331,321.624128010953,342.926787120129,0.513694652229173,0.506002931257218,0.494806350786082,0.489895410171613,0.0237992420575603
4.375,f27c2278f5bdb77b,256.844080865874,303.600682618629,321.626986692632,342.928249822864,0.513688161731749,0.506001137697715,0.494810748757895,0.489897499746949,0.0237906619847997
4.38,f27c2278f5bdb77b,256.840837934282,303.599606110629,321.629842590959,342.929713364129,0.513681675868565,0.505999343517715,0.494815142447629,0.489899590520185,0.0237820853483801
4.385,f27c2278f5bdb77b,256.83759731741,303.59852923185,321.632695708643,342.931177742098,0.51367519463482,0.505997548719749,0.494819531859451,0.489901682488711,0.0237735121461088
4.39,f27c2278f5bdb77b,256.834359012856,303.597451983812,321.635546048388,342.932642954944,0.513668718025711,0.505995753306353,0.49482391699752,0.489903775649921,0.0237649423757905
4.395,f27c2278f5bdb77b,256.831123018218,303.59637436804,321.638393612894,342.934109000848,0.513662246036436,0.505993957280067,0.494828297865991,0.489905870001211,0.0237563760352248
4.4,f27c2278f5bdb77b,256.827889331095,303.595296386061,321.641238404856,342.935575877987,0.51365577866219,0.505992160643435,0.49483267446901,0.489907965539982,0.0237478131222088
4.405,f27c2278f5bdb77b,256.824657949085,303.594218039405,321.644080426965,342.937043584545,0.51364931589817,0.505990363399008,0.494837046810715,0.489910062263636,0.0237392536345349
4.41,f27c2278f5bdb77b,256.821428869786,303.593139329604,321.646919681906,342.938512118705,0.513642857739571,0.50598856554934,0.49484141489524,0.489912160169578,0.0237306975699929
4.415,f27c2278f5bdb77b,256.818202090793,303.592060258193,321.649756172361,342.939981478653,0.513636404181587,0.505986767096988,0.49484577872671,0.489914259255218,0.0237221449263681
4.42,f27c2278f5bdb77b,256.814977609706,303.590980826709,321.652589901008,342.941451662578,0.513629955219411,0.505984968044515,0.494850138309243,0.489916359517968,0.0237135957014431
4.425,f27c2278f5bdb77b,256.811755424119,303.589901036694,321.655420870517,342.942922668669,0.513623510848238,0.50598316839449,0.49485449364695,0.489918460955242,0.0237050498929963
4.43,f27c2278f5bdb77b,256.808535531631,303.58882088969,321.658249083559,342.944394495121,0.513617071063262,0.505981368149483,0.494858844743936,0.489920563564459,0.0236965074988031
4.435,f27c2278f5bdb77b,256.805317929837,303.587740387242,321.661074542794,342.945867140127,0.513610635859673,0.50597956731207,0.494863191604299,0.489922667343038,0.0236879685166352
4.44,f27c2278f5bdb77b,256.802102616333,303.5866595309,321.663897250883,342.947340601884,0.513604205232666,0.505977765884834,0.494867534232128,0.489924772288405,0.0236794329442608
4.445,f27c2278f5bdb77b,256.798889588716,303.585578322214,321.666717210479,342.948814878591,0.513597779177432,0.505975963870356,0.494871872631507,0.489926878397987,0.023670900779445
4.45,f27c2278f5bdb77b,256.795678844581,303.584496762737,321.669534424233,342.950289968449,0.513591357689162,0.505974161271228,0.494876206806512,0.489928985669213,0.0236623720199493
4.455,f27c2278f5bdb77b,256.792470381525,303.583414854026,321.672348894787,342.951765869662,0.513584940763049,0.505972358090043,0.494880536761211,0.489931094099518,0.0236538466635318
4.46,f27c2278f5bdb77b,256.789264197142,303.582332597638,321.675160624784,342.953242580436,0.513578528394284,0.505970554329397,0.494884862499668,0.489933203686337,0.0236453247079476
4.465,f27c2278f5bdb77b,256.786060289029,303.581249995136,321.677969616858,342.954720098977,0.513572120578058,0.505968749991893,0.494889184025936,0.48993531442711,0.0236368061509484
4.47,f27c2278f5bdb77b,256.782858654781,303.580167048082,321.680775873641,342.956198423496,0.513565717309562,0.505966945080137,0.494893501344064,0.489937426319279,0.0236282909902825
4.475,f27c2278f5bdb77b,256.779659291993,303.579083758043,321.683579397759,342.957677552204,0.513559318583987,0.505965139596739,0.494897814458091,0.489939539360292,0.023619779223695
4.48,f27c2278f5bdb77b,256.776462198262,303.578000126588,321.686380191834,342.959157483316,0.513552924396523,0.505963333544314,0.494902123372052,0.489941653547595,0.0236112708489282
4.485,f27c2278f5bdb77b,256.773267371181,303.576916155288,321.689178258482,342.960638215049,0.513546534742362,0.505961526925479,0.494906428089973,0.489943768878642,0.0236027658637208
4.49,f27c2278f5bdb77b,256.770074808348,303.575831845715,321.691973600317,342.962119745621,0.513540149616695,0.505959719742858,0.494910728615872,0.489945885350887,0.0235942642658087
4.495,f27c2278f5bdb77b,256.766884507356,303.574747199447,321.694766219945,342.963602073252,0.513533769014713,0.505957911999078,0.494915024953762,0.489948002961788,0.0235857660529243
4.5,f27c2278f5bdb77b,256.763696465803,303.573662218061,321.697556119971,342.965085196166,0.513527392931605,0.505956103696768,0.494919317107647,0.489950121708808,0.0235772712227973
4.505,f27c2278f5bdb77b,256.760510681282,303.572576903139,321.700343302992,342.966569112587,0.513521021362565,0.505954294838565,0.494923605081525,0.48995224158941,0.0235687797731543
4.51,f27c2278f5bdb77b,256.757327151391,303.571491256263,321.703127771602,342.968053820744,0.513514654302782,0.505952485427106,0.494927888879387,0.489954362601063,0.0235602917017187
4.515,f27c2278f5bdb77b,256.754145873724,303.57040527902,321.70590952839,342.969539318866,0.513508291747448,0.505950675465034,0.494932168505215,0.489956484741237,0.0235518070062112
4.52,f27c2278f5bdb77b,256.750966845877,303.569318972998,321.708688575941,342.971025605184,0.513501933691755,0.505948864954996,0.494936443962986,0.489958608007406,0.0235433256843492
4.525,f27c2278f5bdb77b,256.747790065447,303.568232339786,321.711464916834,342.972512677933,0.513495580130894,0.505947053899644,0.494940715256668,0.489960732397047,0.0235348477338476
4.53,f27c2278f5bdb77b,256.744615530029,303.567145380978,321.714238553644,342.974000535348,0.513489231060059,0.50594524230163,0.494944982390222,0.48996285790764,0.0235263731524181
4.535,f27c2278f5bdb77b,256.74144323722,303.566058098169,321.717009488942,342.975489175669,0.51348288647444,0.505943430163614,0.494949245367603,0.48996498453667,0.0235179019377694
4.54,f27c2278f5bdb77b,256.738273184615,303.564970492955,321.719777725293,342.976978597136,0.513476546369231,0.505941617488258,0.494953504192759,0.489967112281623,0.0235094340876078
4.545,f27c2278f5bdb77b,256.735105369813,303.563882566937,321.722543265258,342.978468797992,0.513470210739625,0.505939804278229,0.494957758869627,0.489969241139989,0.0235009695996363
4.55,f27c2278f5bdb77b,256.731939790408,303.562794321717,321.725306111393,342.979959776482,0.513463879580816,0.505937990536195,0.494962009402142,0.48997137110926,0.0234925084715556
4.555,f27c2278f5bdb77b,256.728776443999,303.561705758899,321.728066266249,342.981451530854,0.513457552887997,0.505936176264832,0.494966255794229,0.489973502186934,0.0234840507010633
4.56,f27c2278f5bdb77b,256.725615328182,303.560616880089,321.730823732373,342.982944059356,0.513451230656363,0.505934361466815,0.494970498049804,0.489975634370509,0.0234755962858543
4.565,f27c2278f5bdb77b,256.722456440555,303.559527686896,321.733578512307,342.984437360242,0.513444912881109,0.505932546144827,0.49497473617278,0.489977767657489,0.0234671452236208
4.57,f27c2278f5bdb77b,256.719299778715,303.558438180932,321.736330608588,342.985931431765,0.513438599557431,0.505930730301553,0.494978970167059,0.489979902045378,0.0234586975120525
4.575,f27c2278f5bdb77b,256.716145340262,303.557348363808,321.739080023749,342.987426272181,0.513432290680523,0.50592891393968,0.494983200036537,0.489982037531687,0.0234502531488364
4.58,f27c2278f5bdb77b,256.712993122792,303.556258237141,321.741826760318,342.988921879749,0.513425986245584,0.505927097061902,0.494987425785104,0.489984174113927,0.0234418121316565
4.585,f27c2278f5bdb77b,256.709843123905,303.555167802549,321.744570820817,342.99041825273,0.513419686247809,0.505925279670914,0.494991647416641,0.489986311789614,0.0234333744581947
4.59,f27c2278f5bdb77b,256.706695341199,303.55407706165,321.747312207764,342.991915389387,0.513413390682398,0.505923461769416,0.494995864935022,0.489988450556267,0.0234249401261301
4.595,f27c2278f5bdb77b,256.703549772274,303.552986016066,321.750050923674,342.993413287986,0.513407099544547,0.505921643360111,0.495000078344114,0.489990590411408,0.0234165091331389
4.6,f27c2278f5bdb77b,256.700406414729,303.551894667423,321.752786971055,342.994911946793,0.513400812829458,0.505919824445705,0.495004287647777,0.489992731352562,0.0234080814768957
4.605,f27c2278f5bdb77b,256.697265266164,303.550803017345,321.75552035241,342.99641136408,0.513394530532329,0.505918005028909,0.495008492849862,0.489994873377257,0.0233996571550716
4.61,f27c2278f5bdb77b,256.69412632418,303.549711067462,321.75825107024,342.997911538117,0.513388252648361,0.505916185112437,0.495012693954216,0.489997016483025,0.0233912361653359
4.615,f27c2278f5bdb77b,256.690989586378,303.548618819403,321.760979127039,342.99941246718,0.513381979172756,0.505914364699005,0.495016890964675,0.489999160667401,0.0233828185053552
4.62,f27c2278f5bdb77b,256.687855050358,303.547526274801,321.763704525296,343.000914149546,0.513375710100716,0.505912543791334,0.495021083885071,0.490001305927922,0.0233744041727935
4.625,f27c2278f5bdb77b,256.684722713722,303.54643343529,321.766427267497,343.002416583492,0.513369445427444,0.50591072239215,0.495025272719225,0.490003452262131,0.0233659931653129
4.63,f27c2278f5bdb77b,256.681592574072,303.545340302507,321.769147356121,343.0039197673,0.513363185148145,0.505908900504178,0.495029457470955,0.490005599667572,0.0233575854805725
4.635,f27c2278f5bdb77b,256.678464629011,303.54424687809,321.771864793644,343.005423699255,0.513356929258022,0.50590707813015,0.495033638144067,0.490007748141793,0.0233491811162297
4.64,f27c2278f5bdb77b,256.675338876142,303.543153163681,321.774579582537,343.006928377641,0.513350677752283,0.505905255272801,0.495037814742364,0.490009897682344,0.0233407800699391
4.645,f27c2278f5bdb77b,256.672215313067,303.542059160921,321.777291725265,343.008433800747,0.513344430626134,0.505903431934868,0.495041987269639,0.490012048286781,0.0233323823393532
4.65,f27c2278f5bdb77b,256.669093937391,303.540964871456,321.780001224291,343.009939966862,0.513338187874782,0.505901608119093,0.495046155729679,0.49001419995266,0.0233239879221221
4.655,f27c2278f5bdb77b,256.665974746719,303.539870296931,321.78270808207,343.01144687428,0.513331949493438,0.505899783828218,0.495050320126261,0.490016352677544,0.023315596815894
4.66,f27c2278f5bdb77b,256.662857738654,303.538775438996,321.785412301054,343.012954521296,0.513325715477309,0.505897959064993,0.495054480463159,0.490018506458994,0.0233072090183144
4.665,f27c2278f5bdb77b,256.659742910804,303.537680299301,321.788113883689,343.014462906207,0.513319485821608,0.505896133832168,0.495058636744137,0.490020661294581,0.0232988245270269
4.67,f27c2278f5bdb77b,256.656630260773,303.536584879498,321.790812832418,343.015972027311,0.513313260521546,0.505894308132496,0.495062788972951,0.490022817181873,0.0232904433396728
4.675,f27c2278f5bdb77b,256.653519786168,303.535489181242,321.793509149679,343.017481882911,0.513307039572336,0.505892481968737,0.495066937153352,0.490024974118445,0.0232820654538912
4.68,f27c2278f5bdb77b,256.650411484596,303.534393206189,321.796202837903,343.018992471311,0.513300822969193,0.505890655343648,0.495071081289082,0.490027132101873,0.0232736908673197
4.685,f27c2278f5bdb77b,256.647305353666,303.533296955997,321.798893899519,343.020503790818,0.513294610707332,0.505888828259996,0.495075221383875,0.49002929112974,0.0232653195775926
4.69,f27c2278f5bdb77b,256.644201390985,303.532200432327,321.801582336949,343.022015839739,0.51328840278197,0.505887000720545,0.49507935744146,0.490031451199627,0.0232569515823433
4.695,f27c2278f5bdb77b,256.641099594162,303.53110363684,321.804268152612,343.023528616386,0.513282199188325,0.505885172728067,0.495083489465557,0.490033612309122,0.0232485868792024
4.7,f27c2278f5bdb77b,256.637999960808,303.5300065712,321.806951348921,343.025042119071,0.513275999921615,0.505883344285333,0.495087617459879,0.490035774455816,0.0232402254657988
4.705,f27c2278f5bdb77b,256.634902488531,303.528909237073,321.809631928285,343.026556346111,0.513269804977061,0.505881515395121,0.495091741428131,0.490037937637302,0.0232318673397592
4.71,f27c2278f5bdb77b,256.631807174943,303.527811636126,321.812309893108,343.028071295824,0.513263614349885,0.505879686060209,0.495095861374013,0.490040101851176,0.0232235124987087
4.715,f27c2278f5bdb77b,256.628714017655,303.526713770028,321.814985245789,343.029586966528,0.51325742803531,0.50587785628338,0.495099977301214,0.49004226709504,0.0232151609402699
4.72,f27c2278f5bdb77b,256.62562301428,303.52561564045,321.817657988723,343.031103356547,0.513251246028559,0.505876026067417,0.49510408921342,0.490044433366496,0.0232068126620638
4.725,f27c2278f5bdb77b,256.62253416243,303.524517249066,321.820328124299,343.032620464205,0.51324506832486,0.505874195415111,0.495108197114305,0.49004660066315,0.0231984676617094
4.73,f27c2278f5bdb77b,256.619447459719,303.52341859755,321.822995654901,343.03413828783,0.513238894919438,0.505872364329251,0.49511230100754,0.490048768982614,0.0231901259368237
4.735,f27c2278f5bdb77b,256.616362903761,303.522319687579,321.825660582911,343.03565682575,0.513232725807522,0.505870532812631,0.495116400896786,0.490050938322499,0.0231817874850221
4.74,f27c2278f5bdb77b,256.613280492171,303.521220520829,321.828322910703,343.037176076297,0.513226560984342,0.505868700868049,0.495120496785697,0.490053108680424,0.023173452303918
4.745,f27c2278f5bdb77b,256.610200222565,303.520121098982,321.830982640648,343.038696037805,0.51322040044513,0.505866868498304,0.495124588677921,0.490055280054007,0.023165120391123
4.75,f27c2278f5bdb77b,256.607122092559,303.519021423719,321.833639775112,343.04021670861,0.513214244185118,0.505865035706198,0.495128676577096,0.490057452440871,0.0231567917442466
4.755,f27c2278f5bdb77b,256.60404609977,303.517921496723,321.836294316457,343.04173808705,0.513208092199541,0.505863202494538,0.495132760486856,0.490059625838643,0.0231484663608973
4.76,f27c2278f5bdb77b,256.600972241817,303.516821319679,321.838946267037,343.043260171467,0.513201944483634,0.505861368866131,0.495136840410826,0.490061800244953,0.023140144238681
4.765,f27c2278f5bdb77b,256.597900516318,303.515720894273,321.841595629205,343.044782960203,0.513195801032636,0.505859534823789,0.495140916352624,0.490063975657434,0.0231318253752021
4.77,f27c2278f5bdb77b,256.594830920892,303.514620222195,321.844242405308,343.046306451605,0.513189661841784,0.505857700370325,0.495144988315859,0.490066152073721,0.0231235097680637
4.775,f27c2278f5bdb77b,256.591763453161,303.513519305133,321.846886597688,343.047830644018,0.513183526906321,0.505855865508556,0.495149056304135,0.490068329491454,0.0231151974148666
4.78,f27c2278f5bdb77b,256.588698110744,303.51241814478,321.849528208682,343.049355535794,0.513177396221488,0.5058540302413,0.495153120321049,0.490070507908277,0.0231068883132105
4.785,f27c2278f5bdb77b,256.585634891264,303.511316742829,321.852167240622,343.050881125285,0.513171269782528,0.505852194571381,0.495157180370188,0.490072687321835,0.023098582460693
4.79,f27c2278f5bdb77b,256.582573792344,303.510215100973,321.854803695837,343.052407410845,0.513165147584689,0.505850358501623,0.495161236455134,0.490074867729778,0.0230902798549102
4.795,f27c2278f5bdb77b,256.579514811608,303.509113220911,321.85743757665,343.053934390831,0.513159029623216,0.505848522034852,0.495165288579462,0.490077049129759,0.023081980493457
4.8,f27c2278f5bdb77b,256.576457946679,303.508011104339,321.860068885379,343.055462063603,0.513152915893358,0.505846685173899,0.495169336746737,0.490079231519432,0.023073684373926
4.805,f27c2278f5bdb77b,256.573403195184,303.506908752958,321.862697624337,343.056990427521,0.513146806390368,0.505844847921597,0.495173380960519,0.490081414896459,0.0230653914939088
4.81,f27c2278f5bdb77b,256.570350554748,303.505806168468,321.865323795834,343.05851948095,0.513140701109496,0.505843010280779,0.49517742122436,0.490083599258501,0.0230571018509952
4.815,f27c2278f5bdb77b,256.567300022999,303.504703352571,321.867947402174,343.060049222257,0.513134600045997,0.505841172254285,0.495181457541805,0.490085784603224,0.0230488154427737
4.82,f27c2278f5bdb77b,256.564251597564,303.503600306973,321.870568445655,343.061579649808,0.513128503195128,0.505839333844955,0.495185489916393,0.490087970928297,0.0230405322668309
4.825,f27c2278f5bdb77b,256.561205276073,303.502497033378,321.873186928574,343.063110761975,0.513122410552146,0.50583749505563,0.495189518351652,0.490090158231393,0.0230322523207524
4.83,f27c2278f5bdb77b,256.558161056155,303.501393533494,321.875802853219,343.064642557132,0.51311632211231,0.505835655889157,0.495193542851107,0.490092346510188,0.0230239756021219
4.835,f27c2278f5bdb77b,256.555118935441,303.500289809029,321.878416221877,343.066175033652,0.513110237870883,0.505833816348382,0.495197563418272,0.49009453576236,0.0230157021085222
4.84,f27c2278f5bdb77b,256.552078911564,303.499185861694,321.881027036827,343.067708189915,0.513104157823127,0.505831976436157,0.495201580056658,0.490096725985593,0.0230074318375342
4.845,f27c2278f5bdb77b,256.549040982154,303.4980816932,321.883635300347,343.0692420243,0.513098081964308,0.505830136155333,0.495205592769764,0.490098917177571,0.0229991647867375
4.85,f27c2278f5bdb77b,256.546005144847,303.496977305259,321.886241014706,343.070776535188,0.513092010289694,0.505828295508765,0.495209601561085,0.490101109335983,0.0229909009537106
4.855,f27c2278f5bdb77b,256.542971397277,303.495872699587,321.888844182171,343.072311720966,0.513085942794553,0.505826454499311,0.495213606434109,0.490103302458523,0.0229826403360304
4.86,f27c2278f5bdb77b,256.539939737078,303.494767877898,321.891444805004,343.073847580019,0.513079879474157,0.505824613129831,0.495217607392314,0.490105496542884,0.0229743829312724
4.865,f27c2278f5bdb77b,256.536910161889,303.493662841911,321.894042885463,343.075384110737,0.513073820323778,0.505822771403186,0.495221604439173,0.490107691586767,0.0229661287370111
4.87,f27c2278f5bdb77b,256.533882669346,303.492557593344,321.896638425799,343.076921311511,0.513067765338692,0.50582092932224,0.495225597578152,0.490109887587873,0.0229578777508194
4.875,f27c2278f5bdb77b,256.530857257088,303.491452133917,321.89923142826,343.078459180735,0.513061714514176,0.505819086889861,0.495229586812708,0.490112084543907,0.0229496299702691
4.88,f27c2278f5bdb77b,256.527833922755,303.490346465351,321.90182189509,343.079997716805,0.513055667845509,0.505817244108918,0.495233572146292,0.490114282452578,0.0229413853929307
4.885,f27c2278f5bdb77b,256.524812663986,303.489240589368,321.904409828526,343.081536918119,0.513049625327972,0.50581540098228,0.495237553582348,0.490116481311599,0.0229331440163735
4.89,f27c2278f5bdb77b,256.521793478425,303.488134507694,321.906995230803,343.083076783079,0.513043586956849,0.505813557512823,0.495241531124312,0.490118681118684,0.0229249058381655
4.895,f27c2278f5bdb77b,256.518776363713,303.487028222052,321.909578104149,343.084617310086,0.513037552727425,0.50581171370342,0.495245504775614,0.490120881871552,0.0229166708558737
4.9,f27c2278f5bdb77b,256.515761317494,303.48592173417,321.912158450789,343.086158497547,0.513031522634988,0.50580986955695,0.495249474539675,0.490123083567924,0.0229084390670639
4.905,f27c2278f5bdb77b,256.512748337413,303.484815045776,321.914736272942,343.087700343869,0.513025496674827,0.505808025076293,0.495253440419911,0.490125286205527,0.0229002104693002
4.91,f27c2278f5bdb77b,256.509737421117,303.483708158598,321.917311572824,343.089242847461,0.513019474842233,0.505806180264331,0.495257402419729,0.490127489782087,0.0228919850601466
4.915,f27c2278f5bdb77b,256.506728566251,303.482601074368,321.919884352645,343.090786006736,0.513013457132502,0.505804335123947,0.49526136054253,0.490129694295337,0.022883762837165
4.92,f27c2278f5bdb77b,256.503721770464,303.481493794817,321.92245461461,343.092329820108,0.513007443540929,0.505802489658029,0.495265314791708,0.490131899743012,0.0228755437979168
4.925,f27c2278f5bdb77b,256.500717031406,303.480386321678,321.925022360921,343.093874285995,0.513001434062812,0.505800643869463,0.495269265170648,0.49013410612285,0.022867327939962
4.93,f27c2278f5bdb77b,256.497714346726,303.479278656685,321.927587593775,343.095419402814,0.512995428693452,0.505798797761141,0.49527321168273,0.490136313432592,0.0228591152608599
4.935,f27c2278f5bdb77b,256.494713714076,303.478170801573,321.930150315362,343.096965168988,0.512989427428152,0.505796951335955,0.495277154331326,0.490138521669984,0.0228509057581685
4.94,f27c2278f5bdb77b,256.491715131108,303.47706275808,321.932710527871,343.098511582941,0.512983430262217,0.5057951045968,0.495281093119802,0.490140730832772,0.0228426994294447
4.945,f27c2278f5bdb77b,256.488718595477,303.475954527942,321.935268233484,343.100058643097,0.512977437190954,0.50579325754657,0.495285028051514,0.490142940918709,0.0228344962722448
4.95,f27c2278f5bdb77b,256.485724104837,303.474846112899,321.937823434379,343.101606347885,0.512971448209673,0.505791410188166,0.495288959129814,0.49014515192555,0.0228262962841235
4.955,f27c2278f5bdb77b,256.482731656843,303.473737514691,321.940376132729,343.103154695736,0.512965463313687,0.505789562524486,0.495292886358045,0.490147363851051,0.0228180994626353
4.96,f27c2278f5bdb77b,256.479741249154,303.47262873506,321.942926330704,343.104703685082,0.512959482498308,0.505787714558433,0.495296809739544,0.490149576692975,0.0228099058053332
4.965,f27c2278f5bdb77b,256.476752879427,303.471519775746,321.945474030467,343.106253314359,0.512953505758854,0.505785866292911,0.495300729277641,0.490151790449085,0.0228017153097694
4.97,f27c2278f5bdb77b,256.473766545322,303.470410638495,321.948019234178,343.107803582004,0.512947533090645,0.505784017730825,0.495304644975658,0.490154005117149,0.0227935279734955
4.975,f27c2278f5bdb77b,256.4707822445,303.469301325051,321.950561943992,343.109354486457,0.512941564489,0.505782168875085,0.495308556836911,0.490156220694939,0.0227853437940617
4.98,f27c2278f5bdb77b,256.467799974622,303.468191837159,321.95310216206,343.110906026159,0.512935599949245,0.505780319728598,0.495312464864707,0.490158437180227,0.0227771627690178
4.985,f27c2278f5bdb77b,256.464819733352,303.467082176565,321.955639890527,343.112458199555,0.512929639466705,0.505778470294276,0.495316369062349,0.490160654570793,0.0227689848959123
4.99,f27c2278f5bdb77b,256.461841518355,303.465972345019,321.958175131535,343.114011005091,0.512923683036709,0.505776620575032,0.495320269433131,0.490162872864416,0.0227608101722935
4.995,f27c2278f5bdb77b,256.458865327294,303.464862344269,321.960707887221,343.115564441216,0.512917730654588,0.505774770573782,0.49532416598034,0.49016509205888,0.0227526385957082
5,f27c2278f5bdb77b,256.455891157838,303.463752176065,321.963238159716,343.117118506381,0.512911782315676,0.505772920293441,0.495328058707255,0.490167312151973,0.022744470163703
5.005,f27c2278f5bdb77b,256.452921619307,303.462643056136,321.965764549514,343.118670775042,0.512905843238615,0.505771071760227,0.495331945460791,0.490169529678632,0.0227363135599828
5.01,f27c2278f5bdb77b,256.449968880942,303.461540638015,321.968280519114,343.120209961929,0.512899937761884,0.505769234396691,0.495335816183253,0.490171728517041,0.0227282092448425
5.015,f27c2278f5bdb77b,256.447045375805,303.460450674979,321.970779361741,343.121724587475,0.51289409075161,0.505767417791632,0.495339660556524,0.490173892267822,0.0227201984837881
5.02,f27c2278f5bdb77b,256.444161161738,303.459377780687,321.973255602565,343.123205455011,0.512888322323476,0.505765629634478,0.495343470157792,0.490176007792873,0.0227123145306034
5.025,f27c2278f5bdb77b,256.441324129832,303.458325518441,321.975704877033,343.124645474693,0.512882648259665,0.505763875864069,0.495347238272359,0.490178064963847,0.022704583295818
5.03,f27c2278f5bdb77b,256.438540214932,303.457296495119,321.978123811952,343.126039477996,0.512877080429865,0.505762160825199,0.495350959710695,0.490180056397138,0.0226970240327272
5.035,f27c2278f5bdb77b,256.435813605818,303.456292458019,321.980509909951,343.127384026212,0.512871627211637,0.505760487430031,0.495354630630693,0.490181977180303,0.0226896500313338
5.04,f27c2278f5bdb77b,256.433146952789,303.455314392964,321.982861438009,343.128677216238,0.512866293905579,0.505758857321606,0.495358248366167,0.490183824594626,0.0226824693109527
5.045,f27c2278f5bdb77b,256.430541570493,303.454362622144,321.985177320666,343.129918486697,0.512861083140986,0.505757271036906,0.495361811262564,0.490185597838139,0.0226754853028473
5.05,f27c2278f5bdb77b,256.427997634024,303.453436900283,321.987457038538,343.131108427156,0.512855995268048,0.505755728167138,0.495365318520827,0.490187297753079,0.0226686975149685
5.055,f27c2278f5bdb77b,256.425514366509,303.4525365079,321.989700532667,343.132248592923,0.512851028733018,0.505754227513167,0.495368770050258,0.490188926561319,0.0226621021716995
5.06,f27c2278f5bdb77b,256.42309021663,303.451660340572,321.991908115211,343.133341327587,0.51284618043326,0.505752767234286,0.495372166331094,0.490190487610839,0.0226556928224211
5.065,f27c2278f5bdb77b,256.420723024778,303.450806993274,321.994080386822,343.134389595126,0.512841446049555,0.50575134498879,0.495375508287418,0.490191985135895,0.02264946091366
5.07,f27c2278f5bdb77b,256.418410176789,303.449974839059,321.996218161046,343.135396823105,0.512836820353578,0.505749958065098,0.49537879717084,0.490193424033008,0.0226433963205707
5.075,f27c2278f5bdb77b,256.416148744475,303.449162101463,321.99832239592,343.136366758142,0.51283229748895,0.505748603502438,0.495382034455262,0.490194809654488,0.0226374878344617
5.08,f27c2278f5bdb77b,256.413935612374,303.448366920215,322.000394132882,343.13730333453,0.512827871224748,0.505747278200358,0.495385221742895,0.490196147620757,0.0226317236039917
5.085,f27c2278f5bdb77b,256.411767590455,303.44758740996,322.002434442997,343.138210556588,0.51282353518091,0.5057459790166,0.495388360681533,0.490197443652269,0.0226260915286415
5.09,f27c2278f5bdb77b,256.409641512699,303.446821711872,322.004444380412,343.139092395017,0.512819283025397,0.50574470285312,0.495391452892941,0.490198703421453,0.0226205796039441
5.095,f27c2278f5bdb77b,256.407554321628,303.446068038088,322.006424942897,343.139952697387,0.512815108643256,0.505743446730146,0.49539449991215,0.490199932424839,0.0226151762184176
5.1,f27c2278f5bdb77b,256.405503139226,303.445324709133,322.008377039186,343.140795112455,0.512811006278451,0.505742207848555,0.495397503137209,0.490201135874936,0.0226098704035148
5.105,f27c2278f5bdb77b,256.403485324594,303.444590184465,322.010301462861,343.14162302808,0.512806970649188,0.505740983640775,0.495400463789017,0.490202318611542,0.0226046520376457
5.11,f27c2278f5bdb77b,256.401498519144,303.443863086497,322.012198872356,343.142439522003,0.512802997038288,0.505739771810828,0.495403382880548,0.490203485031433,0.0225995120068551
5.115,f27c2278f5bdb77b,256.399540679933,303.443142218393,322.014069776714,343.14324732496,0.512799081359865,0.505738570363989,0.495406261194945,0.490204639035657,0.0225944423242076
5.12,f27c2278f5bdb77b,256.397610102119,303.442426576124,322.015914526602,343.144048795155,0.512795220204238,0.505737377626874,0.495409099271695,0.490205783993078,0.0225894362111592
5.125,f27c2278f5bdb77b,256.395705431411,303.441715355208,322.017733310126,343.144845903255,0.512791410862823,0.50573619225868,0.495411897400193,0.490206922718936,0.0225844881438871
5.13,f27c2278f5bdb77b,256.393825667516,303.441007952664,322.019526152933,343.145640226887,0.512787651335031,0.505735013254441,0.495414655619897,0.490208057466981,0.0225795938680502
5.135,f27c2278f5bdb77b,256.391970159598,303.440303964706,322.021292922096,343.146432953601,0.512783940319195,0.505733839941177,0.495417373726301,0.490209189933715,0.0225747503854797
5.14,f27c2278f5bdb77b,256.390138594795,303.439603180699,322.023033333262,343.147224891244,0.51278027718959,0.505732671967831,0.495420051281942,0.490210321273206,0.0225699559163844
5.145,f27c2278f5bdb77b,256.388330980806,303.438905573938,322.024746960572,343.148016484684,0.512776661961612,0.505731509289897,0.49542268763165,0.490211452120977,0.0225652098406349
5.15,f27c2278f5bdb77b,256.386547623554,303.438211289766,322.026433248848,343.148807837832,0.512773095247108,0.50573035214961,0.495425281921305,0.490212582625474,0.0225605126216341
5.155,f27c2278f5bdb77b,256.384789100909,303.437520631545,322.028091527589,343.149598739957,0.512769578201817,0.505729201052576,0.495427833119367,0.490213712485653,0.0225558657161644
5.16,f27c2278f5bdb77b,256.383056233374,303.436834044984,322.029721026325,343.150388695318,0.512766112466747,0.505728056741639,0.495430340040499,0.490214840993312,0.0225512714734356
5.165,f27c2278f5bdb77b,256.381350052618,303.436152101262,322.031320890919,343.151176955201,0.512762700105236,0.50572692016877,0.495432801370644,0.490215967078859,0.022546733026377
5.17,f27c2278f5bdb77b,256.37967176865,303.435475479409,322.032890200426,343.151962551514,0.512759343537301,0.505725792465682,0.495435215692964,0.490217089359306,0.0225422541779949
5.175,f27c2278f5bdb77b,256.378022736363,303.434804948303,322.034427984173,343.152744331162,0.512756045472726,0.505724674913838,0.495437581514112,0.490218206187374,0.0225378392853517
5.18,f27c2278f5bdb77b,256.376404422102,303.434141348652,322.035933238732,343.153520990513,0.512752808844204,0.50572356891442,0.495439897290357,0.490219315700733,0.0225334931434711
5.185,f27c2278f5bdb77b,256.374818370854,303.43348557528,322.037404944542,343.154291109325,0.512749636741708,0.505722475958799,0.495442161453141,0.490220415870464,0.0225292208712441
5.19,f27c2278f5bdb77b,256.373266174536,303.432838559968,322.038842081904,343.155053183592,0.512746532349073,0.505721397599947,0.495444372433698,0.490221504547989,0.0225250278010839
5.195,f27c2278f5bdb77b,256.371749441819,303.432201255099,322.040243646193,343.155805656888,0.512743498883639,0.505720335425166,0.495446528686451,0.49022257950984,0.0225209193737986
5.2,f27c2278f5bdb77b,256.370269769847,303.431574618287,322.041608662088,343.156546949777,0.512740539539695,0.505719291030478,0.495448628710905,0.490223638499682,0.0225169010400127
5.205,f27c2278f5bdb77b,256.3688287181,303.430959598131,322.042936196719,343.15727548705,0.5127376574362,0.505718265996885,0.495450671071875,0.490224679267214,0.0225129781689867
5.21,f27c2278f5bdb77b,256.367427784648,303.43035712124,322.044225371611,343.157989722501,0.512734855569296,0.505717261868733,0.495452654417863,0.490225699603573,0.0225091559657233
5.215,f27c2278f5bdb77b,256.3660683849,303.429768080562,322.045475373384,343.158688161154,0.5127321367698,0.505716280134271,0.495454577497513,0.490226697373077,0.0225054393967236
5.22,f27c2278f5bdb77b,256.364751832973,303.429193325112,322.046685463149,343.159369378766,0.512729503665945,0.505715322208521,0.495456439174075,0.490227670541095,0.022501833124851
5.225,f27c2278f5bdb77b,256.363479325682,303.428633651081,322.047854984599,343.160032038638,0.512726958651363,0.505714389418468,0.495458238437845,0.490228617198055,0.0224983414533086
5.23,f27c2278f5bdb77b,256.362251929154,303.428089794337,322.048983370804,343.160674905705,0.512724503858308,0.505713482990562,0.495459974416621,0.490229535579579,0.0224949682787289
5.235,f27c2278f5bdb77b,256.361070568009,303.427562424294,322.050070149721,343.161296857976,0.512722141136018,0.50571260404049,0.495461646384186,0.490230424082824,0.0224917170531942
5.24,f27c2278f5bdb77b,256.359936017009,303.427052139079,322.051114948493,343.161896895419,0.512719872034017,0.505711753565132,0.495463253766912,0.490231281279171,0.0224885907548466
5.245,f27c2278f5bdb77b,256.358848895057,303.426559461961,322.052117496566,343.162474146416,0.512717697790114,0.505710932436602,0.495464796148562,0.490232105923452,0.0224855918666619
5.25,f27c2278f5bdb77b,256.3578096614,303.426084838931,322.053077627716,343.163027871953,0.512715619322799,0.505710141398219,0.495466273273409,0.490232896959933,0.0224827223628657
5.255,f27c2278f5bdb77b,256.356818613873,303.425628637381,322.05399528104,343.163557467705,0.512713637227746,0.505709381062302,0.495467685047754,0.490233653525293,0.0224799837024527
5.26,f27c2278f5bdb77b,256.355875889008,303.425191145755,322.05487050102,343.164062464217,0.512711751778017,0.505708651909591,0.49546903154003,0.490234374948881,0.0224773768291355
5.265,f27c2278f5bdb77b,256.354981463808,303.424772574088,322.055703436725,343.164542525378,0.512709962927617,0.505707954290147,0.495470312979577,0.490235060750541,0.0224749021770758
5.27,f27c2278f5bdb77b,256.354135159018,303.424373055336,322.056494340254,343.164997445391,0.512708270318036,0.50570728842556,0.495471529754237,0.490235710636273,0.0224725596817631
5.275,f27c2278f5bdb77b,256.35333664367,303.423992647371,322.057243564509,343.16542714445,0.512706673287341,0.505706654412285,0.495472682406937,0.490236324492071,0.0224703487952699
5.28,f27c2278f5bdb77b,256.352585440756,303.423631335566,322.057951560365,343.165831663313,0.512705170881512,0.505706052225943,0.495473771631331,0.490236902376162,0.0224682685053498
5.285,f27c2278f5bdb77b,256.351880933783,303.423289035847,322.058618873366,343.166211157004,0.512703761867567,0.505705481726411,0.495474798266717,0.490237444510006,0.0224663173575609
5.29,f27c2278f5bdb77b,256.351222374117,303.422965598142,322.059246139964,343.166565887777,0.512702444748233,0.505704942663571,0.495475763292252,0.490237951268253,0.0224644934799801
5.295,f27c2278f5bdb77b,256.350608888861,303.422660810118,322.059834083444,343.166896217577,0.512701217777721,0.50570443468353,0.495476667820683,0.490238423167967,0.0224627946097542
5.3,f27c2278f5bdb77b,256.350039489193,303.422374401129,322.060383509553,343.167202600125,0.512700078978386,0.505703957335214,0.49547751309162,0.490238860857322,0.0224612181210637
5.305,f27c2278f5bdb77b,256.349513078986,303.422106046314,322.060895301913,343.167485572787,0.512699026157973,0.505703510077189,0.495478300464481,0.490239265103982,0.0224597610539914
5.31,f27c2278f5bdb77b,256.349028463574,303.421855370757,322.061370417292,343.167745748378,0.512698056927148,0.505703092284594,0.495479031411218,0.490239636783397,0.0224584201437514
5.315,f27c2278f5bdb77b,256.348584358597,303.421621953667,322.061809880748,343.167983806988,0.512697168717195,0.505702703256111,0.495479707508843,0.490239976867126,0.0224571918500687
5.32,f27c2278f5bdb77b,256.348179398808,303.421405332521,322.062214780706,343.168200487965,0.512696358797616,0.505702342220869,0.495480330431855,0.490240286411379,0.0224560723862378
5.325,f27c2278f5bdb77b,256.34781214674,303.421205007123,322.062586264011,343.168396582126,0.51269562429348,0.505702008345205,0.495480901944632,0.490240566545894,0.0224550577475858
5.33,f27c2278f5bdb77b,256.34748110122,303.42102044355,322.062925530964,343.168572924266,0.512694962202439,0.505701700739251,0.495481423893791,0.490240818463237,0.0224541437392021
5.335,f27c2278f5bdb77b,256.347184705654,303.42085107797,322.063233830359,343.168730386017,0.512694369411309,0.505701418463283,0.495481898200552,0.490241043408596,0.0224533260027128
5.34,f27c2278f5bdb77b,256.346921356054,303.420696320285,322.063512454552,343.168869869108,0.512693842712108,0.505701160533809,0.495482326853158,0.490241242670155,0.0224526000419528
5.345,f27c2278f5bdb77b,256.346689408778,303.420555557621,322.063762734555,343.168992299045,0.512693378817556,0.505700925929369,0.495482711899315,0.490241417570065,0.0224519612474915
5.35,f27c2278f5bdb77b,256.346487188004,303.420428157631,322.063986035146,343.169098619219,0.512692974376008,0.505700713596052,0.495483055438686,0.490241569456027,0.0224514049199813
5.355,f27c2278f5bdb77b,256.34631299292,303.420313471634,322.064183750003,343.169189785442,0.512692625985841,0.505700522452724,0.49548335961539,0.490241699693489,0.0224509262923521
5.36,f27c2278f5bdb77b,256.346165104669,303.420210837589,322.064357296829,343.169266760912,0.512692330209337,0.505700351395982,0.495483626610507,0.490241809658446,0.0224505205508913
5.365,f27c2278f5bdb77b,256.346041793056,303.420119582918,322.064508112465,343.169330511562,0.512692083586111,0.505700199304863,0.495483858634561,0.490241900730802,0.0224501828553088
5.37,f27c2278f5bdb77b,256.345941323086,303.420039027191,322.064637647947,343.169382001776,0.512691882646171,0.505700065045319,0.495484057919918,0.490241974288252,0.0224499083579194
5.375,f27c2278f5bdb77b,256.345861961361,303.41996848471,322.064747363494,343.169422190435,0.512691723922721,0.505699947474517,0.495484226713068,0.490242031700622,0.0224496922220997
5.38,f27c2278f5bdb77b,256.345801982407,303.419907266998,322.064838723373,343.169452027222,0.512691603964814,0.505699845444996,0.495484367266728,0.490242074324602,0.0224495296402118
5.385,f27c2278f5bdb77b,256.345759675004,303.419854685238,322.064913190604,343.169472449154,0.512691519350008,0.505699757808731,0.495484481831698,0.490242103498791,0.0224494158512166
5.39,f27c2278f5bdb77b,256.345733348587,303.419810052694,322.064972221455,343.169484377264,0.512691466697174,0.505699683421156,0.495484572648392,0.490242120538949,0.0224493461582243
5.395,f27c2278f5bdb77b,256.345721339816,303.419772687133,322.065017259682,343.169488713369,0.512691442679632,0.505699621145221,0.495484641937973,0.490242126733384,0.0224493159462479
5.4,f27c2278f5bdb77b,256.345722019405,303.419741913307,322.065049730447,343.169486336841,0.51269144403881,0.505699569855511,0.495484691892995,0.490242123338345,0.0224493207004653
5.405,f27c2278f5bdb77b,256.345733799308,303.419717065517,322.06507103385,343.169478101324,0.512691467598616,0.505699528442529,0.495484724667462,0.49024211157332,0.0224493560252961
5.41,f27c2278f5bdb77b,256.345755140373,303.419697490303,322.065082538038,343.169464831287,0.512691510280745,0.505699495817171,0.495484742366212,0.490242092616124,0.0224494176646214
5.415,f27c2278f5bdb77b,256.345784560559,303.419682549284,322.065085571801,343.169447318356,0.512691569121118,0.505699470915474,0.495484747033539,0.490242067597651,0.0224495015234673
5.42,f27c2278f5bdb77b,256.345820643818,303.419671622199,322.065081416647,343.169426317337,0.512691641287635,0.505699452703664,0.495484740640995,0.490242037596196,0.0224496036914395
5.425,f27c2278f5bdb77b,256.345862049688,303.419664110128,322.065071298316,343.169402541869,0.512691724099375,0.505699440183546,0.495484725074333,0.490242003631241,0.0224497204681346
5.43,f27c2278f5bdb77b,256.34590752364,303.419659438928,322.065056377771,343.169376659662,0.512691815047279,0.505699432398213,0.495484702119647,0.49024196665666,0.0224498483906196
5.435,f27c2278f5bdb77b,256.345955908088,303.419657062823,322.065037741755,343.169349287335,0.512691911816175,0.505699428438038,0.495484673448853,0.490241927553336,0.0224499842628396
5.44,f27c2278f5bdb77b,256.346006153875,303.419656468075,322.065016393139,343.169320984911,0.512692012307751,0.505699427446792,0.495484640604829,0.490241887121301,0.0224501251864497
5.445,f27c2278f5bdb77b,256.346057331828,303.419657176607,322.064993241415,343.169292250149,0.512692114663657,0.505699428627679,0.495484604986793,0.490241846071642,0.0224502685920148
5.45,f27c2278f5bdb77b,256.346108643711,303.419658749336,322.064969093907,343.169263513046,0.512692217287423,0.505699431248893,0.49548456783678,0.490241805018637,0.0224504122687861
5.455,f27c2278f5bdb77b,256.346159431593,303.419660788933,322.0649446485,343.169235130975,0.512692318863186,0.505699434648221,0.495484530228461,0.490241764472821,0.0224505543903648
5.46,f27c2278f5bdb77b,256.346209184312,303.419662941621,322.0649204889,343.169207385167,0.512692418368625,0.505699438236035,0.495484493059846,0.490241724835953,0.0224506935326713
5.465,f27c2278f5bdb77b,256.346257539547,303.41966489763,322.064897083506,343.169180479317,0.512692515079095,0.50569944149605,0.495484457051547,0.490241686399024,0.0224508286800711
5.47,f27c2278f5bdb77b,256.346304280052,303.419666389989,322.064874788855,343.169154541103,0.512692608560105,0.505699443983315,0.495484422752085,0.490241649344433,0.0224509592156721
5.475,f27c2278f5bdb77b,256.346349323133,303.419667191551,322.06485385812,343.169129627195,0.512692698646267,0.505699445319252,0.495484390550955,0.490241613753135,0.0224510848931315
5.48,f27c2278f5bdb77b,256.346392703342,303.419667110469,322.064834454367,343.169105731822,0.512692785406685,0.505699445184115,0.495484360699026,0.490241579616888,0.0224512057897968
5.485,f27c2278f5bdb77b,256.346434549503,303.419665984675,322.064816667408,343.169082798414,0.512692869099006,0.505699443307792,0.495484333334473,0.490241546854877,0.0224513222441291
5.49,f27c2278f5bdb77b,256.346475058145,303.419663676193,322.064800532397,343.169060733265,0.51269295011629,0.505699439460322,0.495484308511379,0.490241515333236,0.0224514347830541
5.495,f27c2278f5bdb77b,256.346514465838,303.419660066179,322.064786048065,343.169039419918,0.512693028931676,0.505699433443632,0.495484286227793,0.490241484885597,0.0224515440460798
5.5,f27c2278f5bdb77b,256.346553022636,303.419655051486,322.064773192816,343.169018733061,0.512693106045273,0.50569942508581,0.495484266450486,0.490241455332945,0.0224516507123277
5.505,f27c2278f5bdb77b,256.346590968241,303.419648543255,322.064761937462,343.168998551042,0.512693181936483,0.505699414238759,0.495484249134556,0.490241426501488,0.0224517554349942
5.51,f27c2278f5bdb77b,256.346628515899,303.419640466708,322.064752252972,343.16897876442,0.512693257031799,0.505699400777847,0.495484234235342,0.490241398234886,0.0224518587969132
5.515,f27c2278f5bdb77b,256.346665850536,303.419630759706,322.064744112363,343.168959277396,0.512693331701071,0.50569938459951,0.495484221711327,0.49024137039628,0.0224519613047915
5.52,f27c2278f5bdb77b,256.346703131769,303.419619370785,322.064737490721,343.168940006725,0.512693406263538,0.505699365617974,0.495484211524186,0.490241342866751,0.0224520633967876
5.525,f27c2278f5bdb77b,256.346740496783,303.419606257451,322.064732365149,343.168920880617,0.512693480993566,0.505699343762418,0.49548420363869,0.490241315543739,0.0224521654498279
5.53,f27c2278f5bdb77b,256.346778062876,303.419591384738,322.064728714686,343.168901837701,0.512693556125751,0.505699318974563,0.495484198022593,0.490241288339572,0.0224522677861789
5.535,f27c2278f5bdb77b,256.346815929735,303.419574723988,322.064726520215,343.168882826061,0.512693631859471,0.505699291206647,0.495484194646485,0.490241261180088,0.022452370679383
5.54,f27c2278f5bdb77b,256.346854181483,303.419556251832,322.064725764356,343.16886380233,0.512693708362965,0.505699260419719,0.495484193483625,0.490241234003328,0.0224524743596368
5.545,f27c2278f5bdb77b,256.346892888499,303.419535949337,322.064726431343,343.168844730822,0.512693785776998,0.505699226582228,0.495484194509758,0.490241206758317,0.0224525790186811
5.55,f27c2278f5bdb77b,256.346932109077,303.419513801302,322.064728506894,343.168825582726,0.512693864218155,0.505699189668837,0.495484197702914,0.490241179403894,0.0224526848142605
5.555,f27c2278f5bdb77b,256.346971890908,303.419489795679,322.064731978077,343.168806335336,0.512693943781816,0.505699149659465,0.495484203043196,0.490241151907623,0.0224527918741924
5.56,f27c2278f5bdb77b,256.34701227242,303.419463923091,322.064736833163,343.168786971326,0.51269402454484,0.505699106538484,0.495484210512559,0.490241124244752,0.0224529003000879
5.565,f27c2278f5bdb77b,256.347053283997,303.419436176452,322.064743061484,343.168767478068,0.512694106567993,0.505699060294086,0.49548422009459,0.49024109639724,0.0224530101707535
5.57,f27c2278f5bdb77b,256.34709494907,303.419406550656,322.064750653286,343.168747846988,0.51269418989814,0.50569901091776,0.495484231774286,0.490241068352841,0.022453121545299
5.575,f27c2278f5bdb77b,256.347137285111,303.419375042326,322.064759599589,343.168728072975,0.512694274570221,0.505698958403876,0.495484245537829,0.49024104010425,0.0224532344659718
5.58,f27c2278f5bdb77b,256.347180304522,303.419341649619,322.064769892045,343.168708153814,0.512694360609043,0.505698902749365,0.495484261372377,0.490241011648306,0.0224533489607371
5.585,f27c2278f5bdb77b,256.347224015439,303.419306372071,322.064781522809,343.168688089681,0.512694448030879,0.505698843953452,0.495484279265859,0.490240982985258,0.0224534650456202
5.59,f27c2278f5bdb77b,256.347268422455,303.419269210475,322.064794484407,343.168667882663,0.51269453684491,0.505698782017459,0.49548429920678,0.49024095411809,0.0224535827268204
5.595,f27c2278f5bdb77b,256.347313527258,303.419230166786,322.064808769626,343.168647536331,0.512694627054515,0.505698716944643,0.49548432118404,0.490240925051901,0.0224537020026144
5.6,f27c2278f5bdb77b,256.347359329206,303.419189244046,322.0648243714,343.168627055349,0.512694718658412,0.505698648740076,0.495484345186769,0.490240895793355,0.0224538228650569
5.605,f27c2278f5bdb77b,256.347405825834,303.419146446324,322.064841282716,343.168606445126,0.512694811651669,0.50569857741054,0.495484371204178,0.49024086635018,0.022453945301489
5.61,f27c2278f5bdb77b,256.347453013297,303.41910177867,322.064859496525,343.168585711508,0.512694906026594,0.50569850296445,0.495484399225423,0.490240836730726,0.0224540692958684
5.615,f27c2278f5bdb77b,256.347500886755,303.41905524707,322.064879005668,343.168564860508,0.512695001773509,0.505698425411783,0.495484429239488,0.490240806943583,0.0224541948299265
5.62,f27c2278f5bdb77b,256.347549440707,303.419006858412,322.064899802808,343.168543898073,0.512695098881414,0.505698344764019,0.495484461235089,0.490240776997247,0.0224543218841671
5.625,f27c2278f5bdb77b,256.347598669279,303.418956620449,322.064921880381,343.16852282989,0.512695197338558,0.505698261034082,0.495484495200587,0.490240746899844,0.0224544504387144
5.63,f27c2278f5bdb77b,256.347648566456,303.41890454177,322.06494523055,343.168501661224,0.512695297132913,0.505698174236283,0.495484531123923,0.490240716658892,0.0224545804740209
5.635,f27c2278f5bdb77b,256.347699126285,303.418850631757,322.064969845172,343.168480396787,0.512695398252569,0.505698084386261,0.495484568992572,0.490240686281124,0.0224547119714454
5.64,f27c2278f5bdb77b,256.347750343027,303.418794900556,322.064995715779,343.168459040639,0.512695500686054,0.505697991500926,0.495484608793506,0.490240655772341,0.0224548449137125
5.645,f27c2278f5bdb77b,256.347802211287,303.418737359033,322.065022833562,343.168437596118,0.512695604422573,0.505697895598389,0.495484650513172,0.490240625137312,0.0224549792852611
5.65,f27c2278f5bdb77b,256.347854726101,303.418678018737,322.065051189368,343.168416065794,0.512695709452202,0.505697796697894,0.495484694137489,0.490240594379706,0.0224551150724964
5.655,f27c2278f5bdb77b,256.347907883006,303.418616891847,322.065080773704,343.168394451443,0.512695815766011,0.505697694819746,0.495484739651852,0.490240563502061,0.0224552522639497
5.66,f27c2278f5bdb77b,256.347961678071,303.418553991135,322.065111576747,343.168372754046,0.512695923356143,0.505697589985225,0.495484787041149,0.490240532505781,0.0224553908503624
5.665,f27c2278f5bdb77b,256.348016107926,303.418489329907,322.06514358836,343.168350973807,0.512696032215851,0.505697482216511,0.495484836289785,0.490240501391153,0.0224555308246978
5.67,f27c2278f5bdb77b,256.348071169747,303.418422921956,322.065176798117,343.16832911018,0.512696142339495,0.505697371536593,0.495484887381718,0.4902404701574,0.0224556721820948
5.675,f27c2278f5bdb77b,256.348126861253,303.418354781507,322.065211195324,343.168307161916,0.512696253722506,0.505697257969179,0.495484940300499,0.490240438802736,0.0224558149197692
5.68,f27c2278f5bdb77b,256.348183180663,303.418284923162,322.065246769058,343.168285127117,0.512696366361326,0.505697141538604,0.49548499502932,0.490240407324452,0.0224559590368736
5.685,f27c2278f5bdb77b,256.348240126662,303.418213361844,322.065283508193,343.168263003301,0.512696480253324,0.505697022269739,0.495485051551066,0.490240375719002,0.0224561045343217
5.69,f27c2278f5bdb77b,256.348297698348,303.41814011274,322.065321401437,343.168240787475,0.512696595396695,0.505696900187899,0.495485109848365,0.490240343982108,0.0224562514145875
5.695,f27c2278f5bdb77b,256.348355895174,303.418065191249,322.065360437372,343.168218476205,0.512696711790348,0.505696775318749,0.495485169903649,0.490240312108864,0.0224563996814834
5.7,f27c2278f5bdb77b,256.34841471689,303.417988612927,322.065400604485,343.168196065698,0.51269682943378,0.505696647688212,0.495485231699208,0.490240280093854,0.0224565493399266
5.705,f27c2278f5bdb77b,256.348474163477,303.417910393431,322.065441891212,343.16817355188,0.512696948326954,0.505696517322385,0.495485295217249,0.490240247931257,0.0224567003956975
5.71,f27c2278f5bdb77b,256.348534235082,303.417830548472,322.065484285968,343.168150930477,0.512697068470164,0.505696384247454,0.495485360439952,0.490240215614967,0.0224568528551964
5.715,f27c2278f5bdb77b,256.348594931953,303.417749093766,322.065527777189,343.168128197091,0.512697189863907,0.50569624848961,0.495485427349522,0.490240183138701,0.0224570067252055
5.72,f27c2278f5bdb77b,256.348656254379,303.417666044988,322.065572353359,343.168105347273,0.512697312508759,0.50569611007498,0.495485495928245,0.490240150496105,0.0224571620126541
5.725,f27c2278f5bdb77b,256.348718202626,303.417581417729,322.065618003047,343.168082376597,0.512697436405253,0.505695969029548,0.495485566158534,0.490240117680854,0.0224573187243994
5.73,f27c2278f5bdb77b,256.348780776883,303.417495227459,322.065664714934,343.168059280724,0.512697561553766,0.505695825379099,0.495485638022975,0.490240084686748,0.0224574768670179
5.735,f27c2278f5bdb77b,256.348843977208,303.417407489493,322.065712477838,343.16803605546,0.512697687954416,0.505695679149155,0.495485711504367,0.490240051507801,0.0224576364466153
5.74,f27c2278f5bdb77b,256.348907803482,303.417318218956,322.065761280745,343.168012696817,0.512697815606964,0.505695530364927,0.495485786585761,0.49024001813831,0.022457797468654
5.745,f27c2278f5bdb77b,256.348972255368,303.417227430758,322.06581111282,343.167989201054,0.512697944510735,0.505695379051263,0.495485863250493,0.490239984572934,0.0224579599378006
5.75,f27c2278f5bdb77b,256.349037332271,303.41713513957,322.065861963435,343.167965564723,0.512698074664543,0.505695225232617,0.495485941482208,0.490239950806747,0.0224581238577954
5.755,f27c2278f5bdb77b,256.349103033315,303.417041359805,322.065913822178,343.167941784702,0.512698206066631,0.505695068933009,0.495486021264889,0.490239916835288,0.0224582892313424
5.76,f27c2278f5bdb77b,256.349169357312,303.416946105603,322.065966678864,343.167917858222,0.512698338714623,0.505694910176004,0.495486102582867,0.490239882654603,0.0224584560600208
5.765,f27c2278f5bdb77b,256.349236302746,303.416849390814,322.06602052355,343.16789378289,0.512698472605492,0.505694748984691,0.495486185420846,0.490239848261271,0.0224586243442204
5.77,f27c2278f5bdb77b,256.349303867763,303.416751229,322.066075346535,343.167869556702,0.512698607735527,0.505694585381666,0.4954862697639,0.490239813652432,0.022458794083095
5.775,f27c2278f5bdb77b,256.349372050164,303.416651633418,322.066131138366,343.167845178052,0.512698744100327,0.505694419389031,0.495486355597487,0.490239778825788,0.0224589652745387
5.78,f27c2278f5bdb77b,256.349440847399,303.416550617029,322.06618788984,343.167820645732,0.512698881694798,0.505694251028382,0.495486442907446,0.490239743779618,0.0224591379151802
5.785,f27c2278f5bdb77b,256.349510256578,303.416448192492,322.066245591997,343.167795958933,0.512699020513157,0.50569408032082,0.495486531679995,0.490239708512761,0.0224593120003957
5.79,f27c2278f5bdb77b,256.349580274476,303.416344372174,322.06630423612,343.16777111723,0.512699160548952,0.505693907286956,0.495486621901724,0.490239673024614,0.022459487524338
5.795,f27c2278f5bdb77b,256.349650897545,303.41623916815,322.06636381373,343.167746120575,0.512699301795089,0.505693731946917,0.495486713559585,0.490239637315107,0.0224596644799822
5.8,f27c2278f5bdb77b,256.349722121931,303.416132592221,322.066424316573,343.167720969275,0.512699444243862,0.505693554320369,0.495486806640881,0.490239601384679,0.022459842859183
5.805,f27c2278f5bdb77b,256.349793943497,303.416024655917,322.066485736613,343.167695663973,0.512699587886993,0.505693374426528,0.495486901133251,0.490239565234248,0.0224600226527455
5.81,f27c2278f5bdb77b,256.349866357841,303.415915370513,322.066548066022,343.167670205624,0.512699732715682,0.505693192284188,0.495486997024649,0.490239528865177,0.0224602038505051
5.815,f27c2278f5bdb77b,256.349939360326,303.415804747043,322.066611297165,343.167644595465,0.512699878720652,0.505693007911739,0.495487094303331,0.490239492279236,0.0224603864414166
5.82,f27c2278f5bdb77b,256.350012946103,303.415692796316,322.066675422591,343.16761883499,0.512700025892205,0.505692821327194,0.495487192957833,0.490239455478557,0.0224605704136485
5.825,f27c2278f5bdb77b,256.35008711014,303.415579528929,322.066740435015,343.167592925917,0.51270017422028,0.505692632548215,0.495487292976946,0.490239418465595,0.0224607557546843
5.83,f27c2278f5bdb77b,256.350161847254,303.415464955285,322.066806327304,343.167566870157,0.512700323694507,0.505692441592142,0.495487394349699,0.490239381243082,0.022460942451425
5.835,f27c2278f5bdb77b,256.350237152136,303.415349085612,322.066873092467,343.167540669785,0.512700474304272,0.50569224847602,0.495487497065334,0.490239343813978,0.0224611304902941
5.84,f27c2278f5bdb77b,256.350313019387,303.415231929976,322.066940723637,343.167514327001,0.512700626038773,0.505692053216626,0.495487601113287,0.49023930618143,0.0224613198573432
5.845,f27c2278f5bdb77b,256.350389443539,303.415113498299,322.067009214055,343.167487844107,0.512700778887078,0.505691855830499,0.495487706483162,0.490239268348724,0.0224615105383546
5.85,f27c2278f5bdb77b,256.350466419092,303.414993800378,322.067078557062,343.167461223468,0.512700932838184,0.505691656333964,0.49548781316471,0.49023923031924,0.0224617025189439
5.855,f27c2278f5bdb77b,256.350543940535,303.414872845896,322.067148746078,343.16743446749,0.51270108788107,0.505691454743161,0.495487921147812,0.490239192096415,0.0224618957846556
5.86,f27c2278f5bdb77b,256.350622002376,303.414750644441,322.067219774596,343.167407578587,0.512701244004752,0.505691251074069,0.495488030422456,0.490239153683695,0.0224620903210569
5.865,f27c2278f5bdb77b,256.350700599163,303.414627205517,322.067291636167,343.167380559153,0.512701401198327,0.505691045342529,0.495488140978718,0.490239115084504,0.0224622861138233
5.87,f27c2278f5bdb77b,256.350779725512,303.414502538559,322.067364324386,343.167353411543,0.512701559451023,0.505690837564266,0.495488252806748,0.490239076302204,0.0224624831488193
5.875,f27c2278f5bdb77b,256.350859376119,303.414376652946,322.067437832889,343.167326138047,0.512701718752237,0.50569062775491,0.495488365896752,0.490239037340067,0.0224626814121701
5.88,f27c2278f5bdb77b,256.350939545786,303.414249558007,322.067512155334,343.167298740872,0.512701879091573,0.505690415930012,0.495488480238976,0.490238998201246,0.0224628808903273
5.885,f27c2278f5bdb77b,256.351020229436,303.414121263037,322.067587285404,343.167271222123,0.512702040458872,0.505690202105062,0.495488595823699,0.490238958888747,0.0224630815701249
5.89,f27c2278f5bdb77b,256.35110142212,303.413991777301,322.06766321679,343.167243583789,0.51270220284424,0.505689986295502,0.495488712641215,0.490238919405413,0.0224632834388273
5.895,f27c2278f5bdb77b,256.351183119036,303.413861110042,322.067739943191,343.167215827731,0.512702366238071,0.505689768516737,0.495488830681833,0.490238879753902,0.0224634864841693
5.9,f27c2278f5bdb77b,256.351265315531,303.413729270486,322.067817458308,343.167187955674,0.512702530631063,0.505689548784143,0.495488949935859,0.490238839936678,0.0224636906943851
5.905,f27c2278f5bdb77b,256.351348007114,303.413596267847,322.067895755841,343.167159969198,0.512702696014229,0.505689327113078,0.495489070393601,0.490238799955997,0.022463896058232
5.91,f27c2278f5bdb77b,256.351431189454,303.41346211133,322.067974829482,343.167131869734,0.512702862378907,0.505689103518884,0.495489192045357,0.490238759813905,0.0224641025650021
5.915,f27c2278f5bdb77b,256.351514858381,303.413326810133,322.068054672922,343.167103658564,0.512703029716762,0.505688878016889,0.495489314881419,0.490238719512234,0.0224643102045284
5.92,f27c2278f5bdb77b,256.351599009891,303.413190373446,322.068135279844,343.16707533682,0.512703198019781,0.50568865062241,0.495489438892067,0.490238679052599,0.0224645189671818
5.925,f27c2278f5bdb77b,256.351683640136,303.413052810451,322.068216643924,343.167046905488,0.512703367280273,0.505688421350752,0.495489564067575,0.490238638436412,0.0224647288438608
5.93,f27c2278f5bdb77b,256.351768745426,303.412914130322,322.068298758837,343.167018365414,0.512703537490852,0.505688190217204,0.495489690398211,0.490238597664878,0.0224649398259741
5.935,f27c2278f5bdb77b,256.351854322215,303.412774342219,322.068381618257,343.166989717309,0.512703708644431,0.505687957237032,0.495489817874241,0.490238556739013,0.0224651519054177
5.94,f27c2278f5bdb77b,256.3519403671,303.412633455287,322.068465215856,343.166960961758,0.512703880734199,0.505687722425478,0.495489946485932,0.490238515659654,0.0224653650745455
5.945,f27c2278f5bdb77b,256.352026876803,303.412491478651,322.068549545315,343.166932099231,0.512704053753607,0.505687485797752,0.495490076223561,0.490238474427472,0.0224655793261342
5.95,f27c2278f5bdb77b,256.35211384817,303.412348421412,322.068634600324,343.166903130095,0.512704227696339,0.50568724736902,0.495490207077421,0.490238433042992,0.0224657946533466
5.955,f27c2278f5bdb77b,256.352201278148,303.412204292638,322.068720374588,343.166874054626,0.512704402556296,0.505687007154396,0.495490339037828,0.490238391506609,0.0224660110496875
5.96,f27c2278f5bdb77b,256.352289163783,303.412059101362,322.068806861832,343.166844873024,0.512704578327565,0.505686765168936,0.495490472095126,0.490238349818605,0.02246622850896
5.965,f27c2278f5bdb77b,256.352377502197,303.411912856573,322.068894055806,343.166815585423,0.512704755004394,0.505686521427622,0.495490606239702,0.490238307979176,0.0224664470252182
5.97,f27c2278f5bdb77b,256.352466290582,303.411765567213,322.068981950292,343.166786191912,0.512704932581164,0.505686275945356,0.495490741461988,0.490238265988446,0.0224666665927187
5.975,f27c2278f5bdb77b,256.352555526181,303.411617242166,322.06907053911,343.166756692543,0.512705111052362,0.505686028736943,0.495490877752477,0.49023822384649,0.0224668872058721
5.98,f27c2278f5bdb77b,256.352645206276,303.411467890253,322.06915981612,343.166727087351,0.512705290412553,0.505685779817089,0.495491015101722,0.490238181553358,0.0224671088591943
5.985,f27c2278f5bdb77b,256.352735328176,303.411317520228,322.069249775232,343.166697376365,0.512705470656351,0.50568552920038,0.495491153500356,0.490238139109093,0.0224673315472587
5.99,f27c2278f5bdb77b,256.352825889199,303.411166140768,322.069340410409,343.166667559624,0.512705651778398,0.505685276901279,0.495491292939091,0.490238096513748,0.0224675552646501
5.995,f27c2278f5bdb77b,256.352916886667,303.41101376047,322.069431715675,343.166637637188,0.512705833773333,0.505685022934116,0.495491433408731,0.490238053767412,0.0224677800059213
6,f27c2278f5bdb77b,256.353008317886,303.410860387844,322.069523685115,343.166607609154,0.512706016635772,0.505684767313074,0.495491574900177,0.490238010870221,0.0224680057655515
6.005,f27c2278f5bdb77b,256.353100180143,303.410706031311,322.069616312883,343.166577475663,0.512706200360286,0.505684510052185,0.495491717404435,0.490237967822376,0.0224682325379096
6.01,f27c2278f5bdb77b,256.35319247069,303.410550699193,322.069709593204,343.166547236913,0.51270638494138,0.505684251165322,0.495491860912622,0.490237924624161,0.0224684603172194
6.015,f27c2278f5bdb77b,256.353285186741,303.410394399716,322.069803520379,343.166516893165,0.512706570373481,0.505683990666193,0.495492005415967,0.49023788127595,0.0224686890975309
6.02,f27c2278f5bdb77b,256.353378325459,303.410237141,322.069898088785,343.166486444756,0.512706756650918,0.505683728568334,0.495492150905823,0.490237837778223,0.0224689188726952
6.025,f27c2278f5bdb77b,256.353471883956,303.410078931066,322.06999329288,343.166455892098,0.512706943767913,0.50568346488511,0.495492297373661,0.490237794131568,0.0224691496363446
6.03,f27c2278f5bdb77b,256.353565859287,303.409919777823,322.070089127202,343.166425235687,0.512707131718574,0.505683199629706,0.495492444811081,0.490237750336696,0.0224693813818782
6.035,f27c2278f5bdb77b,256.353660248444,303.409759689079,322.070185586372,343.166394476105,0.512707320496887,0.505682932815132,0.495492593209803,0.490237706394436,0.0224696141024515
6.04,f27c2278f5bdb77b,256.353755048358,303.409598672531,322.070282665091,343.16636361402,0.512707510096716,0.505682664454219,0.495492742561678,0.490237662305743,0.022469847790973
6.045,f27c2278f5bdb77b,256.353850255899,303.409436735774,322.070380358141,343.166332650186,0.512707700511798,0.505682394559624,0.495492892858678,0.490237618071694,0.0224700824401047
6.05,f27c2278f5bdb77b,256.353945867878,303.409273886298,322.070478660384,343.166301585441,0.512707891735755,0.505682123143829,0.495493044092898,0.490237573693487,0.0224703180422683
6.055,f27c2278f5bdb77b,256.354041881046,303.40911013149,322.07057756676,343.166270420705,0.512708083762092,0.505681850219149,0.495493196256553,0.490237529172435,0.0224705545896567
6.06,f27c2278f5bdb77b,256.354138292105,303.408945478641,322.070677072282,343.166239156973,0.512708276584209,0.505681575797735,0.495493349341972,0.490237484509961,0.0224707920742487
6.065,f27c2278f5bdb77b,256.354235097707,303.408779934947,322.070777172037,343.166207795309,0.512708470195414,0.505681299891579,0.495493503341595,0.490237439707584,0.0224710304878306
6.07,f27c2278f5bdb77b,256.354332294467,303.408613507515,322.070877861178,343.16617633684,0.512708664588934,0.505681022512524,0.495493658247967,0.490237394766914,0.0224712698220195
6.075,f27c2278f5bdb77b,256.354429878965,303.408446203364,322.070979134924,343.166144782747,0.512708859757929,0.505680743672274,0.49549381405373,0.490237349689638,0.0224715100682912
6.08,f27c2278f5bdb77b,256.354527847758,303.408278029438,322.071080988552,343.166113134253,0.512709055695515,0.505680463382396,0.495493970751618,0.490237304477504,0.0224717512180107
6.085,f27c2278f5bdb77b,256.354626197389,303.408108992602,322.071183417392,343.166081392618,0.512709252394777,0.505680181654337,0.495494128334449,0.490237259132311,0.022471993262466
6.09,f27c2278f5bdb77b,256.354724924395,303.407939099657,322.071286416826,343.166049559122,0.512709449848791,0.505679898499428,0.495494286795116,0.490237213655888,0.0224722361929024
6.095,f27c2278f5bdb77b,256.354824025322,303.407768357341,322.071389982278,343.166017635059,0.512709648050643,0.505679613928901,0.495494446126582,0.490237168050084,0.0224724800005591
6.1,f27c2278f5bdb77b,256.354923496727,303.407596772336,322.071494109214,343.165985621723,0.512709846993454,0.505679327953894,0.495494606321867,0.490237122316747,0.0224727246767064
6.105,f27c2278f5bdb77b,256.355023335197,303.407424351276,322.071598793129,343.165953520398,0.512710046670393,0.505679040585461,0.495494767374045,0.490237076457712,0.0224729702126815
6.11,f27c2278f5bdb77b,256.355123537353,303.407251100752,322.07170402955,343.165921332345,0.512710247074705,0.505678751834587,0.495494929276231,0.490237030474779,0.0224732165999261
6.115,f27c2278f5bdb77b,256.355224099863,303.407077027317,322.071809814026,343.165889058795,0.512710448199726,0.505678461712195,0.495495092021578,0.490236984369707,0.0224734638300196
6.12,f27c2278f5bdb77b,256.355325019451,303.406902137492,322.071916142124,343.165856700933,0.512710650038902,0.505678170229154,0.495495255603267,0.49023693814419,0.0224737118947125
6.125,f27c2278f5bdb77b,256.355426292904,303.406726437775,322.072023009426,343.165824259896,0.512710852585807,0.505677877396291,0.495495420014501,0.490236891799851,0.0224739607859565
6.13,f27c2278f5bdb77b,256.355527917079,303.406549934638,322.072130411524,343.165791736759,0.512711055834157,0.505677583224397,0.495495585248499,0.490236845338227,0.0224742104959307
6.135,f27c2278f5bdb77b,256.355629888912,303.406372634539,322.072238344018,343.165759132531,0.512711259777824,0.505677287724232,0.49549575129849,0.490236798760758,0.0224744610170661
6.14,f27c2278f5bdb77b,256.355732205422,303.40619454392,322.07234680251,343.165726448147,0.512711464410844,0.505676990906534,0.495495918157708,0.490236752068781,0.0224747123420629
6.145,f27c2278f5bdb77b,256.355834863715,303.406015669214,322.072455782605,343.165693684466,0.51271166972743,0.505676692782023,0.495496085819392,0.490236705263523,0.0224749644639068
6.15,f27c2278f5bdb77b,256.355937860986,303.405836016842,322.072565279907,343.165660842266,0.512711875721972,0.505676393361403,0.495496254276779,0.490236658346094,0.0224752173758774
6.155,f27c2278f5bdb77b,256.356041194521,303.405655593219,322.072675290018,343.165627922242,0.512712082389043,0.505676092655364,0.495496423523104,0.490236611317489,0.0224754710715536
6.16,f27c2278f5bdb77b,256.356144861699,303.405474404752,322.072785808541,343.165594925009,0.512712289723397,0.505675790674587,0.495496593551601,0.490236564178584,0.0224757255448133
6.165,f27c2278f5bdb77b,256.356248859984,303.405292457842,322.072896831075,343.165561851099,0.512712497719969,0.505675487429737,0.4954967643555,0.490236516930141,0.0224759807898277
6.17,f27c2278f5bdb77b,256.356353186931,303.405109758879,322.073008353221,343.165528700968,0.512712706373863,0.505675182931466,0.495496935928032,0.490236469572812,0.0224762368010508
6.175,f27c2278f5bdb77b,256.356457840174,303.404926314245,322.073120370579,343.165495475001,0.512712915680348,0.505674877190409,0.49549710826243,0.490236422107145,0.0224764935732039
6.18,f27c2278f5bdb77b,256.356562817423,303.404742130307,322.073232878756,343.165462173514,0.512713125634847,0.505674570217179,0.495497281351932,0.490236374533591,0.0224767511012555
6.185,f27c2278f5bdb77b,256.356668116458,303.404557213417,322.073345873361,343.165428796763,0.512713336232916,0.505674262022362,0.495497455189787,0.490236326852519,0.0224770093803972
6.19,f27c2278f5bdb77b,256.35677373512,303.404371569906,322.073459350017,343.165395344957,0.51271354747024,0.505673952616511,0.495497629769257,0.490236279064224,0.0224772684060157
6.195,f27c2278f5bdb77b,256.356879671301,303.404185206084,322.073573304357,343.165361818259,0.512713759342602,0.50567364201014,0.495497805083626,0.490236231168941,0.0224775281736608
6.2,f27c2278f5bdb77b,256.356985922937,303.403998128228,322.073687732032,343.165328216803,0.512713971845874,0.505673330213713,0.495497981126204,0.490236183166861,0.0224777886790128
6.205,f27c2278f5bdb77b,256.357092487996,303.403810342584,322.073802628717,343.165294540703,0.512714184975992,0.50567301723764,0.495498157890334,0.490236135058147,0.022478049917845
6.21,f27c2278f5bdb77b,256.357199364467,303.40362185536,322.07391799011,343.165260790063,0.512714398728935,0.505672703092267,0.4954983353694,0.490236086842947,0.0224783118859876
6.215,f27c2278f5bdb77b,256.357306550352,303.403432672718,322.074033811941,343.165226964989,0.512714613100703,0.505672387787863,0.495498513556833,0.490236038521413,0.0224785745792905
6.22,f27c2278f5bdb77b,256.35741404365,303.403242800772,322.074150089976,343.165193065601,0.512714828087301,0.50567207133462,0.495498692446117,0.490235990093716,0.0224788379935852
6.225,f27c2278f5bdb77b,256.357521842355,303.403052245582,322.07426682002,343.165159092043,0.51271504368471,0.505671753742637,0.4954988720308,0.490235941560061,0.0224791021246491
6.23,f27c2278f5bdb77b,256.357629944438,303.40286101315,322.07438399792,343.165125044492,0.512715259888875,0.505671435021917,0.495499052304492,0.490235892920703,0.0224793669681719
6.235,f27c2278f5bdb77b,256.357738347842,303.402669109414,322.074501619571,343.165090923173,0.512715476695684,0.505671115182357,0.495499233260879,0.490235844175961,0.0224796325197234
6.24,f27c2278f5bdb77b,256.357847050476,303.402476540245,322.074619680921,343.165056728358,0.512715694100952,0.505670794233742,0.495499414893725,0.490235795326226,0.022479898774726
6.245,f27c2278f5bdb77b,256.357956050203,303.402283311446,322.074738177968,343.165022460383,0.512715912100406,0.505670472185743,0.495499597196874,0.490235746371976,0.0224801657284303
6.25,f27c2278f5bdb77b,256.358065344839,303.402089428745,322.074857106768,343.164988119648,0.512716130689678,0.505670149047909,0.495499780164258,0.490235697313782,0.0224804333758958
6.255,f27c2278f5bdb77b,256.358174932147,303.4018948978,322.074976463431,343.164953706622,0.512716349864294,0.505669824829666,0.495499963789894,0.490235648152317,0.0224807017119767
6.26,f27c2278f5bdb77b,256.358284809834,303.40169972419,322.075096244129,343.164919221848,0.512716569619667,0.505669499540316,0.49550014806789,0.490235598888354,0.0224809707313128
6.265,f27c2278f5bdb77b,256.35839497555,303.401503913421,322.075216445088,343.164884665942,0.5127167899511,0.505669173189035,0.495500332992443,0.490235549522774,0.0224812404283261
6.27,f27c2278f5bdb77b,256.358505426891,303.401307470925,322.075337062593,343.16485003959,0.512717010853782,0.505668845784876,0.495500518557836,0.490235500056558,0.0224815107972238
6.275,f27c2278f5bdb77b,256.358616161398,303.401110402063,322.075458092986,343.164815343553,0.512717232322796,0.505668517336772,0.49550070475844,0.49023545049079,0.0224817818320063
6.28,f27c2278f5bdb77b,256.358727176563,303.400912712124,322.075579532661,343.164780578652,0.512717454353127,0.505668187853541,0.495500891588709,0.490235400826646,0.0224820535264811
6.285,f27c2278f5bdb77b,256.358838469835,303.400714406332,322.075701378062,343.164745745771,0.51271767693967,0.505667857343888,0.495501079043172,0.490235351065387,0.0224823258742832
6.29,f27c2278f5bdb77b,256.358950038624,303.40051548985,322.075823625682,343.164710845845,0.512717900077247,0.505667525816416,0.495501267116434,0.490235301208349,0.0224825988688979
6.295,f27c2278f5bdb77b,256.359061880311,303.40031596778,322.075946272057,343.164675879852,0.512718123760622,0.505667193279634,0.495501455803165,0.490235251256931,0.0224828725036911
6.3,f27c2278f5bdb77b,256.359173992259,303.400115845177,322.076069313761,343.164640848803,0.512718347984517,0.505666859741962,0.495501645098094,0.490235201212576,0.0224831467719415
6.305,f27c2278f5bdb77b,256.359286371819,303.399915127047,322.076192747401,343.164605753733,0.512718572743638,0.505666525211745,0.495501834996002,0.490235151076761,0.0224834216668761
6.31,f27c2278f5bdb77b,256.359399016344,303.399713818357,322.076316569614,343.164570595685,0.512718798032688,0.505666189697261,0.495502025491714,0.490235100850979,0.0224836971817088
6.315,f27c2278f5bdb77b,256.359511923199,303.39951192404,322.076440777059,343.164535375703,0.512719023846397,0.505665853206733,0.49550221658009,0.490235050536718,0.0224839733096789
6.32,f27c2278f5bdb77b,256.359625089771,303.399309449002,322.076565366411,343.164500094815,0.512719250179542,0.505665515748337,0.495502408256018,0.49023500013545,0.0224842500440919
6.325,f27c2278f5bdb77b,256.359738513483,303.399106398131,322.076690334361,343.164464754026,0.512719477026966,0.505665177330218,0.495502600514401,0.490234949648608,0.022484527378358
6.33,f27c2278f5bdb77b,256.359852191802,303.398902776296,322.076815677602,343.164429354301,0.512719704383603,0.505664837960493,0.495502793350157,0.490234899077573,0.0224848053060304
6.335,f27c2278f5bdb77b,256.359966122248,303.39869858836,322.076941392832,343.16439389656,0.512719932244496,0.505664497647267,0.495502986758204,0.490234848423657,0.0224850838208397
6.34,f27c2278f5bdb77b,256.360080302408,303.398493839182,322.077067476747,343.164358381663,0.512720160604817,0.505664156398637,0.495503180733457,0.49023479768809,0.022485362916727
6.345,f27c2278f5bdb77b,256.360194729939,303.398288533622,322.077193926034,343.164322810405,0.512720389459878,0.505663814222703,0.495503375270821,0.490234746872007,0.0224856425878704
6.35,f27c2278f5bdb77b,256.360309402575,303.398082676544,322.077320737373,343.164287183508,0.51272061880515,0.505663471127574,0.495503570365189,0.49023469597644,0.0224859228287092
6.355,f27c2278f5bdb77b,256.360424318134,303.397876272821,322.07744790743,343.164251501616,0.512720848636268,0.505663127121368,0.49550376601143,0.490234645002308,0.0224862036339596
6.36,f27c2278f5bdb77b,256.36053947452,303.397669327334,322.077575432858,343.164215765288,0.512721078949039,0.505662782212224,0.495503962204397,0.490234593950412,0.0224864849986275
6.365,f27c2278f5bdb77b,256.360654869723,303.397461844977,322.077703310296,343.164179975004,0.512721309739446,0.505662436408295,0.495504158938917,0.490234542821434,0.0224867669180124
6.37,f27c2278f5bdb77b,256.360770501822,303.397253830653,322.077831536368,343.164144131157,0.512721541003645,0.505662089717754,0.495504356209797,0.490234491615939,0.0224870493877063
6.375,f27c2278f5bdb77b,256.36088636898,303.397045289275,322.077960107683,343.164108234062,0.51272177273796,0.505661742148792,0.49550455401182,0.490234440334374,0.0224873324035856
6.38,f27c2278f5bdb77b,256.361002469438,303.396836225768,322.078089020839,343.164072283956,0.512722004938876,0.505661393709613,0.495504752339752,0.49023438897708,0.0224876159617959
6.385,f27c2278f5bdb77b,256.361118801514,303.396626645056,322.078218272423,343.164036281007,0.512722237603028,0.505661044408427,0.495504951188343,0.490234337544296,0.0224879000587316
6.39,f27c2278f5bdb77b,256.361235363592,303.39641655207,322.078347859017,343.164000225322,0.512722470727183,0.50566069425345,0.495505150552333,0.490234286036174,0.0224881846910097
6.395,f27c2278f5bdb77b,256.361352154113,303.396205951736,322.078477777199,343.163964116952,0.512722704308227,0.505660343252893,0.49550535042646,0.490234234452789,0.0224884698554377
6.4,f27c2278f5bdb77b,256.361469171568,303.395994848971,322.07860802355,343.163927955911,0.512722938343137,0.505659991414952,0.495505550805461,0.490234182794158,0.0224887555489787
6.405,f27c2278f5bdb77b,256.361586414483,303.395783248682,322.078738594656,343.163891742179,0.512723172828967,0.505659638747803,0.495505751684086,0.490234131060256,0.0224890417687109
6.41,f27c2278f5bdb77b,256.361703881409,303.395571155752,322.078869487116,343.163855475722,0.512723407762819,0.505659285259587,0.495505953057101,0.490234079251032,0.0224893285117872
6.415,f27c2278f5bdb77b,256.36182157091,303.395358575042,322.079000697547,343.163819156501,0.512723643141821,0.505658930958403,0.495506154919302,0.49023402736643,0.0224896157753911
6.42,f27c2278f5bdb77b,256.36193948155,303.395145511379,322.079132222586,343.163782784485,0.512723878963101,0.505658575852298,0.495506357265517,0.490233975406407,0.0224899035566935
6.425,f27c2278f5bdb77b,256.362057611881,303.394931969552,322.0792640589,343.163746359666,0.512724115223762,0.505658219949253,0.495506560090616,0.490233923370952,0.0224901918528102
6.43,f27c2278f5bdb77b,256.362175960431,303.394717954306,322.07939620319,343.163709882072,0.512724351920863,0.505657863257177,0.495506763389523,0.490233871260103,0.0224904806607601
6.435,f27c2278f5bdb77b,256.362294525695,303.394503470338,322.079528652193,343.163673351774,0.512724589051391,0.505657505783897,0.495506967157219,0.490233819073963,0.022490769977428
6.44,f27c2278f5bdb77b,256.362413306123,303.394288522288,322.079661402687,343.163636768901,0.512724826612246,0.505657147537148,0.495507171388749,0.490233766812716,0.0224910597995298
6.445,f27c2278f5bdb77b,256.362532300112,303.39407311474,322.079794451499,343.163600133649,0.512725064600224,0.505656788524567,0.495507376079229,0.490233714476641,0.0224913501235829
6.45,f27c2278f5bdb77b,256.362651506001,303.393857252215,322.079927795502,343.163563446283,0.512725303012001,0.505656428753691,0.495507581223849,0.490233662066118,0.0224916409458829
6.455,f27c2278f5bdb77b,256.362770922063,303.393640939168,322.080061431621,343.163526707148,0.512725541844125,0.505656068231947,0.495507786817878,0.49023360958164,0.0224919322624852
6.46,f27c2278f5bdb77b,256.362890546505,303.393424179993,322.080195356831,343.163489916671,0.51272578109301,0.505655706966655,0.495507992856664,0.490233557023816,0.0224922240691939
6.465,f27c2278f5bdb77b,256.363010377465,303.393206979013,322.080329568162,343.16345307536,0.512726020754929,0.505655344965022,0.495508199335634,0.490233504393371,0.0224925163615577
6.47,f27c2278f5bdb77b,256.363130413012,303.39298934049,322.080464062693,343.163416183805,0.512726260826023,0.50565498223415,0.495508406250297,0.49023345169115,0.0224928091348731
6.475,f27c2278f5bdb77b,256.36325065115,303.392771268621,322.080598837555,343.163379242675,0.5127265013023,0.505654618781035,0.495508613596238,0.490233398918106,0.0224931023841939
6.48,f27c2278f5bdb77b,256.363371089824,303.392552767541,322.080733889924,343.16334225271,0.512726742179649,0.505654254612569,0.495508821369114,0.490233346075301,0.0224933961043481
6.485,f27c2278f5bdb77b,256.363491726924,303.392333841331,322.080869217023,343.163305214721,0.512726983453848,0.505653889735552,0.495509029564651,0.490233293163887,0.0224936902899612
6.49,f27c2278f5bdb77b,256.363612560294,303.392114494019,322.081004816115,343.163268129571,0.512727225120587,0.505653524156699,0.495509238178639,0.490233240185102,0.0224939849354854
6.495,f27c2278f5bdb77b,256.363733587741,303.391894729587,322.081140684499,343.163230998174,0.512727467175482,0.505653157882644,0.495509447206921,0.490233187140248,0.0224942800352332
6.5,f27c2278f5bdb77b,256.363854807048,303.391674551974,322.081276819502,343.163193821476,0.512727709614097,0.505652790919956,0.495509656645387,0.49023313403068,0.0224945755834166
6.505,f27c2278f5bdb77b,256.363976215986,303.391453965088,322.081413218478,343.163156600448,0.512727952431971,0.505652423275146,0.495509866489967,0.490233080857783,0.0224948715741879
6.51,f27c2278f5bdb77b,256.36409781232,303.391232972809,322.081549878802,343.163119336069,0.512728195624639,0.505652054954682,0.495510076736618,0.490233027622956,0.0224951680016828
6.515,f27c2278f5bdb77b,256.364219593828,303.391011578998,322.081686797859,343.163082029315,0.512728439187657,0.505651685964996,0.495510287381321,0.490232974327593,0.0224954648600641
6.52,f27c2278f5bdb77b,256.364341558314,303.3907897875,322.081823973043,343.163044681143,0.512728683116627,0.505651316312501,0.495510498420066,0.490232920973061,0.0224957621435664
6.525,f27c2278f5bdb77b,256.364463703612,303.390567602159,322.08196140175,343.163007292479,0.512728927407224,0.505650946003598,0.495510709848846,0.490232867560685,0.0224960598465396
6.53,f27c2278f5bdb77b,256.364586027608,303.390345026814,322.082099081372,343.162969864207,0.512729172055215,0.50565057504469,0.495510921663649,0.490232814091724,0.022496357963491
6.535,f27c2278f5bdb77b,256.364708528243,303.390122065314,322.082237009289,343.162932397154,0.512729417056485,0.50565020344219,0.495511133860445,0.490232760567362,0.0224966564891229
6.54,f27c2278f5bdb77b,256.364831203527,303.38989872152,322.082375182873,343.162894892081,0.512729662407053,0.505649831202533,0.495511346435189,0.490232706988687,0.0224969554183662
6.545,f27c2278f5bdb77b,256.364954051545,303.389674999306,322.082513599472,343.162857349677,0.512729908103089,0.505649458332177,0.495511559383804,0.490232653356681,0.0224972547464084
6.55,f27c2278f5bdb77b,256.365077070464,303.38945090257,322.082652256419,343.162819770547,0.512730154140927,0.505649084837617,0.495511772702183,0.490232599672211,0.0224975544687167
6.555,f27c2278f5bdb77b,256.365200258536,303.389226435229,322.082791151021,343.162782155213,0.512730400517072,0.505648710725382,0.495511986386186,0.490232545936019,0.0224978545810531
6.56,f27c2278f5bdb77b,256.365323614104,303.389001601227,322.082930280562,343.162744504107,0.512730647228208,0.505648336002046,0.495512200431634,0.490232492148724,0.0224981550794836
6.565,f27c2278f5bdb77b,256.365447135597,303.388776404531,322.083069642301,343.16270681757,0.512730894271194,0.505647960674218,0.49551241483431,0.490232438310815,0.0224984559603794
6.57,f27c2278f5bdb77b,256.365570821534,303.388550849131,322.083209233475,343.16266909586,0.512731141643068,0.505647584748551,0.495512629589962,0.490232384422657,0.0224987572204104
6.575,f27c2278f5bdb77b,256.365694670515,303.388324939039,322.083349051298,343.162631339148,0.512731389341031,0.505647208231732,0.495512844694304,0.490232330484497,0.0224990588565337
6.58,f27c2278f5bdb77b,256.365818681221,303.388098678288,322.083489092962,343.162593547529,0.512731637362442,0.50564683113048,0.495513060143019,0.49023227649647,0.0224993608659722
6.585,f27c2278f5bdb77b,256.3659428524,303.387872070925,322.083629355646,343.162555721028,0.5127318857048,0.505646453451542,0.495513275931764,0.490232222458612,0.0224996632461886
6.59,f27c2278f5bdb77b,256.366067182864,303.387645121007,322.083769836516,343.162517859613,0.512732134365729,0.505646075201678,0.495513492056178,0.490232168370875,0.0224999659948535
6.595,f27c2278f5bdb77b,256.366191671475,303.387417832597,322.083910532728,343.1624799632,0.51273238334295,0.505645696387661,0.495513708511889,0.490232114233143,0.0225002691098077
6.6,f27c2278f5bdb77b,256.366316317134,303.387190209756,322.084051441438,343.162442031672,0.512732632634268,0.505645317016259,0.49551392529452,0.490232060045246,0.0225005725890216
6.605,f27c2278f5bdb77b,256.366441118768,303.386962256538,322.084192559805,343.16240406489,0.512732882237536,0.505644937094229,0.495514142399699,0.490232005806986,0.0225008764305501
6.61,f27c2278f5bdb77b,256.366566075319,303.386733976982,322.084333884994,343.162366062705,0.512733132150637,0.505644556628304,0.495514359823068,0.49023195151815,0.0225011806324875
6.615,f27c2278f5bdb77b,256.366691185728,303.386505375108,322.08447541419,343.162328024975,0.512733382371455,0.505644175625179,0.495514577560292,0.490231897178535,0.0225014851929197
6.62,f27c2278f5bdb77b,256.366816448924,303.386276454904,322.084617144594,343.162289951578,0.512733632897847,0.505643794091507,0.495514795607068,0.490231842787969,0.0225017901098785
6.625,f27c2278f5bdb77b,256.36694186381,303.386047220326,322.084759073437,343.162251842427,0.51273388372762,0.505643412033877,0.495515013959133,0.490231788346324,0.0225020953812959
6.63,f27c2278f5bdb77b,256.367067429253,303.385817675289,322.084901197978,343.16221369748,0.512734134858505,0.505643029458815,0.495515232612275,0.490231733853542,0.0225024010049631
6.635,f27c2278f5bdb77b,256.36719314407,303.38558782366,322.085043515518,343.162175516753,0.512734386288139,0.505642646372766,0.495515451562335,0.490231679309647,0.0225027069784921
6.64,f27c2278f5bdb77b,256.367319007021,303.385357669254,322.085186023393,343.162137300332,0.512734638014042,0.50564226278209,0.495515670805219,0.49023162471476,0.0225030132992817
6.645,f27c2278f5bdb77b,256.367445016802,303.385127215833,322.085328718986,343.162099048379,0.512734890033603,0.505641878693055,0.495515890336902,0.490231570069113,0.0225033199644907
6.65,f27c2278f5bdb77b,256.367571172035,303.3848964671,322.085471599728,343.162060761137,0.51273514234407,0.505641494111833,0.495516110153428,0.490231515373053,0.0225036269710167
6.655,f27c2278f5bdb77b,256.367697471269,303.384665426695,322.085614663096,343.16202243894,0.512735394942539,0.505641109044491,0.495516330250917,0.490231460627057,0.0225039343154815
6.66,f27c2278f5bdb77b,256.367823912976,303.3844340982,322.085757906617,343.161984082208,0.512735647825951,0.505640723496999,0.495516550625564,0.490231405831726,0.0225042419942251
6.665,f27c2278f5bdb77b,256.367950495547,303.384202485134,322.085901327867,343.161945691452,0.512735900991094,0.505640337475224,0.495516771273641,0.490231350987789,0.0225045500033058
6.67,f27c2278f5bdb77b,256.368077217303,303.383970590959,322.086044924469,343.161907267269,0.512736154434607,0.505639950984931,0.495516992191491,0.490231296096098,0.0225048583385088
6.675,f27c2278f5bdb77b,256.368204076493,303.383738419078,322.086188694093,343.161868810336,0.512736408152986,0.505639564031796,0.495517213375528,0.490231241157623,0.0225051669953627
6.68,f27c2278f5bdb77b,256.3683310713,303.383505972841,322.086332634451,343.161830321408,0.5127366621426,0.505639176621402,0.495517434822232,0.490231186173439,0.022505475969161
6.685,f27c2278f5bdb77b,256.368458199855,303.383273255552,322.086476743292,343.161791801302,0.51273691639971,0.505638788759253,0.495517656528141,0.490231131144717,0.0225057852549931
6.69,f27c2278f5bdb77b,256.36858546024,303.383040270469,322.086621018399,343.161753250892,0.51273717092048,0.505638400450782,0.495517878489844,0.490231076072703,0.0225060948477775
6.695,f27c2278f5bdb77b,256.368712850505,303.382807020816,322.086765457584,343.161714671095,0.51273742570101,0.505638011701359,0.495518100703976,0.490231020958707,0.0225064047423031
6.7,f27c2278f5bdb77b,256.368840368676,303.382573509784,322.086910058683,343.161676062856,0.512737680737353,0.505637622516307,0.495518323167205,0.49023096580408,0.0225067149332723
6.705,f27c2278f5bdb77b,256.368968012771,303.382339740545,322.087054819547,343.161637427137,0.512737936025543,0.505637232900909,0.495518545876226,0.490230910610195,0.0225070254153475
6.71,f27c2278f5bdb77b,256.369095780812,303.382105716254,322.087199738036,343.161598764898,0.512738191561625,0.505636842860424,0.495518768827747,0.490230855378425,0.0225073361831992
6.715,f27c2278f5bdb77b,256.369223670839,303.381871440058,322.087344812015,343.161560077087,0.512738447341679,0.505636452400097,0.495518992018485,0.490230800110124,0.0225076472315543
6.72,f27c2278f5bdb77b,256.369351680924,303.381636915105,322.087490039348,343.161521364623,0.512738703361848,0.505636061525175,0.495519215445151,0.490230744806604,0.0225079585552437
6.725,f27c2278f5bdb77b,256.369479809182,303.381402144548,322.087635417888,343.161482628381,0.512738959618364,0.505635670240914,0.495519439104444,0.490230689469116,0.0225082701492477
6.73,f27c2278f5bdb77b,256.369608053785,303.381167131556,322.087780945476,343.161443869183,0.51273921610757,0.505635278552593,0.49551966299304,0.490230634098833,0.0225085820087377
6.735,f27c2278f5bdb77b,256.369736412973,303.380931879313,322.087926619932,343.161405087782,0.512739472825945,0.505634886465522,0.495519887107588,0.490230578696831,0.0225088941291146
6.74,f27c2278f5bdb77b,256.369864885059,303.380696391032,322.088072439055,343.161366284854,0.512739729770118,0.505634493985053,0.4955201114447,0.490230523264078,0.0225092065060402
6.745,f27c2278f5bdb77b,256.369993468441,303.380460669951,322.088218400615,343.161327460993,0.512739986936883,0.505634101116584,0.495520336000946,0.490230467801419,0.0225095191354643
6.75,f27c2278f5bdb77b,256.370122161607,303.38022471934,322.088364502354,343.161288616699,0.512740244323214,0.505633707865566,0.495520560772852,0.490230412309571,0.0225098320136433
6.755,f27c2278f5bdb77b,256.370250963134,303.379988542503,322.088510741983,343.161249752381,0.512740501926267,0.505633314237504,0.495520785756897,0.490230356789115,0.0225101451371518
6.76,f27c2278f5bdb77b,256.370379871693,303.379752142777,322.088657117182,343.161210868349,0.512740759743386,0.505632920237961,0.49552101094951,0.490230301240498,0.0225104585028876
6.765,f27c2278f5bdb77b,256.370508886049,303.379515523533,322.088803625597,343.161171964821,0.512741017772097,0.505632525872555,0.495521236347073,0.49023024566403,0.0225107721080672
6.77,f27c2278f5bdb77b,256.370638005052,303.379278688174,322.088950264849,343.161133041924,0.512741276010105,0.505632131146957,0.495521461945922,0.490230190059891,0.0225110859502138
6.775,f27c2278f5bdb77b,256.37076722764,303.379041640132,322.089097032529,343.161094099699,0.51274153445528,0.505631736066887,0.495521687742352,0.490230134428142,0.0225114000271385
6.78,f27c2278f5bdb77b,256.370896552822,303.378804382863,322.089243926203,343.161055138111,0.512741793105645,0.505631340638105,0.49552191373262,0.490230078768731,0.0225117143369142
6.785,f27c2278f5bdb77b,256.371025979677,303.378566919844,322.08939094342,343.161016157058,0.512742051959355,0.505630944866407,0.495522139912954,0.490230023081512,0.0225120288778424
6.79,f27c2278f5bdb77b,256.371155507338,303.378329254567,322.089538081713,343.160977156383,0.512742311014676,0.505630548757611,0.495522366279558,0.490229967366261,0.0225123436484144
6.795,f27c2278f5bdb77b,256.371285134981,303.378091390531,322.089685338604,343.160938135885,0.512742570269961,0.505630152317551,0.495522592828622,0.490229911622692,0.0225126586472692
6.8,f27c2278f5bdb77b,256.371414861813,303.377853331236,322.089832711615,343.160899095336,0.512742829723626,0.50562975555206,0.495522819556331,0.49022985585048,0.0225129738731459
6.805,f27c2278f5bdb77b,256.371544687057,303.377615080177,322.089980198269,343.160860034496,0.512743089374115,0.505629358466962,0.495523046458876,0.490229800049281,0.0225132893248344
6.81,f27c2278f5bdb77b,256.37167460994,303.377376640834,322.090127796098,343.160820953128,0.51274334921988,0.505628961068057,0.495523273532459,0.490229744218754,0.0225136050011256
6.815,f27c2278f5bdb77b,256.371804629673,303.377138016667,322.090275502651,343.160781851009,0.512743609259345,0.505628563361112,0.495523500773309,0.490229688358585,0.0225139209007607
6.82,f27c2278f5bdb77b,256.371934745443,303.376899211105,322.090423315498,343.160742727953,0.512743869490887,0.505628165351842,0.495523728177689,0.490229632468504,0.0225142370223827
6.825,f27c2278f5bdb77b,256.3720649564,303.376660227545,322.090571232238,343.160703583817,0.5127441299128,0.505627767045908,0.495523955741905,0.49022957654831,0.0225145533644894
6.83,f27c2278f5bdb77b,256.372195261639,303.376421069338,322.090719250503,343.160664418521,0.512744390523278,0.505627368448897,0.495524183462312,0.490229520597886,0.0225148699253913
6.835,f27c2278f5bdb77b,256.372325660196,303.376181739791,322.090867367962,343.160625232052,0.512744651320391,0.505626969566318,0.495524411335325,0.490229464617217,0.0225151867031746
6.84,f27c2278f5bdb77b,256.372456151035,303.375942242158,322.091015582327,343.16058602448,0.512744912302069,0.505626570403596,0.495524639357426,0.490229408606401,0.0225155036956684
6.845,f27c2278f5bdb77b,256.372586733042,303.375702579636,322.091163891357,343.160546795965,0.512745173466084,0.50562617096606,0.495524867525164,0.490229352565664,0.02251582090042
6.85,f27c2278f5bdb77b,256.372717405022,303.375462755367,322.091312292855,343.160507546756,0.512745434810045,0.505625771258944,0.495525095835161,0.490229296495366,0.0225161383146787
6.855,f27c2278f5bdb77b,256.372848165694,303.375222772429,322.091460784675,343.160468277202,0.512745696331387,0.505625371287382,0.495525324284115,0.490229240396003,0.0225164559353839
6.86,f27c2278f5bdb77b,256.372979013688,303.374982633845,322.091609364719,343.160428987748,0.512745958027376,0.505624971056408,0.495525552868798,0.490229184268211,0.022516773759165
6.865,f27c2278f5bdb77b,256.373109947554,303.374742342576,322.091758030937,343.160389678933,0.512746219895109,0.50562457057096,0.495525781586056,0.490229128112761,0.0225170917823475
6.87,f27c2278f5bdb77b,256.37324096576,303.374501901529,322.091906781323,343.160350351387,0.512746481931521,0.505624169835882,0.495526010432805,0.490229071930553,0.0225174100009672
6.875,f27c2278f5bdb77b,256.3733720667,303.374261313558,322.092055613917,343.160311005825,0.512746744133401,0.50562376885593,0.495526239406026,0.490229015722607,0.0225177284107941
6.88,f27c2278f5bdb77b,256.373503248704,303.374020581469,322.092204526795,343.160271643033,0.512747006497408,0.505623367635781,0.495526468502761,0.490228959490047,0.0225180470073603
6.885,f27c2278f5bdb77b,256.373634510044,303.373779708024,322.092353518067,343.160232263864,0.512747269020088,0.50562296618004,0.495526697720104,0.490228903234092,0.0225183657859964
6.89,f27c2278f5bdb77b,256.373765848952,303.373538695952,322.092502585875,343.160192869221,0.512747531697903,0.505622564493254,0.495526927055192,0.49022884695603,0.0225186847418734
6.895,f27c2278f5bdb77b,256.373897263626,303.373297547952,322.092651728379,343.160153460042,0.512747794527252,0.50562216257992,0.495527156505199,0.490228790657204,0.0225190038700488
6.9,f27c2278f5bdb77b,256.374028752251,303.373056266701,322.092800943758,343.16011403729,0.512748057504501,0.505621760444502,0.49552738606732,0.490228734338986,0.0225193231655156
6.905,f27c2278f5bdb77b,256.374160313006,303.372814854863,322.0929502302,343.160074601931,0.512748320626012,0.505621358091438,0.49552761573877,0.490228678002758,0.0225196426232539
6.91,f27c2278f5bdb77b,256.374291944086,303.372573315097,322.093099585895,343.160035154922,0.512748583888172,0.505620955525161,0.495527845516762,0.490228621649889,0.0225199622382829
6.915,f27c2278f5bdb77b,256.374423643711,303.372331650064,322.093249009029,343.159995697196,0.512748847287422,0.505620552750107,0.495528075398505,0.490228565281709,0.0225202820057135
6.92,f27c2278f5bdb77b,256.374555410144,303.372089862437,322.093398497776,343.159956229643,0.512749110820287,0.505620149770728,0.495528305381194,0.490228508899491,0.0225206019207966
6.925,f27c2278f5bdb77b,256.3746872417,303.371847954904,322.093548050296,343.1599167531,0.5127493744834,0.505619746591507,0.495528535461994,0.490228452504429,0.0225209219789717
6.93,f27c2278f5bdb77b,256.374819136764,303.371605930178,322.093697664724,343.159877268334,0.512749638273527,0.505619343216964,0.495528765638037,0.49022839609762,0.0225212421759074
6.935,f27c2278f5bdb77b,256.374951093794,303.371363791002,322.09384733917,343.159837776034,0.512749902187587,0.505618939651671,0.495528995906416,0.490228339680048,0.0225215625075393
6.94,f27c2278f5bdb77b,256.375083111336,303.371121540153,322.093997071712,343.1597982768,0.512750166222672,0.505618535900255,0.495529226264172,0.490228283252571,0.0225218829701005
6.945,f27c2278f5bdb77b,256.375215188027,303.370879180444,322.094146860392,343.159758771137,0.512750430376054,0.505618131967407,0.495529456708296,0.49022822681591,0.0225222035601437
6.95,f27c2278f5bdb77b,256.3753473226,303.370636714731,322.09429670322,343.15971925945,0.5127506946452,0.505617727857884,0.495529687235723,0.490228170370642,0.022522524274558
6.955,f27c2278f5bdb77b,256.375479513887,303.370394145908,322.094446598165,343.15967974204,0.512750959027775,0.505617323576513,0.49552991784333,0.4902281139172,0.0225228451105748
6.96,f27c2278f5bdb77b,256.375611760818,303.370151476913,322.094596543161,343.159640219108,0.512751223521636,0.505616919128188,0.495530148527939,0.490228057455869,0.0225231660657673
6.965,f27c2278f5bdb77b,256.375744062417,303.369908710722,322.094746536105,343.159600690756,0.512751488124833,0.50561651451787,0.495530379286316,0.490228000986794,0.0225234871380394
6.97,f27c2278f5bdb77b,256.375876417798,303.369665850349,322.094896574864,343.15956115699,0.512751752835595,0.505616109750581,0.495530610115175,0.490227944509986,0.0225238083256088
6.975,f27c2278f5bdb77b,256.376008826157,303.369422898838,322.09504665727,343.159521617734,0.512752017652315,0.505615704831397,0.495530841011184,0.490227888025335,0.0225241296269801
6.98,f27c2278f5bdb77b,256.376141286767,303.369179859266,322.095196781133,343.159482072835,0.512752282573533,0.505615299765443,0.495531071970974,0.490227831532621,0.0225244510409124
6.985,f27c2278f5bdb77b,256.376273798957,303.368936734727,322.095346944241,343.159442522075,0.512752547597914,0.505614894557879,0.49553130299114,0.490227775031536,0.0225247725663784
6.99,f27c2278f5bdb77b,256.37640636211,303.368693528334,322.095497144367,343.159402965189,0.512752812724219,0.505614489213891,0.495531534068256,0.490227718521699,0.0225250942025205
6.995,f27c2278f5bdb77b,256.376538975641,303.368450243206,322.095647379275,343.159363401877,0.512753077951283,0.505614083738677,0.495531765198885,0.490227662002682,0.022525415948601
7,f27c2278f5bdb77b,256.376671638989,303.368206882463,322.095797646729,343.159323831819,0.512753343277978,0.505613678137439,0.495531996379583,0.490227605474027,0.0225257378039505
7.005,f27c2278f5bdb77b,256.376804351595,303.367963449216,322.095947944496,343.159284254694,0.512753608703189,0.50561327241536,0.495532227606916,0.490227548935277,0.0225260597679123
7.01,f27c2278f5bdb77b,256.37693711289,303.367719946561,322.096098270355,343.159244670194,0.512753874225781,0.505612866577601,0.495532458877469,0.490227492385991,0.0225263818397896
7.015,f27c2278f5bdb77b,256.377069922283,303.367476377568,322.096248622106,343.159205078043,0.512754139844567,0.50561246062928,0.495532690187856,0.490227435825775,0.0225267040187917
7.02,f27c2278f5bdb77b,256.377202779141,303.367232745277,322.096398997573,343.159165478009,0.512754405558282,0.505612054575462,0.495532921534727,0.490227379254299,0.0225270263039826
7.025,f27c2278f5bdb77b,256.377335682777,303.36698905269,322.09654939461,343.159125869924,0.512754671365554,0.505611648421149,0.495533152914785,0.490227322671319,0.0225273486942345
7.03,f27c2278f5bdb77b,256.377468632441,303.36674530276,322.096699811111,343.159086253688,0.512754937264882,0.505611242171267,0.495533384324786,0.490227266076698,0.0225276711881845
7.035,f27c2278f5bdb77b,256.377601627308,303.366501498394,322.096850245008,343.159046629291,0.512755203254616,0.505610835830656,0.49553361576155,0.490227209470415,0.0225279937842003
7.04,f27c2278f5bdb77b,256.377734666468,303.366257642441,322.09700069428,343.159006996811,0.512755469332936,0.505610429404068,0.49553384722197,0.490227152852587,0.0225283164803486
7.045,f27c2278f5bdb77b,256.377867748923,303.366013737694,322.097151156955,343.158967356429,0.512755735497845,0.505610022896156,0.495534078703007,0.49022709622347,0.0225286392743753
7.05,f27c2278f5bdb77b,256.37800087358,303.365769786885,322.097301631107,343.158927708428,0.512756001747161,0.505609616311475,0.495534310201703,0.490227039583468,0.0225289621636921
7.055,f27c2278f5bdb77b,256.378134039254,303.365525792687,322.097452114863,343.158888053197,0.512756268078509,0.505609209654478,0.495534541715173,0.490226982933138,0.0225292851453709
7.06,f27c2278f5bdb77b,256.378267244666,303.365281757711,322.097602606397,343.158848391227,0.512756534489331,0.505608802929518,0.49553477324061,0.490226926273181,0.0225296082161501
7.065,f27c2278f5bdb77b,256.378400488444,303.365037684513,322.097753103932,343.15880872311,0.512756800976889,0.505608396140856,0.49553500477528,0.490226869604443,0.0225299313724459
7.07,f27c2278f5bdb77b,256.378533769138,303.364793575595,322.097903605736,343.158769049531,0.512757067538277,0.505607989292658,0.495535236316516,0.490226812927902,0.0225302546103751
7.075,f27c2278f5bdb77b,256.37866708522,303.364549433406,322.098054110115,343.158729371259,0.512757334170439,0.505607582389011,0.495535467861716,0.490226756244655,0.0225305779257841
7.08,f27c2278f5bdb77b,256.378800435096,303.364305260356,322.098204615415,343.158689689134,0.512757600870191,0.505607175433926,0.495535699408331,0.490226699555905,0.022530901314286
7.085,f27c2278f5bdb77b,256.378933817121,303.364061058813,322.09835512001,343.158650004057,0.512757867634242,0.505606768431354,0.495535930953861,0.490226642862938,0.0225312247713033
7.09,f27c2278f5bdb77b,256.379067229612,303.363816831118,322.098505622296,343.158610316974,0.512758134459223,0.505606361385197,0.49553616249584,0.490226586167106,0.0225315482921166
7.095,f27c2278f5bdb77b,256.379200670859,303.36357257959,322.098656120691,343.158570628861,0.512758401341718,0.505605954299316,0.495536394031832,0.490226529469801,0.0225318718719166
7.1,f27c2278f5bdb77b,256.379334139146,303.363328306532,322.098806613618,343.158530940703,0.512758668278292,0.505605547177554,0.495536625559413,0.490226472772433,0.0225321955058592
7.105,f27c2278f5bdb77b,256.379467632763,303.363084014246,322.098957099508,343.158491253483,0.512758935265526,0.505605140023744,0.495536857076166,0.490226416076404,0.0225325191891219
7.11,f27c2278f5bdb77b,256.379601150023,303.362839705034,322.099107576783,343.15845156816,0.512759202300046,0.505604732841723,0.495537088579666,0.490226359383086,0.0225328429169594
7.115,f27c2278f5bdb77b,256.379734689277,303.362595381211,322.099258043855,343.158411885656,0.512759469378554,0.505604325635352,0.49553732006747,0.490226302693795,0.022533166684759
7.12,f27c2278f5bdb77b,256.37986824893,303.362351045113,322.09940849912,343.158372206838,0.51275973649786,0.505603918408521,0.495537551537107,0.490226246009768,0.0225334904880915
7.125,f27c2278f5bdb77b,256.380001827453,303.362106699099,322.099558940945,343.158332532503,0.512760003654906,0.505603511165165,0.495537782986069,0.490226189332147,0.0225338143227589
7.13,f27c2278f5bdb77b,256.380135423395,303.361862345566,322.099709367672,343.158292863368,0.51276027084679,0.505603103909277,0.495538014411802,0.490226132661954,0.0225341381848359
7.135,f27c2278f5bdb77b,256.380269035393,303.361617986946,322.099859777605,343.158253200056,0.512760538070785,0.50560269664491,0.4955382458117,0.490226076000081,0.0225344620707049
7.14,f27c2278f5bdb77b,256.38040266218,303.361373625715,322.100010169012,343.158213543093,0.51276080532436,0.505602289376192,0.495538477183096,0.490226019347275,0.0225347859770841
7.145,f27c2278f5bdb77b,256.38053630259,303.361129264394,322.100160540122,343.158173892894,0.51276107260518,0.505601882107324,0.495538708523264,0.490225962704134,0.022535109901046
7.15,f27c2278f5bdb77b,256.380669955563,303.360884905552,322.100310889118,343.158134249767,0.512761339911125,0.505601474842586,0.495538939829413,0.490225906071096,0.0225354338400289
7.155,f27c2278f5bdb77b,256.38080362014,303.360640551803,322.100461214146,343.15809461391,0.51276160724028,0.505601067586339,0.495539171098686,0.490225849448443,0.0225357577918371
7.16,f27c2278f5bdb77b,256.380937295469,303.360396205811,322.100611513308,343.158054985412,0.512761874590938,0.505600660343019,0.495539402328166,0.490225792836303,0.0225360817546343
7.165,f27c2278f5bdb77b,256.381070980792,303.36015187028,322.100761784667,343.15801536426,0.512762141961583,0.505600253117134,0.495539633514873,0.490225736234658,0.0225364057269257
7.17,f27c2278f5bdb77b,256.381204675443,303.359907547956,322.100912026254,343.157975750347,0.512762409350886,0.505599845913261,0.495539864655776,0.490225679643352,0.0225367297075333
7.175,f27c2278f5bdb77b,256.381338378837,303.359663241619,322.101062236065,343.157936143479,0.512762676757675,0.505599438736031,0.495540095747793,0.490225623062112,0.0225370536955621
7.18,f27c2278f5bdb77b,256.381472090459,303.359418954077,322.101212412072,343.157896543392,0.512762944180919,0.505599031590128,0.495540326787804,0.49022556649056,0.0225373776903592
7.185,f27c2278f5bdb77b,256.38160580985,303.35917468816,322.101362552227,343.157856949763,0.512763211619701,0.505598624480266,0.495540557772658,0.490225509928232,0.0225377016914684
7.19,f27c2278f5bdb77b,256.381739536593,303.358930446712,322.101512654469,343.157817362226,0.512763479073185,0.505598217411187,0.495540788699183,0.490225453374609,0.022538025698576
7.195,f27c2278f5bdb77b,256.381873270295,303.358686232583,322.10166271673,343.157777780392,0.512763746540589,0.505597810387639,0.4955410195642,0.490225396829132,0.0225383497114575
7.2,f27c2278f5bdb77b,256.382007010575,303.358442048619,322.101812736943,343.157738203862,0.51276401402115,0.505597403414365,0.495541250364528,0.490225340291232,0.0225386737299182
7.205,f27c2278f5bdb77b,256.382140757045,303.358197897654,322.101962713053,343.157698632248,0.51276428151409,0.50559699649609,0.495541481097004,0.490225283760354,0.022538997753736
7.21,f27c2278f5bdb77b,256.382274509293,303.357953782502,322.102112643016,343.157659065189,0.512764549018586,0.505596589637503,0.495541711758487,0.490225227235984,0.0225393217826017
7.215,f27c2278f5bdb77b,256.382408266868,303.357709705946,322.102262524817,343.157619502369,0.512764816533735,0.505596182843243,0.495541942345873,0.490225170717671,0.0225396458160648
7.22,f27c2278f5bdb77b,256.382542029264,303.357465670734,322.102412356468,343.157579943534,0.512765084058529,0.505595776117889,0.495542172856105,0.490225114205048,0.0225399698534804
7.225,f27c2278f5bdb77b,256.382675795911,303.357221679569,322.102562136018,343.157540388502,0.512765351591822,0.505595369465949,0.495542403286181,0.49022505769786,0.0225402938939614
7.23,f27c2278f5bdb77b,256.382809566156,303.356977735106,322.102711861557,343.157500837182,0.512765619132313,0.505594962891843,0.495542633633164,0.490225001195974,0.0225406179363388
7.235,f27c2278f5bdb77b,256.382943339261,303.356733839941,322.10286153122,343.157461289577,0.512765886678522,0.505594556399902,0.495542863894185,0.490224944699396,0.022540941979126
7.24,f27c2278f5bdb77b,256.38307711439,303.356489996615,322.103011143194,343.157421745801,0.512766154228781,0.505594149994358,0.495543094066453,0.490224888208287,0.0225412660204938
7.245,f27c2278f5bdb77b,256.383210890608,303.356246207605,322.103160695715,343.157382206073,0.512766421781215,0.505593743679341,0.495543324147254,0.490224831722961,0.022541590058254
7.25,f27c2278f5bdb77b,256.383344666875,303.356002475326,322.103310187071,343.157342670729,0.512766689333749,0.505593337458877,0.495543554133955,0.490224775243899,0.0225419140898506
7.255,f27c2278f5bdb77b,256.38347844205,303.355758802132,322.103459615601,343.157303140216,0.5127669568841,0.505592931336887,0.495543784024002,0.490224718771738,0.022542238112362
7.26,f27c2278f5bdb77b,256.383612214893,303.355515190316,322.103608979698,343.157263615092,0.512767224429787,0.505592525317194,0.49554401381492,0.490224662307275,0.0225425621225121
7.265,f27c2278f5bdb77b,256.383745984071,303.355271642114,322.103758277799,343.157224096016,0.512767491968143,0.505592119403523,0.495544243504306,0.490224605851451,0.0225428861166911
7.27,f27c2278f5bdb77b,256.383879748165,303.355028159708,322.103907508385,343.157184583741,0.51276775949633,0.505591713599514,0.495544473089823,0.490224549405345,0.0225432100909849
7.275,f27c2278f5bdb77b,256.384013505681,303.354784745236,322.104056669979,343.157145079105,0.512768027011361,0.505591307908727,0.495544702569198,0.49022449297015,0.0225435340412117
7.28,f27c2278f5bdb77b,256.384147255063,303.354541400792,322.104205761133,343.157105583011,0.512768294510127,0.505590902334654,0.495544931940205,0.490224436547159,0.0225438579629675
7.285,f27c2278f5bdb77b,256.38428099471,303.354298128441,322.104354780429,343.157066096421,0.512768561989419,0.505590496880735,0.49554516120066,0.490224380137744,0.0225441818516756
7.29,f27c2278f5bdb77b,256.384414722984,303.354054930222,322.104503726466,343.157026620328,0.512768829445968,0.505590091550369,0.495545390348409,0.490224323743326,0.0225445057026423
7.295,f27c2278f5bdb77b,256.384548438236,303.353811808158,322.104652597857,343.156987155749,0.512769096876471,0.50558968634693,0.495545619381319,0.490224267365356,0.0225448295111157
7.3,f27c2278f5bdb77b,256.384682138815,303.353568764268,322.104801393218,343.156947703699,0.512769364277629,0.505589281273781,0.495545848297259,0.490224211005284,0.0225451532723457
7.305,f27c2278f5bdb77b,256.38481582309,303.353325800574,322.104950111161,343.156908265175,0.51276963164618,0.50558887633429,0.495546077094094,0.490224154664536,0.0225454769816446
7.31,f27c2278f5bdb77b,256.384949489466,303.353082919107,322.105098750287,343.15686884114,0.512769898978933,0.505588471531844,0.495546305769673,0.490224098344485,0.0225458006344478
7.315,f27c2278f5bdb77b,256.385083136399,303.352840121921,322.105247309179,343.156829432501,0.512770166272799,0.505588066869869,0.495546534321813,0.49022404204643,0.0225461242263693
7.32,f27c2278f5bdb77b,256.385216762411,303.352597411099,322.105395786392,343.156790040097,0.512770433524822,0.505587662351832,0.495546762748295,0.490223985771568,0.0225464477532546
7.325,f27c2278f5bdb77b,256.385350366104,303.352354788759,322.105544180453,343.156750664685,0.512770700732207,0.505587257981265,0.49554699104685,0.490223929520979,0.0225467712112287
7.33,f27c2278f5bdb77b,256.38548394617,303.352112257059,322.105692489848,343.156711306923,0.512770967892339,0.505586853761765,0.495547219215151,0.490223873295604,0.0225470945967352
7.335,f27c2278f5bdb77b,256.385617501402,303.351869818205,322.105840713027,343.156671967365,0.512771235002805,0.505586449697009,0.495547447250811,0.490223817096236,0.022547417906569
7.34,f27c2278f5bdb77b,256.385751030701,303.351627474454,322.105988848393,343.156632646451,0.512771502061403,0.505586045790757,0.495547675151374,0.490223760923502,0.0225477411379006
7.345,f27c2278f5bdb77b,256.385884533078,303.351385228113,322.106136894303,343.156593344506,0.512771769066155,0.505585642046856,0.495547902914312,0.490223704777866,0.0225480642882894
7.35,f27c2278f5bdb77b,256.386018007654,303.351143081544,322.106284849068,343.156554061733,0.512772036015309,0.50558523846924,0.495548130537028,0.490223648659619,0.0225483873556895
7.355,f27c2278f5bdb77b,256.386151453665,303.350901037158,322.106432710956,343.156514798221,0.51277230290733,0.50558483506193,0.495548358016855,0.490223592568887,0.0225487103384436
7.36,f27c2278f5bdb77b,256.38628487045,303.350659097419,322.106580478187,343.156475553943,0.512772569740901,0.505584431829032,0.495548585351057,0.490223536505633,0.0225490332352676
7.365,f27c2278f5bdb77b,256.38641825745,303.350417264835,322.106728148944,343.156436328771,0.5127728365149,0.505584028774725,0.495548812536837,0.490223480469673,0.0225493560452272
7.37,f27c2278f5bdb77b,256.386551614194,303.350175541955,322.106875721373,343.156397122479,0.512773103228387,0.505583625903258,0.495549039571342,0.490223424460684,0.0225496787677034
7.375,f27c2278f5bdb77b,256.38668494029,303.349933931364,322.107023193587,343.15635793476,0.51277336988058,0.50558322321894,0.495549266451672,0.490223368478228,0.0225500014023518
7.38,f27c2278f5bdb77b,256.386818235412,303.349692435673,322.107170563677,343.156318765239,0.512773636470823,0.505582820726121,0.495549493174888,0.49022331252177,0.0225503239490532
7.385,f27c2278f5bdb77b,256.386951499281,303.349451057512,322.107317829716,343.156279613491,0.512773902998562,0.505582418429186,0.495549719738024,0.490223256590702,0.0225506464078601
7.39,f27c2278f5bdb77b,256.387084731653,303.349209799523,322.107464989765,343.156240479059,0.512774169463307,0.505582016332538,0.495549946138101,0.490223200684369,0.0225509687789376
7.395,f27c2278f5bdb77b,256.387217932299,303.348968664347,322.107612041887,343.156201361467,0.512774435864598,0.505581614440578,0.495550172372133,0.490223144802096,0.0225512910625015
7.4,f27c2278f5bdb77b,256.387351100985,303.348727654619,322.107758984146,343.15616226025,0.512774702201971,0.505581212757698,0.495550398437147,0.490223088943215,0.0225516132587557
7.405,f27c2278f5bdb77b,256.38748423746,303.348486772953,322.107905814623,343.156123174964,0.51277496847492,0.505580811288255,0.495550624330189,0.490223033107091,0.0225519353678285
7.41,f27c2278f5bdb77b,256.387617341432,303.34824602194,322.108052531421,343.156084105207,0.512775234682865,0.505580410036567,0.49555085004834,0.490222977293152,0.0225522573897125
7.415,f27c2278f5bdb77b,256.387750412559,303.348005404133,322.108199132671,343.156045050638,0.512775500825117,0.505580009006888,0.495551075588724,0.490222921500911,0.0225525793242061
7.42,f27c2278f5bdb77b,256.387883450426,303.347764922041,322.10834561654,343.156006010994,0.512775766900851,0.505579608203401,0.495551300948523,0.490222865729991,0.0225529011708603
7.425,f27c2278f5bdb77b,256.388016454538,303.347524578124,322.108491981238,343.1559669861,0.512776032909076,0.505579207630206,0.495551526124982,0.490222809980142,0.022553222928934
7.43,f27c2278f5bdb77b,256.388149424308,303.347284374785,322.108638225022,343.155927975884,0.512776298848616,0.505578807291309,0.495551751115419,0.490222754251264,0.022553544597352
7.435,f27c2278f5bdb77b,256.388282359044,303.347044314368,322.108784346199,343.155888980388,0.512776564718089,0.505578407190613,0.49555197591723,0.490222698543412,0.0225538661746769
7.44,f27c2278f5bdb77b,256.38841525795,303.346804399151,322.10893034313,343.155849999769,0.5127768305159,0.505578007331918,0.495552200527892,0.490222642856814,0.0225541876590864
7.445,f27c2278f5bdb77b,256.388548120115,303.346564631346,322.10907621423,343.155811034308,0.51277709624023,0.505577607718911,0.495552424944969,0.490222587191869,0.0225545090483615
7.45,f27c2278f5bdb77b,256.388680944519,303.346325013103,322.109221957971,343.155772084407,0.512777361889039,0.505577208355172,0.495552649166109,0.490222531549152,0.0225548303398863
7.455,f27c2278f5bdb77b,256.388813730033,303.346085546504,322.109367572877,343.155733150586,0.512777627460065,0.505576809244174,0.495552873189042,0.490222475929409,0.0225551515306564
7.46,f27c2278f5bdb77b,256.388946475422,303.345846233572,322.109513057525,343.155694233482,0.512777892950843,0.505576410389287,0.495553097011576,0.490222420333545,0.0225554726172977
7.465,f27c2278f5bdb77b,256.389079179357,303.345607076272,322.109658410538,343.155655333833,0.512778158358714,0.505576011793787,0.495553320631597,0.490222364762619,0.0225557935960956
7.47,f27c2278f5bdb77b,256.389211840426,303.345368076518,322.109803630583,343.155616452473,0.512778423680851,0.505575613460864,0.49555354404705,0.490222309217819,0.0225561144630321
7.475,f27c2278f5bdb77b,256.389344457141,303.345129236181,322.109948716363,343.155577590315,0.512778688914282,0.505575215393635,0.495553767255943,0.49022225370045,0.0225564352138324
7.48,f27c2278f5bdb77b,256.38947702796,303.344890557095,322.110093666612,343.155538748333,0.51277895405592,0.505574817595158,0.495553990256327,0.490222198211904,0.0225567558440164
7.485,f27c2278f5bdb77b,256.389609551299,303.344652041065,322.110238480087,343.155499927549,0.512779219102599,0.505574420068441,0.495554213046287,0.490222142753642,0.0225570763489574
7.49,f27c2278f5bdb77b,256.389742025552,303.34441368988,322.110383155557,343.155461129012,0.512779484051104,0.505574022816467,0.495554435623933,0.490222087327159,0.0225573967239443
7.495,f27c2278f5bdb77b,256.389874449105,303.34417550532,322.110527691799,343.155422353775,0.512779748898211,0.505573625842201,0.495554657987383,0.490222031933964,0.0225577169642463
7.5,f27c2278f5bdb77b,256.390006820362,303.343937489167,322.110672087589,343.155383602882,0.512780013640724,0.505573229148612,0.495554880134752,0.490221976575546,0.0225580370651782
7.505,f27c2278f5bdb77b,256.390139137755,303.343699643213,322.11081634169,343.155344877341,0.512780278275511,0.505572832738689,0.495555102064139,0.490221921253345,0.022558357022166
7.51,f27c2278f5bdb77b,256.390271399769,303.343461969272,322.110960452848,343.155306178111,0.512780542799538,0.505572436615453,0.495555323773613,0.49022186596873,0.0225586768308084
7.515,f27c2278f5bdb77b,256.390403604953,303.343224469185,322.111104419783,343.155267506079,0.512780807209905,0.505572040781975,0.495555545261205,0.49022181072297,0.0225589964869357
7.52,f27c2278f5bdb77b,256.390535751937,303.342987144833,322.111248241182,343.155228862048,0.512781071503874,0.505571645241389,0.495555766524895,0.490221755517211,0.0225593159866624
7.525,f27c2278f5bdb77b,256.390667839446,303.34274999814,322.111391915692,343.155190246721,0.512781335678892,0.505571249996901,0.495555987562603,0.490221700352459,0.0225596353264335
7.53,f27c2278f5bdb77b,256.39079986631,303.34251303108,322.111535441919,343.155151660691,0.51278159973262,0.505570855051799,0.495556208372183,0.490221645229559,0.0225599545030609
7.535,f27c2278f5bdb77b,256.39093183147,303.342276245679,322.11167881842,343.155113104431,0.512781863662941,0.505570460409465,0.495556428951415,0.490221590149187,0.0225602735137539
7.54,f27c2278f5bdb77b,256.391063733988,303.342039644022,322.111822043703,343.155074578287,0.512782127467975,0.50557006607337,0.495556649298005,0.490221535111839,0.0225605923561362
7.545,f27c2278f5bdb77b,256.391195573042,303.341803228251,322.111965116226,343.15503608248,0.512782391146084,0.505569672047085,0.495556869409579,0.490221480117829,0.0225609110282555
7.55,f27c2278f5bdb77b,256.391327347935,303.341567000566,322.112108034397,343.154997617102,0.512782654695869,0.505569278334276,0.495557089283688,0.490221425167289,0.0225612295285799
7.555,f27c2278f5bdb77b,256.391459058081,303.341330963221,322.112250796575,343.154959182123,0.512782918116162,0.505568884938702,0.495557308917807,0.490221370260176,0.022561547855986
7.56,f27c2278f5bdb77b,256.391590703008,303.341095118524,322.112393401072,343.154920777396,0.512783181406015,0.505568491864206,0.495557528309342,0.49022131539628,0.0225618660097353
7.565,f27c2278f5bdb77b,256.391722282341,303.340859468828,322.112535846163,343.154882402669,0.512783444564681,0.505568099114713,0.495557747455635,0.490221260575241,0.0225621839894405
7.57,f27c2278f5bdb77b,256.391853795794,303.340624016527,322.112678130083,343.154844057595,0.512783707591589,0.505567706694212,0.495557966353974,0.490221205796565,0.0225625017950239
7.575,f27c2278f5bdb77b,256.391985243157,303.340388764049,322.11282025104,343.154805741753,0.512783970486315,0.505567314606749,0.4955581850016,0.490221151059647,0.0225628194266676
7.58,f27c2278f5bdb77b,256.392116624276,303.340153713846,322.11296220722,343.154767454658,0.512784233248553,0.50556692285641,0.495558403395723,0.490221096363797,0.022563136884756
7.585,f27c2278f5bdb77b,256.392247939038,303.339918868385,322.113103996793,343.154729195784,0.512784495878077,0.505566531447308,0.495558621533528,0.490221041708262,0.0225634541698142
7.59,f27c2278f5bdb77b,256.392379187352,303.339684230137,322.113245617927,343.154690964584,0.512784758374705,0.505566140383562,0.495558839412195,0.490220987092262,0.0225637712824426
7.595,f27c2278f5bdb77b,256.392510369131,303.339449801571,322.113387068789,343.154652760509,0.512785020738261,0.505565749669285,0.495559057028906,0.490220932515013,0.0225640882232483
7.6,f27c2278f5bdb77b,256.392641484269,303.339215585139,322.113528347561,343.154614583032,0.512785282968538,0.505565359308564,0.495559274380863,0.49022087797576,0.0225644049927778
7.605,f27c2278f5bdb77b,256.392772532627,303.338981583268,322.113669452443,343.154576431663,0.512785545065253,0.505564969305446,0.495559491465297,0.490220823473804,0.0225647215914497
7.61,f27c2278f5bdb77b,256.392903514011,303.338747798351,322.113810381666,343.154538305972,0.512785807028023,0.505564579663918,0.495559708279486,0.490220769008531,0.0225650380194918
7.615,f27c2278f5bdb77b,256.39303442816,303.338514232738,322.113951133494,343.154500205607,0.512786068856321,0.505564190387897,0.495559924820761,0.490220714579439,0.0225653542768816
7.62,f27c2278f5bdb77b,256.393165274725,303.338280888728,322.114091706237,343.154462130309,0.512786330549451,0.505563801481213,0.495560141086519,0.490220660186156,0.0225656703632945
7.625,f27c2278f5bdb77b,256.393296053262,303.338047768562,322.114232098251,343.154424079926,0.512786592106523,0.505563412947603,0.495560357074232,0.490220605828465,0.022565986278058
7.63,f27c2278f5bdb77b,256.393426763216,303.337814874417,322.114372307945,343.154386054421,0.512786853526433,0.505563024790696,0.495560572781454,0.490220551506316,0.0225663020201169
7.635,f27c2278f5bdb77b,256.393557403922,303.337582208406,322.114512333786,343.154348053886,0.512787114807843,0.50556263701401,0.495560788205825,0.490220497219837,0.0225666175880059
7.64,f27c2278f5bdb77b,256.39368797459,303.33734977257,322.114652174298,343.154310078542,0.51278737594918,0.50556224962095,0.495561003345073,0.490220442969346,0.0225669329798343
7.645,f27c2278f5bdb77b,256.393818474313,303.337117568882,322.114791828063,343.154272128742,0.512787636948627,0.505561862614803,0.49556121819702,0.490220388755346,0.0225672481932811
7.65,f27c2278f5bdb77b,256.393948902064,303.336885599244,322.114931293724,343.154234204968,0.512787897804128,0.50556147599874,0.495561432759575,0.490220334578526,0.0225675632256012
7.655,f27c2278f5bdb77b,256.3940792567,303.336653865495,322.115070569976,343.154196307829,0.512788158513399,0.505561089775825,0.495561647030732,0.490220280439756,0.0225678780736427
7.66,f27c2278f5bdb77b,256.394209536972,303.33642236941,322.115209655569,343.154158438049,0.512788419073944,0.505560703949016,0.495561861008568,0.49022022634007,0.0225681927338747
7.665,f27c2278f5bdb77b,256.394339741537,303.336191112708,322.1153485493,343.154120596455,0.512788679483075,0.50556031852118,0.49556207469123,0.49022017228065,0.0225685072024246
7.67,f27c2278f5bdb77b,256.394469868968,303.33596009706,322.115487250005,343.154082783967,0.512788939737936,0.5055599334951,0.49556228807693,0.49022011826281,0.0225688214751253
7.675,f27c2278f5bdb77b,256.39459991777,303.335729324095,322.115625756556,343.154045001579,0.512789199835539,0.505559548873492,0.495562501163932,0.49022006428797,0.0225691355475693
7.68,f27c2278f5bdb77b,256.394729886398,303.335498795412,322.115764067851,343.154007250339,0.512789459772797,0.505559164659019,0.495562713950541,0.490220010357627,0.0225694494151702
7.685,f27c2278f5bdb77b,256.394859773278,303.335268512584,322.115902182808,343.15396953133,0.512789719546556,0.505558780854307,0.495562926435089,0.490219956473328,0.0225697630732276
7.69,f27c2278f5bdb77b,256.394989576821,303.335038477179,322.116040100349,343.153931845651,0.512789979153642,0.505558397461964,0.495563138615922,0.490219902636644,0.0225700765169977
7.695,f27c2278f5bdb77b,256.395119295448,303.334808690757,322.116177819402,343.153894194393,0.512790238590895,0.505558014484595,0.495563350491388,0.490219848849133,0.0225703897417626
7.7,f27c2278f5bdb77b,256.395248927606,303.334579154894,322.116315338881,343.153856578618,0.512790497855213,0.505557631924823,0.495563562059818,0.490219795112312,0.0225707027429014
7.705,f27c2278f5bdb77b,256.395378471793,303.334349871182,322.116452657686,343.153818999339,0.512790756943586,0.505557249785303,0.495563773319517,0.490219741427627,0.0225710155159586
7.71,f27c2278f5bdb77b,256.395507926569,303.334120841243,322.116589774688,343.1537814575,0.512791015853137,0.505556868068739,0.495563984268751,0.490219687796429,0.0225713280567085
7.715,f27c2278f5bdb77b,256.395637290577,303.333892066739,322.116726688726,343.153743953958,0.512791274581153,0.505556486777898,0.495564194905733,0.49021963421994,0.0225716403612132
7.72,f27c2278f5bdb77b,256.395766562558,303.333663549375,322.1168633986,343.153706489467,0.512791533125115,0.505556105915626,0.495564405228615,0.490219580699239,0.0225719524258767
7.725,f27c2278f5bdb77b,256.395895741361,303.333435290912,322.116999903061,343.153669064665,0.512791791482722,0.505555725484854,0.495564615235478,0.490219527235236,0.0225722642474859
7.73,f27c2278f5bdb77b,256.396024825956,303.333207293166,322.117136200813,343.153631680065,0.512792049651911,0.50555534548861,0.495564824924328,0.490219473828664,0.0225725758232466
7.735,f27c2278f5bdb77b,256.396153815435,303.332979558015,322.117272290506,343.153594336045,0.51279230763087,0.505554965930024,0.495565034293086,0.490219420480064,0.022572887150806
7.74,f27c2278f5bdb77b,256.396282709023,303.332752087397,322.117408170735,343.153557032845,0.512792565418045,0.505554586812329,0.495565243339592,0.490219367189779,0.022573198228266
7.745,f27c2278f5bdb77b,256.396411506071,303.332524883318,322.117543840041,343.153519770571,0.512792823012141,0.505554208138863,0.495565452061601,0.490219313957958,0.0225735090541835
7.75,f27c2278f5bdb77b,256.396540206059,303.33229794784,322.117679296911,343.15348254919,0.512793080412118,0.505553829913067,0.495565660456786,0.490219260784557,0.0225738196275607
7.755,f27c2278f5bdb77b,256.396668808586,303.332071283086,322.117814539783,343.153445368545,0.512793337617172,0.505553452138477,0.495565868522742,0.49021920766935,0.0225741299478226
7.76,f27c2278f5bdb77b,256.396797313363,303.331844891231,322.117949567046,343.153408228359,0.512793594626727,0.505553074818719,0.495566076256994,0.490219154611941,0.0225744400147855
7.765,f27c2278f5bdb77b,256.3969257202,303.331618774496,322.118084377052,343.153371128251,0.512793851440401,0.505552697957494,0.495566283657003,0.490219101611787,0.0225747498286133
7.77,f27c2278f5bdb77b,256.397054028992,303.331392935142,322.118218968116,343.153334067751,0.512794108057983,0.50555232155857,0.495566490720178,0.490219048668215,0.0225750593897679
7.775,f27c2278f5bdb77b,256.3971822397,303.331167375458,322.118353338527,343.153297046316,0.512794364479399,0.505551945625763,0.495566697443887,0.490218995780452,0.0225753686989476
7.78,f27c2278f5bdb77b,256.397310352336,303.330942097754,322.118487486556,343.153260063354,0.512794620704672,0.505551570162924,0.49556690382547,0.490218942947648,0.0225756777570238
7.785,f27c2278f5bdb77b,256.397438366943,303.330717104352,322.118621410464,343.153223118241,0.512794876733886,0.505551195173919,0.495567109862253,0.490218890168915,0.022575986564971
7.79,f27c2278f5bdb77b,256.397566283572,303.330492397568,322.118755108515,343.153186210345,0.512795132567143,0.505550820662614,0.495567315551562,0.49021883744335,0.0225762951237931
7.795,f27c2278f5bdb77b,256.397694102261,303.330267979711,322.118888578979,343.15314933905,0.512795388204522,0.505550446632851,0.495567520890737,0.490218784770071,0.0225766034344512
7.8,f27c2278f5bdb77b,256.397821823019,303.330043853062,322.119021820146,343.153112503773,0.512795643646037,0.505550073088437,0.495567725877147,0.490218732148248,0.0225769114977897
7.805,f27c2278f5bdb77b,256.3979494458,303.329820019874,322.119154830333,343.153075703993,0.512795898891601,0.505549700033123,0.495567930508205,0.490218679577133,0.0225772193144678
7.81,f27c2278f5bdb77b,256.398076970491,303.329596482352,322.119287607894,343.153038939262,0.512796153940982,0.505549327470587,0.495568134781376,0.490218627056089,0.0225775268848935
7.815,f27c2278f5bdb77b,256.39820439689,303.329373242652,322.119420151227,343.153002209231,0.51279640879378,0.505548955404421,0.495568338694195,0.490218574584615,0.0225778342091648
7.82,f27c2278f5bdb77b,256.398331724693,303.329150302871,322.119552458778,343.152965513658,0.512796663449387,0.505548583838119,0.495568542244273,0.490218522162368,0.022578141287019
7.825,f27c2278f5bdb77b,256.398458953486,303.328927665039,322.119684529049,343.152928852427,0.512796917906971,0.505548212775064,0.495568745429306,0.490218469789181,0.0225784481177902
7.83,f27c2278f5bdb77b,256.398586082728,303.328705331115,322.119816360602,343.152892225555,0.512797172165456,0.505547842218525,0.49556894824708,0.490218417465079,0.0225787547003778
7.835,f27c2278f5bdb77b,256.398713111754,303.328483302988,322.11994795206,343.152855633198,0.512797426223509,0.505547472171646,0.495569150695477,0.490218365190283,0.0225790610332262
7.84,f27c2278f5bdb77b,256.398840039767,303.328261582469,322.12007930211,343.152819075654,0.512797680079535,0.505547102637448,0.495569352772477,0.49021831296522,0.0225793671143149
7.845,f27c2278f5bdb77b,256.39896686584,303.328040171298,322.1202104095,343.152782553362,0.512797933731679,0.50554673361883,0.495569554476154,0.490218260790517,0.0225796729411625
7.85,f27c2278f5bdb77b,256.399093588919,303.327819071142,322.120341273041,343.152746066898,0.512798187177838,0.505546365118571,0.495569755804678,0.490218208666997,0.0225799785108415
7.855,f27c2278f5bdb77b,256.399220207835,303.327598283601,322.120471891598,343.152709616966,0.512798440415669,0.505545997139335,0.495569956756305,0.490218156595666,0.0225802838200036
7.86,f27c2278f5bdb77b,256.399346721308,303.327377810212,322.120602264091,343.152673204388,0.512798693442616,0.505545629683687,0.495570157329371,0.490218104577698,0.0225805888649184
7.865,f27c2278f5bdb77b,256.399473127967,303.327157652458,322.120732389486,343.152636830089,0.512798946255934,0.505545262754097,0.495570357522286,0.490218052614413,0.0225808936415205
7.87,f27c2278f5bdb77b,256.39959942636,303.326937811777,322.120862266785,343.152600495078,0.51279919885272,0.505544896352962,0.495570557333515,0.490218000707254,0.0225811981454654
7.875,f27c2278f5bdb77b,256.399725614976,303.326718289568,322.120991895025,343.152564200431,0.512799451229952,0.505544530482613,0.495570756761577,0.490217948857759,0.0225815023721935
7.88,f27c2278f5bdb77b,256.399851692264,303.326499087205,322.121121273262,343.15252794727,0.512799703384528,0.505544165145341,0.495570955805018,0.490217897067528,0.0225818063169996
7.885,f27c2278f5bdb77b,256.399977656651,303.326280206046,322.121250400566,343.152491736737,0.512799955313302,0.50554380034341,0.495571154462409,0.490217845338196,0.0225821099751068
7.89,f27c2278f5bdb77b,256.400103506569,303.326061647446,322.121379276008,343.152455569976,0.512800207013137,0.505543436079077,0.495571352732321,0.490217793671395,0.0225824133417426
7.895,f27c2278f5bdb77b,256.40022924047,303.325843412768,322.121507898655,343.152419448107,0.512800458480939,0.505543072354613,0.495571550613316,0.490217742068725,0.022582716412214
7.9,f27c2278f5bdb77b,256.400354856851,303.32562550339,322.121636267555,343.152383372203,0.512800709713703,0.505542709172317,0.495571748103931,0.490217690531719,0.0225830191819835
7.905,f27c2278f5bdb77b,256.400480354276,303.325407920723,322.121764381731,343.152347343269,0.512800960708553,0.505542346534539,0.495571945202663,0.490217639061813,0.0225833216467395
7.91,f27c2278f5bdb77b,256.40060573139,303.325190666215,322.121892240173,343.152311362222,0.51280121146278,0.505541984443692,0.495572141907958,0.490217587660318,0.0225836238024618
7.915,f27c2278f5bdb77b,256.400730986936,303.324973741362,322.122019841827,343.152275429875,0.512801461973873,0.50554162290227,0.495572338218195,0.490217536328392,0.0225839256454802
7.92,f27c2278f5bdb77b,256.400856119774,303.324757147714,322.122147185595,343.152239546917,0.512801712239549,0.505541261912857,0.495572534131685,0.490217485067024,0.0225842271725251
7.925,f27c2278f5bdb77b,256.400981128887,303.324540886883,322.122274270324,343.152203713906,0.512801962257775,0.505540901478138,0.495572729646652,0.490217433877009,0.0225845283807661
7.93,f27c2278f5bdb77b,256.401106013392,303.324324960544,322.122401094804,343.152167931259,0.512802212026785,0.505540541600907,0.495572924761237,0.490217382758942,0.0225848292678432
7.935,f27c2278f5bdb77b,256.401230772544,303.324109370442,322.122527657769,343.152132199245,0.512802461545089,0.50554018228407,0.495573119473491,0.490217331713207,0.0225851298318819
7.94,f27c2278f5bdb77b,256.401355405738,303.323894118389,322.122653957891,343.152096517983,0.512802710811475,0.505539823530648,0.49557331378137,0.490217280739976,0.0225854300714996
7.945,f27c2278f5bdb77b,256.401479912505,303.323679206262,322.122779993784,343.152060887448,0.51280295982501,0.505539465343771,0.495573507682745,0.490217229839212,0.0225857299857979
7.95,f27c2278f5bdb77b,256.40160429251,303.323464636006,322.12290576401,343.152025307474,0.51280320858502,0.505539107726677,0.4955737011754,0.490217179010677,0.0225860295743432
7.955,f27c2278f5bdb77b,256.401728545541,303.323250409622,322.123031267074,343.151989777763,0.512803457091082,0.505538750682703,0.495573894257037,0.490217128253947,0.0225863288371347
7.96,f27c2278f5bdb77b,256.401852671496,303.323036529164,322.123156501439,343.151954297901,0.512803705342992,0.505538394215273,0.495574086925291,0.49021707756843,0.0225866277745623
7.965,f27c2278f5bdb77b,256.40197667037,303.322822996731,322.123281465527,343.151918867371,0.512803953340741,0.505538038327886,0.495574279177734,0.490217026953387,0.0225869263873537
7.97,f27c2278f5bdb77b,256.402100542238,303.32260981446,322.123406157728,343.151883485574,0.512804201084476,0.5055376830241,0.49557447101189,0.490216976407962,0.0225872246765136
7.975,f27c2278f5bdb77b,256.402224287232,303.32239698451,322.123530576412,343.151848151846,0.512804448574464,0.505537328307517,0.495574662425249,0.490216925931209,0.0225875226432545
7.98,f27c2278f5bdb77b,256.402347905525,303.322184509056,322.123654719931,343.151812865488,0.51280469581105,0.50553697418176,0.495574853415279,0.490216875522126,0.0225878202889241
7.985,f27c2278f5bdb77b,256.402471397306,303.321972390276,322.123778586639,343.15177762578,0.512804942794611,0.505536620650459,0.495575043979445,0.490216825179686,0.0225881176149257
7.99,f27c2278f5bdb77b,256.402594762758,303.321760630338,322.123902174893,343.151742432012,0.512805189525515,0.505536267717229,0.495575234115219,0.490216774902875,0.0225884146226406
7.995,f27c2278f5bdb77b,256.402718002036,303.321549231389,322.124025483067,343.151707283507,0.512805436004073,0.505535915385649,0.495575423820104,0.490216724690724,0.0225887113133491
8,f27c2278f5bdb77b,256.402841115248,303.321338195547,322.124148509565,343.15167217964,0.512805682230496,0.505535563659245,0.495575613091639,0.490216674542342,0.0225890076881536
8.005,f27c2278f5bdb77b,256.402964102428,303.321127524883,322.124271252823,343.151637119865,0.512805928204857,0.505535212541472,0.49557580192742,0.49021662445695,0.0225893037479069
8.01,f27c2278f5bdb77b,256.403086963525,303.320917221419,322.124393711323,343.151602103733,0.51280617392705,0.505534862035699,0.495575990325112,0.490216574433904,0.0225895994931462
8.015,f27c2278f5bdb77b,256.403209698381,303.320707287114,322.124515883597,343.151567130908,0.512806419396761,0.50553451214519,0.495576178282457,0.490216524472726,0.0225898949240352
8.02,f27c2278f5bdb77b,256.403332306719,303.320497723858,322.124637768237,343.151532201186,0.512806664613438,0.505534162873097,0.495576365797288,0.490216474573122,0.0225901900403158
8.025,f27c2278f5bdb77b,256.403454788135,303.320288533471,322.124759363895,343.1514973145,0.512806909576269,0.505533814222451,0.495576552867531,0.490216424734999,0.0225904848412699
8.03,f27c2278f5bdb77b,256.403577142085,303.32007971769,322.12488066929,343.151462470934,0.512807154284171,0.505533466196151,0.495576739491216,0.490216374958477,0.0225907793256941
8.035,f27c2278f5bdb77b,256.403699367888,303.319871278179,322.125001683209,343.151427670724,0.512807398735777,0.505533118796965,0.495576925666475,0.490216325243891,0.0225910734918853
8.04,f27c2278f5bdb77b,256.40382146472,303.319663216517,322.125122404504,343.15139291426,0.512807642929439,0.505532772027528,0.495577111391545,0.490216275591799,0.0225913673376399
8.045,f27c2278f5bdb77b,256.403943431618,303.319455534208,322.125242832095,343.151358202079,0.512807886863236,0.505532425890347,0.495577296664762,0.49021622600297,0.0225916608602662
8.05,f27c2278f5bdb77b,256.404065267491,303.319248232682,322.125362964965,343.151323534861,0.512808130534983,0.505532080387804,0.495577481484561,0.490216176478374,0.0225919540566093
8.055,f27c2278f5bdb77b,256.404186971128,303.319041313302,322.125482802152,343.151288913418,0.512808373942256,0.50553173552217,0.495577665849464,0.490216127019169,0.0225922469230868
8.06,f27c2278f5bdb77b,256.404308541209,303.318834777367,322.125602342749,343.151254338676,0.512808617082418,0.505531391295611,0.495577849758075,0.49021607762668,0.022592539455738
8.065,f27c2278f5bdb77b,256.404429976325,303.318628626125,322.125721585891,343.151219811658,0.51280885995265,0.505531047710209,0.495578033209063,0.490216028302369,0.0225928316502808
8.07,f27c2278f5bdb77b,256.404551274996,303.318422860784,322.125840530751,343.151185333469,0.512809102549992,0.505530704767974,0.495578216201155,0.490215979047813,0.0225931235021782
8.075,f27c2278f5bdb77b,256.40467243569,303.318217482517,322.125959176526,343.151150905267,0.51280934487138,0.505530362470862,0.495578398733116,0.490215929864667,0.0225934150067127
8.08,f27c2278f5bdb77b,256.404793456848,303.318012492479,322.126077522431,343.151116528243,0.512809586913695,0.505530020820798,0.495578580803739,0.490215880754632,0.0225937061590628
8.085,f27c2278f5bdb77b,256.404914336902,303.317807891817,322.126195567687,343.151082203594,0.512809828673805,0.505529679819695,0.495578762411825,0.49021583171942,0.022593996954385
8.09,f27c2278f5bdb77b,256.405035074307,303.317603681683,322.126313311509,343.151047932501,0.512810070148613,0.505529339469471,0.495578943556168,0.490215782760716,0.0225942873878973
8.095,f27c2278f5bdb77b,256.405155667553,303.317399863244,322.126430753101,343.151013716102,0.512810311335105,0.505528999772074,0.49557912423554,0.490215733880146,0.0225945774549589
8.1,f27c2278f5bdb77b,256.405276115195,303.317196437698,322.126547891638,343.150979555469,0.512810552230391,0.505528660729496,0.495579304448673,0.490215685079242,0.0225948671511488
8.105,f27c2278f5bdb77b,256.405396415873,303.316993406279,322.126664726262,343.150945451586,0.512810792831747,0.505528322343798,0.49557948419425,0.490215636359408,0.0225951564723387
8.11,f27c2278f5bdb77b,256.405516568327,303.316790770271,322.126781256075,343.150911405327,0.512811033136654,0.505527984617118,0.495579663470885,0.490215587721895,0.0225954454147585
8.115,f27c2278f5bdb77b,256.405636571414,303.316588531016,322.126897480128,343.150877417442,0.512811273142828,0.505527647551693,0.49557984227712,0.490215539167775,0.0225957339750535
8.12,f27c2278f5bdb77b,256.405756424125,303.316386689917,322.127013397415,343.150843488543,0.51281151284825,0.505527311149862,0.495580020611407,0.490215490697919,0.0225960221503309
8.125,f27c2278f5bdb77b,256.405876125589,303.31618524845,322.127129006872,343.150809619089,0.512811752251178,0.505526975414083,0.495580198472111,0.490215442312984,0.0225963099381948
8.13,f27c2278f5bdb77b,256.405995675086,303.315984208159,322.127244307373,343.150775809382,0.512811991350172,0.505526640346932,0.495580375857497,0.490215394013402,0.0225965973367696
8.135,f27c2278f5bdb77b,256.406115072044,303.315783570665,322.127359297726,343.150742059565,0.512812230144087,0.505526305951109,0.495580552765732,0.490215345799379,0.0225968843447085
8.14,f27c2278f5bdb77b,256.40623431604,303.315583337661,322.127473976676,343.150708369623,0.512812468632081,0.505525972229434,0.495580729194886,0.49021529767089,0.0225971709611907
8.145,f27c2278f5bdb77b,256.406353406799,303.315383510908,322.127588342909,343.150674739385,0.512812706813597,0.505525639184846,0.495580905142937,0.490215249627693,0.0225974571859046
8.15,f27c2278f5bdb77b,256.406472344177,303.315184092235,322.127702395051,343.150641168537,0.512812944688354,0.505525306820392,0.49558108060777,0.490215201669338,0.0225977430190162
8.155,f27c2278f5bdb77b,256.406591128159,303.314985083531,322.127816131678,343.150607656633,0.512813182256318,0.505524975139218,0.495581255587197,0.490215153795189,0.0225980284611286
8.16,f27c2278f5bdb77b,256.406709758836,303.314786486734,322.12792955132,343.150574203111,0.512813419517671,0.505524644144556,0.495581430078954,0.490215106004444,0.0225983135132277
8.165,f27c2278f5bdb77b,256.40682823639,303.314588303825,322.128042652472,343.150540807313,0.512813656472781,0.505524313839708,0.495581604080725,0.490215058296162,0.0225985981766193
8.17,f27c2278f5bdb77b,256.406946561077,303.314390536816,322.128155433598,343.150507468508,0.512813893122154,0.505523984228027,0.495581777590151,0.490215010669298,0.0225988824528566
8.175,f27c2278f5bdb77b,256.407064733198,303.31419318774,322.128267893148,343.150474185913,0.512814129466397,0.5055236553129,0.495581950604843,0.490214963122733,0.0225991663436635
8.18,f27c2278f5bdb77b,256.407182753083,303.313996258634,322.128380029563,343.15044095872,0.512814365506165,0.505523327097723,0.495582123122405,0.490214915655315,0.0225994498508509
8.185,f27c2278f5bdb77b,256.407300621059,303.313799751532,322.128491841288,343.150407786121,0.512814601242119,0.505522999585887,0.495582295140442,0.490214868265887,0.0225997329762316
8.19,f27c2278f5bdb77b,256.407418337435,303.313603668449,322.128603326781,343.150374667334,0.512814836674871,0.505522672780749,0.495582466656587,0.490214820953335,0.0226000157215361
8.195,f27c2278f5bdb77b,256.407535902471,303.31340801137,322.128714484529,343.15034160163,0.512815071804942,0.505522346685617,0.495582637668506,0.490214773716614,0.0226002980883279
8.2,f27c2278f5bdb77b,256.407653316358,303.313212782238,322.128825313051,343.150308588354,0.512815306632715,0.50552202130373,0.495582808173924,0.490214726554791,0.0226005800779243
8.205,f27c2278f5bdb77b,256.407770579198,303.313017982942,322.128935810911,343.15027562695,0.512815541158395,0.505521696638236,0.495582978170632,0.490214679467071,0.022600861691324
8.21,f27c2278f5bdb77b,256.407887690985,303.312823615308,322.129045976727,343.15024271698,0.512815775381969,0.50552137269218,0.495583147656504,0.490214632452828,0.0226011429291412
8.215,f27c2278f5bdb77b,256.408004651589,303.312629681094,322.129155809178,343.15020985814,0.512816009303178,0.50552104946849,0.495583316629504,0.490214585511628,0.0226014237915494
8.22,f27c2278f5bdb77b,256.408121460744,303.312436181977,322.129265307005,343.150177050274,0.512816242921487,0.505520726969962,0.4955834850877,0.490214538643249,0.022601704278238
8.225,f27c2278f5bdb77b,256.408238118037,303.312243119555,322.129374469022,343.150144293386,0.512816476236074,0.505520405199259,0.495583653029264,0.490214491847695,0.0226019843883792
8.23,f27c2278f5bdb77b,256.408354622906,303.31205049534,322.129483294113,343.150111587641,0.512816709245812,0.5055200841589,0.495583820452481,0.490214445125202,0.0226022641206097
8.235,f27c2278f5bdb77b,256.408470974635,303.311858310759,322.129591781235,343.150078933371,0.51281694194927,0.505519763851265,0.495583987355746,0.490214398476245,0.0226025434730249
8.24,f27c2278f5bdb77b,256.408587172358,303.311666567154,322.129699929417,343.15004633107,0.512817174344717,0.505519444278591,0.495584153737565,0.490214351901528,0.0226028224431883
8.245,f27c2278f5bdb77b,256.408703215067,303.311475265789,322.129807737757,343.150013781387,0.512817406430134,0.505519125442982,0.49558431959655,0.490214305401981,0.0226031010281529
8.25,f27c2278f5bdb77b,256.408819101618,303.31128440785,322.129915205416,343.149981285117,0.512817638203235,0.505518807346417,0.495584484931408,0.490214258978738,0.0226033792244973
8.255,f27c2278f5bdb77b,256.408934830747,303.311093994457,322.130022331611,343.149948843184,0.512817869661495,0.505518489990762,0.49558464974094,0.49021421263312,0.0226036570283745
8.26,f27c2278f5bdb77b,256.409050401089,303.310904026671,322.130129115613,343.149916456627,0.512818100802179,0.505518173377785,0.495584814024019,0.49021416636661,0.0226039344355694
8.265,f27c2278f5bdb77b,256.409165811193,303.310714505503,322.130235556731,343.149884126572,0.512818331622387,0.505517857509172,0.495584977779586,0.490214120180818,0.0226042114415689
8.27,f27c2278f5bdb77b,256.409281059546,303.310525431929,322.130341654308,343.149851854218,0.512818562119092,0.505517542386548,0.495585141006627,0.490214074077454,0.0226044880416386
8.275,f27c2278f5bdb77b,256.409396144596,303.310336806896,322.130447407706,343.149819640801,0.512818792289193,0.505517228011494,0.495585303704163,0.490214028058287,0.0226047642309057
8.28,f27c2278f5bdb77b,256.409511064779,303.310148631345,322.130552816298,343.149787487578,0.512819022129558,0.505516914385574,0.495585465871228,0.490213982125112,0.0226050400044461
8.285,f27c2278f5bdb77b,256.409625818539,303.309960906212,322.130657879456,343.149755395794,0.512819251637078,0.505516601510353,0.495585627506855,0.490213936279705,0.0226053153573723
8.29,f27c2278f5bdb77b,256.409740404357,303.309773632451,322.130762596537,343.149723366654,0.512819480808714,0.505516289387419,0.495585788610057,0.490213890523792,0.0226055902849223
8.295,f27c2278f5bdb77b,256.409854820776,303.309586811042,322.130866966878,343.149691401304,0.512819709641551,0.505515978018404,0.495585949179812,0.490213844859006,0.0226058647825451
8.3,f27c2278f5bdb77b,256.409969066418,303.309400443004,322.130970989779,343.149659500799,0.512819938132836,0.505515667405007,0.495586109215044,0.490213799286855,0.0226061388459812
8.305,f27c2278f5bdb77b,256.410083140013,303.309214529405,322.131074664499,343.149627666084,0.512820166280026,0.505515357549008,0.495586268714613,0.490213753808691,0.0226064124713354
8.31,f27c2278f5bdb77b,256.41019704041,303.30902907137,322.131177990245,343.149595897975,0.51282039408082,0.505515048452284,0.495586427677299,0.490213708425678,0.0226066856551422
8.315,f27c2278f5bdb77b,256.410310766597,303.308844070096,322.131280966166,343.149564197142,0.512820621533194,0.505514740116826,0.495586586101793,0.490213663138774,0.0226069583944193
8.32,f27c2278f5bdb77b,256.410424317709,303.308659526847,322.131383591347,343.149532564096,0.512820848635418,0.505514432544746,0.495586743986688,0.490213617948709,0.0226072306867096
8.325,f27c2278f5bdb77b,256.410537693041,303.30847544297,322.131485864809,343.14950099918,0.512821075386082,0.505514125738283,0.495586901330475,0.490213572855972,0.0226075025301101
8.33,f27c2278f5bdb77b,256.410650892048,303.308291819886,322.1315877855,343.149469502566,0.512821301784096,0.505513819699809,0.495587058131539,0.490213527860809,0.0226077739232868
8.335,f27c2278f5bdb77b,256.410763914347,303.308108659098,322.131689352303,343.149438074253,0.512821527828693,0.50551351443183,0.495587214388158,0.490213482963218,0.0226080448654749
8.34,f27c2278f5bdb77b,256.410876759712,303.307925962185,322.131790564031,343.149406714072,0.512821753519424,0.505513209936976,0.495587370098509,0.490213438162959,0.0226083153564648
8.345,f27c2278f5bdb77b,256.410989428069,303.307743730801,322.131891419436,343.149375421694,0.512821978856138,0.505512906218001,0.495587525260671,0.490213393459563,0.0226085853965749
8.35,f27c2278f5bdb77b,256.411101919481,303.307561966662,322.131991917211,343.149344196647,0.512822203838962,0.505512603277769,0.495587679872632,0.490213348852352,0.0226088549866094
8.355,f27c2278f5bdb77b,256.411214234133,303.307380671545,322.132092055999,343.149313038323,0.512822428468266,0.505512301119242,0.495587833932305,0.490213304340462,0.0226091241278041
8.36,f27c2278f5bdb77b,256.411326372316,303.307199847277,322.132191834398,343.149281946009,0.512822652744632,0.505511999745461,0.495587987437536,0.49021325992287,0.0226093928217617
8.365,f27c2278f5bdb77b,256.411438334404,303.307019495719,322.132291250976,343.149250918901,0.512822876668808,0.505511699159531,0.495588140386117,0.49021321559843,0.0226096610703772
8.37,f27c2278f5bdb77b,256.41155012083,303.306839618759,322.132390304277,343.149219956134,0.512823100241661,0.505511399364599,0.49558829277581,0.490213171365905,0.0226099288757557
8.375,f27c2278f5bdb77b,256.411661732065,303.306660218299,322.132488992832,343.149189056804,0.51282332346413,0.505511100363831,0.495588444604357,0.490213127224006,0.0226101962401242
8.38,f27c2278f5bdb77b,256.411773168587,303.306481296235,322.132587315175,343.149158220003,0.512823546337174,0.505510802160392,0.495588595869499,0.490213083171433,0.0226104631657408
8.385,f27c2278f5bdb77b,256.411884430858,303.306302854453,322.132685269849,343.14912744484,0.512823768861716,0.505510504757422,0.495588746568998,0.490213039206914,0.0226107296548024
8.39,f27c2278f5bdb77b,256.411995519299,303.306124894808,322.132782855423,343.14909673047,0.512823991038597,0.505510208158013,0.495588896700651,0.490212995329243,0.022610995709354
8.395,f27c2278f5bdb77b,256.412106434262,303.305947419113,322.132880070499,343.149066076126,0.512824212868524,0.505509912365188,0.495589046262307,0.490212951537323,0.0226112613312011
8.4,f27c2278f5bdb77b,256.41221717601,303.305770429129,322.132976913725,343.149035481135,0.512824434352021,0.505509617381882,0.495589195251885,0.490212907830192,0.0226115265218287
8.405,f27c2278f5bdb77b,256.412327744697,303.305593926554,322.133073383802,343.149004944946,0.512824655489394,0.505509323210924,0.495589343667388,0.490212864207066,0.0226117912823276
8.41,f27c2278f5bdb77b,256.412438140345,303.305417913011,322.133169479494,343.14897446715,0.51282487628069,0.505509029855018,0.495589491506914,0.490212820667358,0.0226120556133321
8.415,f27c2278f5bdb77b,256.412548362834,303.305242390042,322.133265199632,343.148944047491,0.512825096725668,0.505508737316737,0.495589638768665,0.490212777210702,0.0226123195149663
8.42,f27c2278f5bdb77b,256.412658411891,303.305067359103,322.133360543124,343.148913685882,0.512825316823781,0.505508445598506,0.49558978545096,0.490212733836975,0.0226125829868064
8.425,f27c2278f5bdb77b,256.412768287078,303.304892821562,322.133455508951,343.14888338241,0.512825536574155,0.505508154702603,0.495589931552232,0.4902126905463,0.0226128460278554
8.43,f27c2278f5bdb77b,256.412877987795,303.304718778691,322.133550096174,343.14885313734,0.51282575597559,0.505507864631152,0.495590077071036,0.490212647339058,0.0226131086365327
8.435,f27c2278f5bdb77b,256.412987513279,303.304545231676,322.133644303931,343.148822951115,0.512825975026557,0.505507575386126,0.495590222006047,0.490212604215879,0.0226133708106788
8.44,f27c2278f5bdb77b,256.413096862607,303.304372181612,322.133738131434,343.148792824347,0.512826193725214,0.505507286969353,0.495590366356053,0.490212561177639,0.0226136325475745
8.445,f27c2278f5bdb77b,256.413206034709,303.304199629513,322.133831577968,343.14876275781,0.512826412069418,0.505506999382522,0.49559051011995,0.490212518225443,0.0226138938439757
8.45,f27c2278f5bdb77b,256.413315028381,303.304027576319,322.133924642878,343.148732752422,0.512826630056763,0.505506712627198,0.495590653296736,0.490212475360602,0.0226141546961605
8.455,f27c2278f5bdb77b,256.413423842301,303.303856022901,322.13401732557,343.148702809229,0.512826847684602,0.505506426704834,0.495590795885492,0.490212432584613,0.0226144150999891
8.46,f27c2278f5bdb77b,256.413532475048,303.303684970076,322.134109625493,343.148672929383,0.512827064950095,0.505506141616793,0.495590937885374,0.490212389899119,0.022614675050976
8.465,f27c2278f5bdb77b,256.413640925127,303.303514418617,322.134201542137,343.148643114119,0.512827281850253,0.505505857364362,0.495591079295596,0.490212347305884,0.0226149345443694
8.47,f27c2278f5bdb77b,256.413749190993,303.303344369267,322.134293075017,343.148613364723,0.512827498381987,0.505505573948778,0.49559122011541,0.490212304806747,0.0226151935752396
8.475,f27c2278f5bdb77b,256.413857271079,303.303174822751,322.13438422366,343.14858368251,0.512827714542157,0.505505291371251,0.495591360344092,0.490212262403586,0.0226154521385711
8.48,f27c2278f5bdb77b,256.413965163817,303.303005779791,322.134474987598,343.148554068794,0.512827930327635,0.505505009632986,0.495591499980919,0.490212220098277,0.022615710229358
8.485,f27c2278f5bdb77b,256.414072867674,303.302837241123,322.134565366351,343.148524524853,0.512828145735348,0.505504728735204,0.495591639025155,0.490212177892647,0.0226159678427003
8.49,f27c2278f5bdb77b,256.414180381169,303.302669207504,322.134655359417,343.14849505191,0.512828360762338,0.505504448679173,0.495591777476027,0.490212135788443,0.0226162249738959
8.495,f27c2278f5bdb77b,256.414287702907,303.302501679731,322.134744966264,343.148465651098,0.512828575405813,0.505504169466219,0.495591915332714,0.490212093787283,0.02261648161853
8.5,f27c2278f5bdb77b,256.414394831594,303.302334658652,322.134834186313,343.148436323441,0.512828789663188,0.505503891097754,0.495592052594327,0.49021205189063,0.0226167377725577
8.505,f27c2278f5bdb77b,256.414501766065,303.302168145176,322.134923018932,343.148407069827,0.512829003532129,0.505503613575292,0.495592189259896,0.490212010099754,0.0226169934323754
8.51,f27c2278f5bdb77b,256.414608505295,303.302002140278,322.135011463432,343.148377890995,0.51282921701059,0.505503336900463,0.495592325328357,0.490211968415706,0.0226172485948836
8.515,f27c2278f5bdb77b,256.414715048419,303.301836645015,322.135099519054,343.148348787512,0.512829430096838,0.505503061075025,0.495592460798545,0.490211926839302,0.0226175032575359
8.52,f27c2278f5bdb77b,256.414821394738,303.301671660523,322.13518718497,343.14831975977,0.512829642789475,0.505502786100872,0.495592595669184,0.4902118853711,0.0226177574183755
8.525,f27c2278f5bdb77b,256.414927543725,303.301507188024,322.135274460275,343.148290807976,0.512829855087449,0.50550251198004,0.495592729938885,0.490211844011395,0.0226180110760547
8.53,f27c2278f5bdb77b,256.415033495029,303.301343228826,322.135361343993,343.148261932152,0.512830066990058,0.50550223871471,0.495592863606143,0.490211802760217,0.0226182642298412
8.535,f27c2278f5bdb77b,256.415139248472,303.30117978432,322.135447835074,343.148233132135,0.512830278496943,0.5055019663072,0.495592996669344,0.490211761617335,0.0226185168796079
8.54,f27c2278f5bdb77b,256.415244804038,303.301016855978,322.135533932396,343.148204407588,0.512830489608075,0.505501694759964,0.495593129126764,0.490211720582268,0.0226187690258069
8.545,f27c2278f5bdb77b,256.415350161866,303.300854445346,322.135619634777,343.148175758011,0.512830700323731,0.505501424075577,0.49559326097658,0.490211679654302,0.0226190206694294
8.55,f27c2278f5bdb77b,256.415455322233,303.300692554035,322.135704940973,343.148147182759,0.512830910644465,0.505501154256725,0.495593392216881,0.490211638832513,0.0226192718119518
8.555,f27c2278f5bdb77b,256.415560285534,303.300531183713,322.135789849693,343.14811868106,0.512831120571069,0.505500885306189,0.495593522845681,0.4902115981158,0.022619522455269
8.56,f27c2278f5bdb77b,256.415665052264,303.300370336093,322.135874359606,343.148090252038,0.512831330104528,0.505500617226821,0.495593652860932,0.490211557502911,0.0226197726016166
8.565,f27c2278f5bdb77b,256.415769622987,303.300210012916,322.135958469354,343.148061894743,0.512831539245974,0.505500350021527,0.495593782260544,0.490211516992489,0.0226200222534848
8.57,f27c2278f5bdb77b,256.415873998317,303.300050215946,322.136042177562,343.148033608175,0.512831747996633,0.505500083693243,0.495593911042403,0.490211476583108,0.0226202714135256
8.575,f27c2278f5bdb77b,256.415978178884,303.299890946947,322.13612548285,343.148005391319,0.512831956357768,0.505499818244911,0.495594039204385,0.490211436273313,0.0226205200844549
8.58,f27c2278f5bdb77b,256.416082165311,303.299732207671,322.136208383849,343.147977243168,0.512832164330622,0.505499553679452,0.495594166744384,0.490211396061669,0.0226207682689535
8.585,f27c2278f5bdb77b,256.416185958183,303.299573999848,322.13629087921,343.147949162759,0.512832371916367,0.505499289999746,0.495594293660323,0.490211355946799,0.0226210159695683
8.59,f27c2278f5bdb77b,256.416289558022,303.299416325164,322.136372967616,343.147921149199,0.512832579116043,0.505499027208606,0.495594419950179,0.490211315927426,0.0226212631886167
8.595,f27c2278f5bdb77b,256.416392965257,303.299259185254,322.136454647797,343.147893201692,0.512832785930514,0.505498765308756,0.495594545611996,0.490211276002417,0.0226215099280969
8.6,f27c2278f5bdb77b,256.416496180208,303.299102581688,322.136535918537,343.147865319567,0.512832992360415,0.505498504302813,0.495594670643904,0.49021123617081,0.0226217561896054
8.605,f27c2278f5bdb77b,256.416599203059,303.298946515959,322.136616778685,343.147837502297,0.512833198406118,0.505498244193266,0.49559479504413,0.490211196431853,0.0226220019742652
8.61,f27c2278f5bdb77b,256.416702033845,303.298790989478,322.136697227159,343.147809749517,0.512833404067691,0.505497984982464,0.495594918811014,0.490211156785024,0.0226222472826668
8.615,f27c2278f5bdb77b,256.416804672438,303.298636003563,322.136777262959,343.14778206104,0.512833609344877,0.505497726672604,0.495595041943014,0.490211117230057,0.0226224921148197
8.62,f27c2278f5bdb77b,256.416907118536,303.298481559436,322.136856885164,343.147754436865,0.512833814237072,0.505497469265726,0.495595164438713,0.490211077766949,0.0226227364701226
8.625,f27c2278f5bdb77b,256.41700937166,303.298327658222,322.136936092936,343.147726877182,0.51283401874332,0.505497212763703,0.495595286296824,0.490211038395975,0.0226229803473456
8.63,f27c2278f5bdb77b,256.417111431155,303.298174300949,322.137014885521,343.147699382375,0.512834222862309,0.505496957168249,0.495595407516187,0.490210999117678,0.0226232237446312
8.635,f27c2278f5bdb77b,256.417213296191,303.29802148855,322.137093262249,343.14767195301,0.512834426592382,0.505496702480916,0.495595528095767,0.490210959932872,0.0226234666595103
8.64,f27c2278f5bdb77b,256.417314965777,303.297869221865,322.137171222523,343.147644589835,0.512834629931554,0.505496448703109,0.49559564803465,0.490210920842621,0.0226237090889331
8.645,f27c2278f5bdb77b,256.41741643877,303.297717501654,322.13724876582,343.147617293756,0.512834832877541,0.50549619583609,0.49559576733203,0.490210881848223,0.0226239510293177
8.65,f27c2278f5bdb77b,256.417517713894,303.297566328601,322.137325891679,343.147590065825,0.512835035427788,0.505495943881002,0.495595885987199,0.490210842951179,0.0226241924766092
8.655,f27c2278f5bdb77b,256.41761878976,303.297415703328,322.137402599696,343.147562907216,0.51283523757952,0.50549569283888,0.495596003999532,0.490210804153166,0.022624433426354
8.66,f27c2278f5bdb77b,256.417719664891,303.297265626405,322.137478889506,343.147535819199,0.512835439329781,0.505495442710674,0.495596121368471,0.490210765455998,0.0226246738737833
8.665,f27c2278f5bdb77b,256.417820337746,303.297116098365,322.137554760779,343.14750880311,0.512835640675492,0.505495193497275,0.495596238093506,0.490210726861586,0.0226249138139054
8.67,f27c2278f5bdb77b,256.41792080675,303.29696711972,322.137630213202,343.147481860327,0.512835841613501,0.505494945199534,0.495596354174157,0.490210688371896,0.0226251532416046
8.675,f27c2278f5bdb77b,256.418021070323,303.296818690974,322.13770524647,343.147454992233,0.512836042140646,0.50549469781829,0.495596469609954,0.490210649988904,0.0226253921517426
8.68,f27c2278f5bdb77b,256.418121126907,303.296670812638,322.13777986027,343.147428200186,0.512836242253813,0.505494451354396,0.495596584400416,0.490210611714551,0.0226256305392622
8.685,f27c2278f5bdb77b,256.418220974995,303.296523485245,322.13785405427,343.14740148549,0.512836441949989,0.505494205808742,0.49559669854503,0.490210573550701,0.0226258683992888
8.69,f27c2278f5bdb77b,256.418320613162,303.296376709369,322.137927828103,343.147374849367,0.512836641226323,0.505493961182281,0.495596812043235,0.490210535499095,0.0226261057272282
8.695,f27c2278f5bdb77b,256.418420040087,303.296230485629,322.138001181362,343.147348292922,0.512836840080173,0.505493717476049,0.495596924894403,0.490210497561317,0.0226263425188568
8.7,f27c2278f5bdb77b,256.418519254578,303.296084814711,322.138074113584,343.147321817126,0.512837038509156,0.505493474691186,0.495597037097822,0.490210459738752,0.0226265787704042
8.705,f27c2278f5bdb77b,256.418618255592,303.295939697372,322.138146624244,343.147295422793,0.512837236511184,0.505493232828953,0.495597148652683,0.490210422032561,0.0226268144786233
8.71,f27c2278f5bdb77b,256.418717042251,303.295795134448,322.138218712744,343.147269110557,0.512837434084501,0.505492991890746,0.495597259558068,0.490210384443654,0.0226270496408478
8.715,f27c2278f5bdb77b,256.418815613853,303.295651126864,322.138290378415,343.147242880868,0.512837631227705,0.505492751878107,0.495597369812946,0.490210346972669,0.0226272842550362
8.72,f27c2278f5bdb77b,256.418913969882,303.295507675638,322.138361620504,343.147216733976,0.512837827939764,0.50549251279273,0.495597479416161,0.490210309619965,0.0226275183197986
8.725,f27c2278f5bdb77b,256.419012110011,303.295364781877,322.138432438182,343.14719066993,0.512838024220022,0.505492274636462,0.495597588366434,0.490210272385614,0.0226277518344085
8.73,f27c2278f5bdb77b,256.419110034099,303.295222446782,322.138502830538,343.147164688581,0.512838220068198,0.505492037411303,0.495597696662366,0.490210235269402,0.0226279847987957
8.735,f27c2278f5bdb77b,256.419207742185,303.29508067164,322.138572796584,343.147138789591,0.51283841548437,0.5054918011194,0.495597804302437,0.490210198270844,0.0226282172135258
8.74,f27c2278f5bdb77b,256.419305234478,303.294939457822,322.138642335262,343.147112972437,0.512838610468957,0.505491565763037,0.495597911285019,0.490210161389196,0.0226284490797601
8.745,f27c2278f5bdb77b,256.419402511342,303.294798806773,322.138711445448,343.147087236437,0.512838805022684,0.505491331344622,0.495598017608382,0.490210124623481,0.0226286803992026
8.75,f27c2278f5bdb77b,256.419499573274,303.294658720001,322.138780125962,343.147061580762,0.512838999146549,0.505491097866669,0.495598123270711,0.490210087972517,0.0226289111740318
8.755,f27c2278f5bdb77b,256.419596420887,303.294519199067,322.138848375579,343.147036004467,0.512839192841774,0.505490865331779,0.495598228270121,0.490210051434953,0.0226291414068208
8.76,f27c2278f5bdb77b,256.419693054877,303.294380245571,322.138916193038,343.147010506514,0.512839386109753,0.505490633742618,0.495598332604674,0.490210015009306,0.022629371100447
8.765,f27c2278f5bdb77b,256.419789476001,303.294241861135,322.138983577058,343.146985085806,0.512839578952002,0.505490403101891,0.495598436272397,0.490209978694009,0.0226296002579935
8.77,f27c2278f5bdb77b,256.419885685047,303.294104047392,322.139050526348,343.146959741213,0.512839771370093,0.50549017341232,0.495598539271305,0.490209942487448,0.0226298288826458
8.775,f27c2278f5bdb77b,256.4199816828,303.293966805967,322.139117039623,343.146934471611,0.512839963365599,0.505489944676612,0.495598641599419,0.490209906388015,0.0226300569775842
8.78,f27c2278f5bdb77b,256.420077470015,303.293830138464,322.139183115614,343.146909275907,0.51284015494003,0.50548971689744,0.495598743254791,0.490209870394152,0.0226302845458778
8.785,f27c2278f5bdb77b,256.420173047388,303.293694046447,322.139248753088,343.146884153078,0.512840346094776,0.505489490077411,0.49559884423552,0.490209834504396,0.0226305115903796
8.79,f27c2278f5bdb77b,256.420268415525,303.293558531428,322.139313950852,343.146859102196,0.51284053683105,0.505489264219046,0.495598944539772,0.490209798717423,0.022630738113627
8.795,f27c2278f5bdb77b,256.420363574918,303.293423594853,322.13937870777,343.146834122459,0.512840727149835,0.505489039324755,0.495599044165801,0.490209763032084,0.0226309641177514
8.8,f27c2278f5bdb77b,256.420458525921,303.293289238092,322.139443022775,343.146809213212,0.512840917051842,0.50548881539682,0.495599143111961,0.490209727447446,0.0226311896043958
8.805,f27c2278f5bdb77b,256.420553268733,303.293155462425,322.13950689487,343.146784373972,0.512841106537465,0.505488592437375,0.495599241376723,0.490209691962818,0.0226314145746473
8.81,f27c2278f5bdb77b,256.420647803378,303.293022269038,322.139570323142,343.146759604442,0.512841295606755,0.505488370448397,0.495599338958681,0.490209656577774,0.0226316390289807
8.815,f27c2278f5bdb77b,256.420742129697,303.292889659015,322.139633306766,343.146734904522,0.512841484259394,0.505488149431691,0.495599435856564,0.490209621292174,0.0226318629672201
8.82,f27c2278f5bdb77b,256.420836247342,303.292757633335,322.139695845004,343.146710274318,0.512841672494685,0.505487929388891,0.495599532069237,0.490209586106169,0.0226320863885155
8.825,f27c2278f5bdb77b,256.420930155773,303.292626192873,322.139757937209,343.146685714145,0.512841860311545,0.505487710321456,0.495599627595706,0.490209551020207,0.0226323092913381
8.83,f27c2278f5bdb77b,256.421023854259,303.292495338402,322.139819582821,343.146661224518,0.512842047708517,0.50548749223067,0.49559972243511,0.490209516035026,0.0226325316734913
8.835,f27c2278f5bdb77b,256.421117341891,303.292365070593,322.139880781368,343.146636806149,0.512842234683781,0.505487275117655,0.495599816586719,0.490209481151641,0.0226327535321403
8.84,f27c2278f5bdb77b,256.421210617592,303.292235390029,322.139941532452,343.146612459928,0.512842421235183,0.505487058983381,0.495599910049926,0.490209446371326,0.0226329748638573
8.845,f27c2278f5bdb77b,256.421303680134,303.292106297207,322.14000183575,343.146588186909,0.512842607360268,0.505486843828678,0.49560000282423,0.490209411695585,0.0226331956646835
8.85,f27c2278f5bdb77b,256.421396528162,303.291977792555,322.140061690998,343.146563988285,0.512842793056324,0.505486629654258,0.495600094909227,0.490209377126122,0.0226334159302028
8.855,f27c2278f5bdb77b,256.421489160215,303.291849876442,322.140121097983,343.14653986536,0.51284297832043,0.505486416460737,0.495600186304589,0.4902093426648,0.0226336356556296
8.86,f27c2278f5bdb77b,256.421581574755,303.291722549192,322.140180056531,343.146515819522,0.512843163149509,0.505486204248654,0.495600277010047,0.490209308313603,0.0226338548359058
8.865,f27c2278f5bdb77b,256.421673770197,303.291595811102,322.14023856649,343.146491852212,0.512843347540393,0.505485993018503,0.495600367025369,0.490209274074588,0.022634073465805
8.87,f27c2278f5bdb77b,256.421765744939,303.291469662454,322.140296627721,343.146467964886,0.512843531489878,0.505485782770757,0.49560045635034,0.490209239949837,0.0226342915400414
8.875,f27c2278f5bdb77b,256.421857497396,303.291344103536,322.140354240081,343.146444158987,0.512843714994792,0.505485573505893,0.495600544984739,0.49020920594141,0.0226345090533817
8.88,f27c2278f5bdb77b,256.421949026027,303.291219134654,322.140411403409,343.14642043591,0.512843898052054,0.505485365224424,0.495600632928322,0.490209172051299,0.0226347260007549
8.885,f27c2278f5bdb77b,256.422040329369,303.291094756152,322.140468117514,343.146396796965,0.512844080658738,0.50548515792692,0.495600720180791,0.490209138281378,0.0226349423773592
8.89,f27c2278f5bdb77b,256.422131406063,303.290970968422,322.140524382162,343.146373243354,0.512844262812125,0.505484951614036,0.495600806741788,0.490209104633362,0.0226351581787632
8.895,f27c2278f5bdb77b,256.422222254881,303.290847771921,322.140580197061,343.146349776137,0.512844444509763,0.505484746286534,0.495600892610864,0.490209071108766,0.0226353734009963
8.9,f27c2278f5bdb77b,256.422312874751,303.29072516718,322.140635561858,343.146326396211,0.512844625749502,0.5054845419453,0.495600977787474,0.490209037708872,0.0226355880406299
8.905,f27c2278f5bdb77b,256.422403264771,303.290603154818,322.140690476122,343.146303104289,0.512844806529543,0.505484338591363,0.495601062270957,0.490209004434699,0.0226358020948436
8.91,f27c2278f5bdb77b,256.422493424228,303.290481735542,322.140744939344,343.146279900885,0.512844986848456,0.505484136225903,0.49560114606053,0.490208971286979,0.0226360155614768
8.915,f27c2278f5bdb77b,256.422583352605,303.29036091016,322.140798950932,343.146256786302,0.512845166705211,0.505483934850267,0.49560122915528,0.490208938266146,0.0226362284390642
8.92,f27c2278f5bdb77b,256.422673049589,303.290240679579,322.140852510204,343.146233760628,0.512845346099178,0.505483734465965,0.49560131155416,0.490208905372326,0.0226364407268528
8.925,f27c2278f5bdb77b,256.422762515068,303.290121044803,322.140905616394,343.146210823734,0.512845525030136,0.505483535074672,0.495601393255991,0.490208872605334,0.0226366524248022
8.93,f27c2278f5bdb77b,256.422851749128,303.290002006937,322.140958268651,343.146187975284,0.512845703498256,0.505483336678228,0.495601474259464,0.490208839964691,0.0226368635335649
8.935,f27c2278f5bdb77b,256.422940752041,303.289883567172,322.141010466045,343.146165214741,0.512845881504082,0.50548313927862,0.495601554563147,0.490208807449631,0.0226370740544515
8.94,f27c2278f5bdb77b,256.423029524252,303.289765726786,322.141062207573,343.146142541389,0.512846059048503,0.505482942877977,0.495601634165498,0.490208775059126,0.0226372839893766
8.945,f27c2278f5bdb77b,256.423118066356,303.289648487129,322.141113492169,343.146119954346,0.512846236132713,0.505482747478548,0.495601713064875,0.490208742791923,0.0226374933407905
8.95,f27c2278f5bdb77b,256.423206379082,303.289531849609,322.141164318712,343.146097452597,0.512846412758164,0.505482553082682,0.495601791259557,0.490208710646567,0.0226377021115972
8.955,f27c2278f5bdb77b,256.423294463256,303.289415815684,322.141214686042,343.146075035017,0.512846588926513,0.505482359692808,0.495601868747756,0.490208678621453,0.0226379103050595
8.96,f27c2278f5bdb77b,256.423382319782,303.289300386842,322.141264592968,343.146052700407,0.512846764639564,0.505482167311404,0.495601945527644,0.490208646714868,0.0226381179246961
8.965,f27c2278f5bdb77b,256.423469949602,303.289185564585,322.141314038289,343.146030447523,0.512846939899204,0.505481975940976,0.495602021597368,0.490208614925034,0.0226383249741706
8.97,f27c2278f5bdb77b,256.42355735367,303.289071350415,322.141363020801,343.146008275114,0.51284711470734,0.505481785584025,0.495602096955078,0.490208583250163,0.0226385314571776
8.975,f27c2278f5bdb77b,256.423644532917,303.288957745814,322.141411539315,343.145986181954,0.512847289065833,0.505481596243023,0.495602171598947,0.490208551688506,0.0226387373773269
8.98,f27c2278f5bdb77b,256.423731488216,303.288844752228,322.141459592675,343.145964166882,0.512847462976432,0.50548140792038,0.495602245527192,0.490208520238402,0.0226389427380294
8.985,f27c2278f5bdb77b,256.423818220356,303.288732371053,322.141507179764,343.145942228827,0.512847636440712,0.505481220618422,0.495602318738098,0.490208488898324,0.0226391475423885
8.99,f27c2278f5bdb77b,256.423904730011,303.288620603619,322.141554299524,343.145920366846,0.512847809460022,0.505481034339365,0.495602391230037,0.490208457666923,0.0226393517930992
8.995,f27c2278f5bdb77b,256.423991017713,303.288509451174,322.141600950964,343.145898580149,0.512847982035426,0.505480849085291,0.495602463001483,0.49020842654307,0.0226395554923555
9,f27c2278f5bdb77b,256.42407708383,303.288398914879,322.141647133169,343.145876868121,0.512848154167661,0.505480664858132,0.495602534051029,0.490208395525888,0.0226397586417728
9.005,f27c2278f5bdb77b,256.424162928551,303.288288995791,322.141692845312,343.145855230345,0.512848325857102,0.505480481659652,0.495602604377403,0.490208364614779,0.0226399612423235
9.01,f27c2278f5bdb77b,256.424248551868,303.288179694864,322.141738086656,343.145833666612,0.512848497103735,0.505480299491439,0.495602673979471,0.490208333809446,0.022640163294289
9.015,f27c2278f5bdb77b,256.424333953569,303.288071012936,322.14178285656,343.145812176935,0.512848667907137,0.505480118354894,0.495602742856246,0.490208303109908,0.0226403647972293
9.02,f27c2278f5bdb77b,256.424419133235,303.287962950737,322.141827154479,343.145790761549,0.51284883826647,0.505479938251229,0.49560281100689,0.490208272516499,0.0226405657499717
9.025,f27c2278f5bdb77b,256.424504090244,303.287855508883,322.141870979964,343.145769420909,0.512849008180488,0.505479759181472,0.495602878430713,0.49020824202987,0.0226407661506171
9.03,f27c2278f5bdb77b,256.424588823773,303.287748687884,322.141914332658,343.145748155685,0.512849177647545,0.505479581146473,0.495602945127167,0.490208211650979,0.022640965996566
9.035,f27c2278f5bdb77b,256.424673332814,303.287642488147,322.141957212293,343.145726966746,0.512849346665628,0.505479404146911,0.495603011095836,0.490208181381066,0.0226411652845622
9.04,f27c2278f5bdb77b,256.424757616192,303.287536909989,322.141999618678,343.145705855141,0.512849515232384,0.505479228183315,0.495603076336427,0.49020815122163,0.0226413640107535
9.045,f27c2278f5bdb77b,256.424841672584,303.287431953647,322.14204155169,343.14568482208,0.512849683345167,0.505479053256078,0.495603140848754,0.490208121174399,0.022641562170768
9.05,f27c2278f5bdb77b,256.424925500545,303.287327619289,322.142083011267,343.1456638689,0.512849851001089,0.505478879365481,0.495603204632718,0.490208091241285,0.022641759759804
9.055,f27c2278f5bdb77b,256.425009098538,303.287223907033,322.142123997389,343.14564299704,0.512850018197075,0.505478706511722,0.49560326768829,0.490208061424343,0.0226419567727317
9.06,f27c2278f5bdb77b,256.425092464964,303.287120816962,322.142164510068,343.145622208007,0.512850184929928,0.505478534694936,0.495603330015489,0.490208031725724,0.0226421532042037
9.065,f27c2278f5bdb77b,256.425175598196,303.287018349137,322.142204549333,343.145601503335,0.512850351196392,0.505478363915228,0.495603391614358,0.490208002147621,0.0226423490487708
9.07,f27c2278f5bdb77b,256.425258496612,303.286916503621,322.142244115211,343.145580884556,0.512850516993225,0.505478194172701,0.49560345248494,0.490207972692223,0.0226425443010021
9.075,f27c2278f5bdb77b,256.42534115863,303.286815280492,322.142283207718,343.145560353159,0.51285068231726,0.505478025467487,0.495603512627259,0.490207943361656,0.0226427389556044
9.08,f27c2278f5bdb77b,256.425423582739,303.286714679864,322.142321826839,343.145539910557,0.512850847165478,0.505477857799774,0.495603572041291,0.490207914157939,0.0226429330075391
9.085,f27c2278f5bdb77b,256.425505767532,303.286614701899,322.142359972517,343.145519558052,0.512851011535065,0.505477691169831,0.495603630726949,0.490207885082932,0.0226431264521331
9.09,f27c2278f5bdb77b,256.425587711736,303.286515346822,322.142397644636,343.145499296805,0.512851175423473,0.505477525578037,0.495603688684056,0.490207856138293,0.02264331928518
9.095,f27c2278f5bdb77b,256.425669414236,303.28641661494,322.142434843017,343.145479127807,0.512851338828471,0.5054773610249,0.495603745912334,0.490207827325439,0.0226435115030321
9.1,f27c2278f5bdb77b,256.425750874094,303.286318506645,322.142471567402,343.145459051859,0.512851501748188,0.505477197511075,0.495603802411387,0.490207798645513,0.0226437031026755
9.105,f27c2278f5bdb77b,256.425832090574,303.286221022429,322.142507817447,343.14543906955,0.512851664181149,0.505477035037382,0.495603858180687,0.490207770099356,0.0226438940817925
9.11,f27c2278f5bdb77b,256.425913063148,303.286124162888,322.142543592719,343.145419181245,0.512851826126297,0.505476873604813,0.495603913219568,0.490207741687493,0.0226440844388041
9.115,f27c2278f5bdb77b,256.425993791505,303.286027928722,322.142578892693,343.14539938708,0.51285198758301,0.505476713214537,0.495603967527219,0.490207713410114,0.0226442741728956
9.12,f27c2278f5bdb77b,256.426074275552,303.285932320743,322.142613716748,343.145379686957,0.512852148551103,0.505476553867906,0.495604021102689,0.490207685267082,0.0226444632840216
9.125,f27c2278f5bdb77b,256.426154515411,303.285837339867,322.142648064172,343.14536008055,0.512852309030821,0.505476395566445,0.49560407394488,0.490207657257928,0.022644651772893
9.13,f27c2278f5bdb77b,256.42623451141,303.285742987109,322.142681934167,343.145340567314,0.51285246902282,0.505476238311849,0.495604126052564,0.490207629381877,0.0226448396409426
9.135,f27c2278f5bdb77b,256.426314264068,303.285649263579,322.142715325851,343.145321146502,0.512852628528135,0.505476082105966,0.495604177424385,0.49020760163786,0.0226450268902749
9.14,f27c2278f5bdb77b,256.426393774074,303.285556170468,322.142748238271,343.145301817187,0.512852787548148,0.505475926950781,0.495604228058879,0.490207574024552,0.0226452135235961
9.145,f27c2278f5bdb77b,256.426473042266,303.285463709038,322.142780670414,343.145282578282,0.512852946084533,0.505475772848396,0.495604277954483,0.490207546540403,0.0226453995441299
9.15,f27c2278f5bdb77b,256.426552069602,303.285371880604,322.142812621216,343.145263428578,0.512853104139203,0.505475619801006,0.495604327109564,0.490207519183683,0.0226455849555202
9.155,f27c2278f5bdb77b,256.426630857126,303.285280686523,322.14284408958,343.145244366771,0.512853261714252,0.505475467810871,0.495604375522431,0.49020749195253,0.0226457697617221
9.16,f27c2278f5bdb77b,256.426709405942,303.285190128173,322.142875074386,343.1452253915,0.512853418811884,0.505475316880288,0.495604423191363,0.490207464845,0.0226459539668842
9.165,f27c2278f5bdb77b,256.426787717172,303.285100206935,322.142905574511,343.145206501382,0.512853575434344,0.505475167011558,0.495604470114633,0.490207437859117,0.0226461375752274
9.17,f27c2278f5bdb77b,256.426865791925,303.285010924178,322.142935588844,343.145187695052,0.512853731583851,0.505475018206964,0.495604516290529,0.490207410992932,0.022646320590919
9.175,f27c2278f5bdb77b,256.426943631262,303.284922281238,322.142965116298,343.145168971202,0.512853887262524,0.50547487046873,0.495604561717382,0.490207384244574,0.02264650301795
9.18,f27c2278f5bdb77b,256.427021236158,303.2848342794,322.142994155831,343.145150328611,0.512854042472317,0.505474723799,0.495604606393586,0.490207357612301,0.0226466848600155
9.185,f27c2278f5bdb77b,256.427098607477,303.284746919884,322.143022706454,343.145131766186,0.512854197214953,0.505474578199807,0.495604650317621,0.490207331094551,0.0226468661204026
9.19,f27c2278f5bdb77b,256.427175745935,303.284660203829,322.143050767249,343.145113282987,0.51285435149187,0.505474433673048,0.495604693488075,0.490207304689982,0.0226470468018877
9.195,f27c2278f5bdb77b,256.427252652082,303.28457413228,322.143078337377,343.145094878261,0.512854505304163,0.505474290220467,0.495604735903657,0.490207278397516,0.0226472269066477
9.2,f27c2278f5bdb77b,256.427329326276,303.284488706179,322.143105416089,343.145076551456,0.512854658652552,0.505474147843631,0.495604777563215,0.490207252216366,0.0226474064361855
9.205,f27c2278f5bdb77b,256.427405768669,303.284403926352,322.143132002734,343.145058302246,0.512854811537338,0.50547400654392,0.495604818465744,0.490207226146065,0.0226475853912728
9.21,f27c2278f5bdb77b,256.427481979196,303.28431979351,322.143158096758,343.145040130536,0.512854963958391,0.505473866322517,0.495604858610398,0.49020720018648,0.0226477637719113
9.215,f27c2278f5bdb77b,256.427557957567,303.284236308243,322.143183697717,343.145022036474,0.512855115915134,0.505473727180404,0.495604897996487,0.49020717433782,0.0226479415773138
9.22,f27c2278f5bdb77b,256.427633703271,303.284153471019,322.143208805265,343.145004020446,0.512855267406542,0.505473589118365,0.495604936623484,0.490207148600637,0.0226481188059051
9.225,f27c2278f5bdb77b,256.427709215579,303.284071282191,322.143233419159,343.144986083071,0.512855418431159,0.505473452136985,0.495604974491014,0.490207122975815,0.0226482954553436
9.23,f27c2278f5bdb77b,256.427784493558,303.283989742001,322.143257539253,343.144968225188,0.512855568987117,0.505473316236668,0.49560501159885,0.490207097464555,0.0226484715225622
9.235,f27c2278f5bdb77b,256.427859536086,303.283908850588,322.143281165485,343.144950447841,0.512855719072172,0.505473181417648,0.4956050479469,0.490207072068344,0.0226486470038286
9.24,f27c2278f5bdb77b,256.427934341874,303.283828608005,322.143304297873,343.144932752248,0.512855868683748,0.505473047680008,0.49560508353519,0.490207046788926,0.0226488218948218
9.245,f27c2278f5bdb77b,256.428008909493,303.283749014223,322.143326936502,343.144915139782,0.512856017818985,0.505472915023705,0.49560511836385,0.49020702162826,0.0226489961907254
9.25,f27c2278f5bdb77b,256.428083237403,303.283670069157,322.143349081508,343.144897611931,0.512856166474807,0.505472783448595,0.495605152433089,0.490206996588473,0.0226491698863334
9.255,f27c2278f5bdb77b,256.42815732399,303.283591772677,322.143370733064,343.144880170269,0.51285631464798,0.505472652954462,0.495605185743176,0.490206971671813,0.0226493429761665
9.26,f27c2278f5bdb77b,256.428231167593,303.283514124627,322.143391891367,343.144862816413,0.512856462335186,0.505472523541046,0.49560521829441,0.49020694688059,0.0226495154545952
9.265,f27c2278f5bdb77b,256.428304766548,303.283437124846,322.143412556617,343.144845551989,0.512856609533096,0.505472395208077,0.495605250087103,0.490206922217127,0.0226496873159688
9.27,f27c2278f5bdb77b,256.42837811922,303.283360773185,322.143432729007,343.144828378588,0.512856756238441,0.505472267955308,0.495605281121549,0.490206897683697,0.0226498585547444
9.275,f27c2278f5bdb77b,256.428451224044,303.283285069525,322.1434524087,343.144811297731,0.512856902448087,0.505472141782542,0.495605311398,0.490206873282473,0.0226500291656141
9.28,f27c2278f5bdb77b,256.428524079551,303.283210013798,322.143471595818,343.144794310833,0.512857048159103,0.505472016689663,0.495605340916643,0.490206849015475,0.0226501991436273
9.285,f27c2278f5bdb77b,256.428596684411,303.283135605998,322.143490290428,343.144777419163,0.512857193368822,0.505471892676664,0.495605369677581,0.490206824884518,0.022650368484303
9.29,f27c2278f5bdb77b,256.428669037452,303.283061846204,322.143508492524,343.14476062382,0.512857338074903,0.505471769743673,0.495605397680807,0.490206800891171,0.0226505371837322
9.295,f27c2278f5bdb77b,256.428741137691,303.282988734583,322.143526202024,343.144743925702,0.512857482275382,0.505471647890971,0.495605424926191,0.490206777036717,0.0226507052386657
9.3,f27c2278f5bdb77b,256.428812984353,303.282916271407,322.143543418754,343.144727325485,0.512857625968707,0.505471527119011,0.495605451413468,0.490206753322122,0.022650872646585
9.305,f27c2278f5bdb77b,256.428884576886,303.282844457058,322.143560142445,343.144710823611,0.512857769153771,0.50547140742843,0.495605477142223,0.490206729748016,0.0226510394057554
9.31,f27c2278f5bdb77b,256.428955914967,303.282773292034,322.143576372727,343.144694420272,0.512857911829934,0.505471288820057,0.495605502111888,0.490206706314674,0.0226512055152593
9.315,f27c2278f5bdb77b,256.429026998512,303.282702776949,322.14359210913,343.14467811541,0.512858053997023,0.505471171294914,0.495605526321738,0.490206683022014,0.0226513709750089
9.32,f27c2278f5bdb77b,256.429097827668,303.282632912531,322.143607351082,343.144661908719,0.512858195655336,0.505471054854218,0.495605549770895,0.490206659869599,0.0226515357857375
9.325,f27c2278f5bdb77b,256.42916840281,303.28256369962,322.143622097916,343.144645799654,0.512858336805619,0.505470939499367,0.495605572458333,0.490206636856648,0.0226516999489708
9.33,f27c2278f5bdb77b,256.42923872452,303.282495139159,322.143636348875,343.144629787445,0.512858477449041,0.505470825231932,0.495605594382885,0.490206613982064,0.0226518634669766
9.335,f27c2278f5bdb77b,256.429308793577,303.282427232184,322.143650103119,343.14461387112,0.512858617587153,0.50547071205364,0.495605615543261,0.490206591244457,0.0226520263426966
9.34,f27c2278f5bdb77b,256.429378610922,303.28235997981,322.14366335974,343.144598049528,0.512858757221844,0.50547059996635,0.495605635938061,0.490206568642184,0.0226521885796607
9.345,f27c2278f5bdb77b,256.429448177639,303.282293383217,322.143676117769,343.144582321375,0.512858896355278,0.505470488972028,0.495605655565798,0.490206546173393,0.0226523501818852
9.35,f27c2278f5bdb77b,256.429517494916,303.282227443635,322.143688376198,343.144566685251,0.512859034989833,0.505470379072724,0.49560567442492,0.490206523836073,0.0226525111537592
9.355,f27c2278f5bdb77b,256.429586564014,303.282162162321,322.143700133989,343.144551139675,0.512859173128029,0.505470270270535,0.49560569251383,0.490206501628108,0.022652671499921
9.36,f27c2278f5bdb77b,256.429655386228,303.282097540547,322.143711390095,343.14453568313,0.512859310772456,0.505470162567578,0.495605709830916,0.490206479547329,0.0226528312251271
9.365,f27c2278f5bdb77b,256.429723962849,303.282033579571,322.143722143475,343.144520314105,0.512859447925697,0.505470055965953,0.495605726374577,0.490206457591578,0.0226529903341189
9.37,f27c2278f5bdb77b,256.429792295126,303.281970280629,322.14373239311,343.144505031135,0.512859584590252,0.505469950467714,0.495605742143247,0.490206435758764,0.022653148831488
9.375,f27c2278f5bdb77b,256.429860384232,303.281907644903,322.143742138023,343.144489832842,0.512859720768464,0.505469846074838,0.49560575713542,0.490206414046918,0.0226533067215466
9.38,f27c2278f5bdb77b,256.429928231224,303.281845673514,322.14375137729,343.144474717972,0.512859856462449,0.50546974278919,0.495605771349677,0.490206392454246,0.022653464008203
9.385,f27c2278f5bdb77b,256.429995837015,303.2817843675,322.143760110058,343.144459685427,0.512859991674029,0.5054696406125,0.495605784784705,0.490206370979181,0.0226536206948477
9.39,f27c2278f5bdb77b,256.43006320234,303.281723727803,322.143768335558,343.144444734299,0.512860126404681,0.505469539546338,0.49560579743932,0.490206349620428,0.0226537767842532
9.395,f27c2278f5bdb77b,256.43013032774,303.281663755254,322.143776053111,343.144429863895,0.51286026065548,0.50546943959209,0.495605809312479,0.490206328376992,0.0226539322784878
9.4,f27c2278f5bdb77b,256.430197213534,303.281604450569,322.143783262143,343.144415073754,0.512860394427068,0.505469340750948,0.495605820403297,0.49020630724822,0.0226540871788481
9.405,f27c2278f5bdb77b,256.430263859811,303.281545814336,322.143789962185,343.144400363668,0.512860527719622,0.505469243023894,0.495605830711054,0.490206286233811,0.0226542414858111
9.41,f27c2278f5bdb77b,256.430330266419,303.281487847017,322.143796152881,343.144385733682,0.512860660532839,0.505469146411695,0.495605840235202,0.490206265333832,0.0226543951990069
9.415,f27c2278f5bdb77b,256.430396432967,303.281430548941,322.143801833986,343.144371184105,0.512860792865934,0.505469050914902,0.495605848975364,0.490206244548722,0.0226545483172126
9.42,f27c2278f5bdb77b,256.430462358825,303.281373920314,322.143807005365,343.144356715497,0.51286092471765,0.505468956533856,0.49560585693133,0.490206223879281,0.022654700838369
9.425,f27c2278f5bdb77b,256.430528043137,303.281317961218,322.143811666985,343.144342328659,0.512861056086275,0.505468863268697,0.495605864103054,0.490206203326656,0.0226548527596187
9.43,f27c2278f5bdb77b,256.43059348484,303.281262671625,322.143815818914,343.144328024621,0.512861186969679,0.505468771119375,0.495605870490637,0.490206182892316,0.0226550040773632
9.435,f27c2278f5bdb77b,256.430658682679,303.281208051406,322.143819461304,343.144313804611,0.512861317365357,0.505468680085677,0.495605876094314,0.490206162578016,0.0226551547873416
9.44,f27c2278f5bdb77b,256.430723635241,303.281154100345,322.143822594384,343.14429967003,0.512861447270482,0.505468590167242,0.495605880914437,0.490206142385757,0.0226553048847256
9.445,f27c2278f5bdb77b,256.430788340984,303.281100818156,322.143825218443,343.144285622417,0.512861576681968,0.505468501363594,0.49560588495145,0.490206122317739,0.0226554543642288
9.45,f27c2278f5bdb77b,256.430852798268,303.281048204502,322.143827333814,343.144271663415,0.512861705596536,0.505468413674171,0.495605888205868,0.490206102376307,0.0226556032202291
9.455,f27c2278f5bdb77b,256.430917005398,303.280996259012,322.143828940863,343.144257794727,0.512861834010796,0.505468327098353,0.495605890678251,0.490206082563896,0.0226557514469001
9.46,f27c2278f5bdb77b,256.430980960658,303.280944981302,322.143830039963,343.144244018077,0.512861961921316,0.505468241635504,0.495605892369173,0.490206062882967,0.0226558990383486
9.465,f27c2278f5bdb77b,256.431044662353,303.280894370998,322.143830631482,343.144230335167,0.512862089324706,0.505468157284996,0.495605893279203,0.490206043335953,0.0226560459887529
9.47,f27c2278f5bdb77b,256.431108108848,303.28084442775,322.143830715765,343.144216747636,0.512862216217697,0.50546807404625,0.49560589340887,0.490206023925195,0.0226561922925021
9.475,f27c2278f5bdb77b,256.431171298606,303.280795151259,322.143830293116,343.144203257018,0.512862342597213,0.505467991918765,0.495605892758641,0.490206004652883,0.0226563379443293
9.48,f27c2278f5bdb77b,256.431234230222,303.280746541289,322.143829363783,343.144189864706,0.512862468460445,0.505467910902149,0.495605891328897,0.490205985521008,0.0226564829394369
9.485,f27c2278f5bdb77b,256.431296902458,303.280698597688,322.14382792794,343.144176571914,0.512862593804916,0.505467830996147,0.495605889119908,0.490205966531305,0.0226566272736106
9.49,f27c2278f5bdb77b,256.431359314268,303.280651320399,322.143825985682,343.144163379652,0.512862718628535,0.505467752200665,0.495605886131818,0.490205947685217,0.0226567709433187
9.495,f27c2278f5bdb77b,256.431421464824,303.280604709473,322.143823537006,343.144150288697,0.512862842929648,0.505467674515788,0.495605882364625,0.490205928983853,0.0226569139457951
9.5,f27c2278f5bdb77b,256.431483353534,303.280558765078,322.143820581811,343.144137299576,0.512862966707069,0.505467597941797,0.49560587781817,0.490205910427966,0.0226570562791026
9.505,f27c2278f5bdb77b,256.431544980054,303.280513487507,322.143817119886,343.144124412553,0.512863089960108,0.505467522479179,0.495605872492132,0.490205892017933,0.0226571979421755
9.51,f27c2278f5bdb77b,256.431606344292,303.280468877177,322.143813150911,343.14411162762,0.512863212688583,0.505467448128629,0.495605866386017,0.490205873753743,0.0226573389348403
9.515,f27c2278f5bdb77b,256.431667446409,303.280424934631,322.143808674458,343.144098944502,0.512863334892817,0.505467374891052,0.495605859499167,0.490205855635003,0.0226574792578143
9.52,f27c2278f5bdb77b,256.431728286813,303.280381660532,322.143803689993,343.144086362662,0.512863456573625,0.505467302767554,0.495605851830759,0.490205837660945,0.0226576189126798
9.525,f27c2278f5bdb77b,256.431788866144,303.28033905566,322.143798196881,343.144073881315,0.512863577732289,0.505467231759433,0.495605843379817,0.49020581983045,0.0226577579018385
9.53,f27c2278f5bdb77b,256.431849185258,303.280297120895,322.143792194396,343.144061499451,0.512863698370516,0.505467161868158,0.495605834145224,0.490205802142073,0.0226578962284434
9.535,f27c2278f5bdb77b,256.431909245198,303.280255857212,322.143785681731,343.144049215859,0.512863818490396,0.505467093095354,0.49560582412574,0.490205784594084,0.0226580338963117
9.54,f27c2278f5bdb77b,256.431969047166,303.28021526566,322.143778658015,343.144037029158,0.512863938094332,0.505467025442767,0.495605813320023,0.490205767184512,0.0226581709098207
9.545,f27c2278f5bdb77b,256.432028592493,303.280175347346,322.143771122323,343.144024937838,0.512864057184986,0.505466958912244,0.495605801726651,0.490205749911197,0.0226583072737889
9.55,f27c2278f5bdb77b,256.432087882596,303.280136103416,322.143763073696,343.144012940292,0.512864175765191,0.505466893505694,0.495605789344148,0.490205732771846,0.0226584429933455
9.555,f27c2278f5bdb77b,256.432146918943,303.280097535034,322.143754511156,343.144001034866,0.512864293837886,0.505466829225057,0.49560577617101,0.490205715764094,0.0226585780737916
9.56,f27c2278f5bdb77b,256.432205703012,303.280059643364,322.143745433728,343.143989219897,0.512864411406023,0.505466766072273,0.495605762205736,0.490205698885567,0.0226587125204567
9.565,f27c2278f5bdb77b,256.432264236246,303.280022429542,322.143735840455,343.143977493757,0.512864528472492,0.505466704049236,0.495605747446854,0.490205682133939,0.0226588463385538
9.57,f27c2278f5bdb77b,256.432322520019,303.279985894663,322.143725730417,343.143965854901,0.512864645040038,0.505466643157772,0.495605731892949,0.490205665507001,0.0226589795330368
9.575,f27c2278f5bdb77b,256.432380555592,303.279950039758,322.143715102748,343.143954301903,0.512864761111183,0.505466583399596,0.495605715542689,0.490205649002718,0.0226591121084653
9.58,f27c2278f5bdb77b,256.432438344078,303.279914865774,322.143703956653,343.143942833495,0.512864876688156,0.50546652477629,0.495605698394851,0.490205632619279,0.022659244068877
9.585,f27c2278f5bdb77b,256.432495886413,303.279880373559,322.143692291423,343.143931448605,0.512864991772826,0.505466467289266,0.495605680448343,0.49020561635515,0.0226593754176753
9.59,f27c2278f5bdb77b,256.432553183324,303.279846563851,322.143680106442,343.143920146382,0.512865106366648,0.505466410939752,0.495605661702219,0.490205600209118,0.0226595061575305
9.595,f27c2278f5bdb77b,256.432610235311,303.279813437261,322.143667401205,343.143908926224,0.512865220470621,0.505466355728768,0.4956056421557,0.490205584180319,0.0226596362903017
9.6,f27c2278f5bdb77b,256.432667042624,303.279780994268,322.143654175319,343.143897787789,0.512865334085247,0.505466301657113,0.495605621808183,0.49020556826827,0.0226597658169773
9.605,f27c2278f5bdb77b,256.432723605259,303.279749235215,322.14364042851,343.143886731016,0.512865447210519,0.505466248725359,0.495605600659245,0.49020555247288,0.0226598947376391
9.61,f27c2278f5bdb77b,256.432779922952,303.279718160306,322.143626160623,343.143875756119,0.512865559845904,0.505466196933844,0.495605578708651,0.490205536794455,0.0226600230514483
9.615,f27c2278f5bdb77b,256.432835995178,303.279687769606,322.143611371624,343.143864863591,0.512865671990357,0.505466146282677,0.495605555956345,0.490205521233701,0.0226601507566556
9.62,f27c2278f5bdb77b,256.432891821167,303.27965806305,322.143596061593,343.143854054189,0.512865783642334,0.505466096771751,0.495605532402451,0.490205505791699,0.0226602778506353
9.625,f27c2278f5bdb77b,256.432947399914,303.279629040449,322.143580230716,343.143843328921,0.512865894799829,0.505466048400748,0.495605508047255,0.490205490469887,0.0226604043299412
9.63,f27c2278f5bdb77b,256.433002730205,303.279600701501,322.143563879276,343.143832689019,0.51286600546041,0.505466001169168,0.495605482891193,0.490205475270027,0.0226605301903831
9.635,f27c2278f5bdb77b,256.433057810641,303.279573045808,322.143547007642,343.143822135909,0.512866115621281,0.505465955076346,0.495605456934834,0.490205460194156,0.0226606554271253
9.64,f27c2278f5bdb77b,256.433112639673,303.279546072891,322.143529616254,343.143811671183,0.512866225279345,0.505465910121485,0.495605430178852,0.490205445244547,0.0226607800347985
9.645,f27c2278f5bdb77b,256.433167215637,303.279519782209,322.143511705603,343.143801296551,0.512866334431274,0.505465866303681,0.495605402624005,0.490205430423645,0.0226609040076292
9.65,f27c2278f5bdb77b,256.433221536793,303.279494173179,322.143493276221,343.143791013807,0.512866443073587,0.505465823621966,0.495605374271108,0.490205415734009,0.0226610273395774
9.655,f27c2278f5bdb77b,256.433275601369,303.279469245201,322.143474328652,343.143780824778,0.512866551202738,0.505465782075335,0.495605345121004,0.490205401178254,0.0226611500244838
9.66,f27c2278f5bdb77b,256.433329407598,303.279444997673,322.143454863445,343.143770731284,0.512866658815197,0.505465741662788,0.49560531517453,0.490205386758977,0.0226612720562192
9.665,f27c2278f5bdb77b,256.433382953767,303.279421430019,322.143434881124,343.14376073509,0.512866765907535,0.505465702383364,0.495605284432498,0.4902053724787,0.0226613934288342
9.67,f27c2278f5bdb77b,256.433436238254,303.279398541708,322.143414382176,343.143750837862,0.512866872476509,0.50546566423618,0.495605252895655,0.490205358339803,0.0226615141367059
9.675,f27c2278f5bdb77b,256.43348925957,303.279376332274,322.143393367032,343.143741041125,0.512866978519139,0.505465627220456,0.495605220564665,0.490205344344464,0.0226616341746753
9.68,f27c2278f5bdb77b,256.433542016391,303.279354801334,322.143371836051,343.143731346224,0.512867084032782,0.505465591335556,0.495605187440079,0.490205330494606,0.0226617535381752
9.685,f27c2278f5bdb77b,256.433594507596,303.279333948605,322.143349789505,343.143721754294,0.512867189015191,0.505465556581008,0.495605153522316,0.490205316791849,0.0226618722233419
9.69,f27c2278f5bdb77b,256.433646732288,303.279313773917,322.143327227569,343.143712266226,0.512867293464576,0.505465522956529,0.495605118811644,0.490205303237466,0.0226619902271108
9.695,f27c2278f5bdb77b,256.433698689821,303.279294277226,322.143304150307,343.143702882646,0.512867397379643,0.505465490462043,0.495605083308164,0.490205289832352,0.0226621075472914
9.7,f27c2278f5bdb77b,256.433750379811,303.279275458615,322.143280557672,343.143693603902,0.512867500759623,0.505465459097692,0.495605047011803,0.490205276577002,0.0226622241826205
9.705,f27c2278f5bdb77b,256.433801802146,303.279257318307,322.143256449498,343.14368443005,0.512867603604291,0.505465428863845,0.495605009922304,0.490205263471499,0.0226623401327919
9.71,f27c2278f5bdb77b,256.433852956986,303.279239856658,322.143231825499,343.143675360857,0.512867705913972,0.505465399761097,0.49560497203923,0.49020525051551,0.0226624553984621
9.715,f27c2278f5bdb77b,256.433903844762,303.279223074158,322.143206685276,343.143666395805,0.512867807689524,0.505465371790263,0.495604933361963,0.490205237708292,0.0226625699812315
9.72,f27c2278f5bdb77b,256.433954466159,303.279206971421,322.143181028316,343.143657534103,0.512867908932319,0.505465344952369,0.495604893889718,0.490205225048718,0.0226626838836008
9.725,f27c2278f5bdb77b,256.434004822102,303.279191549181,322.143154854008,343.143648774709,0.512868009644205,0.505465319248635,0.49560485362155,0.490205212535299,0.0226627971089062
9.73,f27c2278f5bdb77b,256.434054913727,303.279176808272,322.143128161645,343.143640116356,0.512868109827453,0.505465294680453,0.495604812556378,0.490205200166223,0.0226629096612304
9.735,f27c2278f5bdb77b,256.434104742351,303.279162749616,322.143100950449,343.143631557584,0.512868209484702,0.505465271249359,0.495604770692998,0.490205187939406,0.0226630215452964
9.74,f27c2278f5bdb77b,256.434154309442,303.279149374204,322.143073219576,343.143623096778,0.512868308618885,0.505465248957006,0.495604728030117,0.49020517585254,0.0226631327663452
9.745,f27c2278f5bdb77b,256.434203616575,303.279136683076,322.14304496814,343.143614732208,0.512868407233151,0.505465227805126,0.49560468456637,0.490205163903155,0.0226632433299959
9.75,f27c2278f5bdb77b,256.434252665392,303.2791246773,322.143016195231,343.143606462078,0.512868505330784,0.505465207795499,0.495604640300355,0.490205152088682,0.0226633532421012
9.755,f27c2278f5bdb77b,256.434301457557,303.279113357947,322.142986899931,343.143598284565,0.512868602915114,0.505465188929911,0.495604595230663,0.490205140406522,0.0226634625085923
9.76,f27c2278f5bdb77b,256.434349994716,303.279102726071,322.142957081337,343.143590197876,0.512868699989431,0.505465171210119,0.495604549355904,0.490205128854108,0.0226635711353234
9.765,f27c2278f5bdb77b,256.434398278447,303.279092782687,322.142926738582,343.143582200284,0.512868796556894,0.505465154637811,0.495604502674741,0.490205117428978,0.0226636791279163
9.77,f27c2278f5bdb77b,256.434446310224,303.279083528745,322.142895870847,343.143574290184,0.512868892620447,0.505465139214575,0.495604455185919,0.490205106128835,0.022663786491612
9.775,f27c2278f5bdb77b,256.43449409137,303.279074965114,322.142864477389,343.143566466127,0.512868988182741,0.505465124941856,0.49560440688829,0.49020509495161,0.0226638932311304
9.78,f27c2278f5bdb77b,256.43454162303,303.279067092562,322.142832557546,343.143558726862,0.512869083246059,0.505465111820937,0.49560435778084,0.490205083895517,0.0226639993505428
9.785,f27c2278f5bdb77b,256.434588906129,303.279059911742,322.142800110761,343.143551071368,0.512869177812259,0.505465099852903,0.495604307862709,0.490205072959097,0.0226641048531618
9.79,f27c2278f5bdb77b,256.434635941356,303.279053423174,322.142767136586,343.143543498884,0.512869271882712,0.505465089038624,0.495604257133209,0.490205062141263,0.0226642097414484
9.795,f27c2278f5bdb77b,256.434682729135,303.279047627242,322.142733634694,343.14353600893,0.51286936545827,0.505465079378736,0.495604205591836,0.490205051441328,0.0226643140169424
9.8,f27c2278f5bdb77b,256.434729269619,303.279042524181,322.142699604885,343.143528601316,0.512869458539238,0.505465070873634,0.495604153238284,0.490205040859023,0.0226644176802151
9.805,f27c2278f5bdb77b,256.434775562678,303.279038114077,322.142665047088,343.143521276156,0.512869551125356,0.505465063523462,0.495604100072444,0.490205030394509,0.0226645207308468
9.81,f27c2278f5bdb77b,256.434821607903,303.279034396872,322.142629961362,343.143514033863,0.512869643215806,0.505465057328119,0.495604046094403,0.490205020048376,0.0226646231674301
9.815,f27c2278f5bdb77b,256.434867404613,303.279031372358,322.142594347889,343.14350687514,0.512869734809226,0.505465052287263,0.495603991304444,0.490205009821629,0.0226647249875975
9.82,f27c2278f5bdb77b,256.43491295187,303.279029040196,322.142558206969,343.143499800965,0.51286982590374,0.505465048400327,0.495603935703029,0.490204999715665,0.0226648261880753
9.825,f27c2278f5bdb77b,256.434958248499,303.279027399922,322.142521539011,343.143492812568,0.512869916496999,0.505465045666536,0.495603879290786,0.49020498973224,0.0226649267647589
9.83,f27c2278f5bdb77b,256.43500329312,303.279026450961,322.14248434452,343.143485911399,0.51287000658624,0.505465044084934,0.495603822068493,0.490204979873427,0.0226650267128121
9.835,f27c2278f5bdb77b,256.435048084175,303.279026192646,322.142446624082,343.143479099097,0.51287009616835,0.50546504365441,0.495603764037049,0.490204970141567,0.0226651260267834
9.84,f27c2278f5bdb77b,256.435092619972,303.27902662424,322.142408378344,343.143472377443,0.512870185239944,0.505465044373734,0.495603705197452,0.490204960539205,0.0226652247007397
9.845,f27c2278f5bdb77b,256.435136898723,303.279027744953,322.142369608001,343.143465748323,0.512870273797446,0.505465046241588,0.495603645550771,0.490204951069033,0.0226653227284131
9.85,f27c2278f5bdb77b,256.435180918588,303.279029553966,322.142330313771,343.143459213674,0.512870361837176,0.505465049256611,0.49560358509811,0.49020494173382,0.0226654201033558
9.855,f27c2278f5bdb77b,256.435224677722,303.279032050458,322.142290496379,343.14345277544,0.512870449355445,0.505465053417431,0.495603523840583,0.490204932536344,0.0226655168191014
9.86,f27c2278f5bdb77b,256.435268174322,303.279035233625,322.142250156531,343.143446435522,0.512870536348644,0.505465058722708,0.495603461779279,0.490204923479317,0.0226656128693268
9.865,f27c2278f5bdb77b,256.435311406668,303.279039102705,322.142209294901,343.143440195727,0.512870622813335,0.505465065171175,0.495603398915232,0.490204914565324,0.0226657082480115
9.87,f27c2278f5bdb77b,256.43535437317,303.279043657001,322.142167912103,343.143434057726,0.51287070874634,0.505465072761668,0.49560333524939,0.490204905796751,0.0226658029495893
9.875,f27c2278f5bdb77b,256.435397072408,303.2790488959,322.142126008683,343.143428023009,0.512870794144817,0.505465081493167,0.495603270782589,0.490204897175727,0.02266589696909
9.88,f27c2278f5bdb77b,256.435439503166,303.279054818892,322.142083585094,343.143422092847,0.512870879006333,0.505465091364819,0.49560320551553,0.490204888704068,0.0226659903022652
9.885,f27c2278f5bdb77b,256.435481664465,303.279061425584,322.142040641689,343.143416268262,0.512870963328929,0.505465102375974,0.495603139448752,0.490204880383232,0.0226660829456977
9.89,f27c2278f5bdb77b,256.435523555584,303.279068715716,322.141997178705,343.143410549995,0.512871047111168,0.505465114526194,0.495603072582624,0.490204872214278,0.0226661748968894
9.895,f27c2278f5bdb77b,256.435565176085,303.279076689166,322.141953196259,343.14340493849,0.512871130352169,0.505465127815277,0.495603004917322,0.490204864197843,0.0226662661543259
9.9,f27c2278f5bdb77b,256.435606525818,303.279085345958,322.14190869434,343.143399433884,0.512871213051636,0.505465142243263,0.495602936452831,0.49020485633412,0.0226663567175167
9.905,f27c2278f5bdb77b,256.435647604932,303.279094686262,322.14186367281,343.143394035997,0.512871295209863,0.505465157810436,0.495602867188938,0.490204848622853,0.0226664465870099
9.91,f27c2278f5bdb77b,256.435688413863,303.279104710393,322.141818131402,343.143388744342,0.512871376827726,0.505465174517322,0.495602797125233,0.490204841063346,0.0226665357643799
9.915,f27c2278f5bdb77b,256.435728953332,303.279115418807,322.141772069729,343.143383558132,0.512871457906663,0.505465192364679,0.495602726261121,0.490204833654475,0.0226666242521883
9.92,f27c2278f5bdb77b,256.43576922432,303.279126812087,322.141725487291,343.143378476303,0.51287153844864,0.505465211353478,0.495602654595832,0.490204826394718,0.0226667120539221
9.925,f27c2278f5bdb77b,256.435809228049,303.279138890931,322.141678383483,343.143373497536,0.512871618456099,0.505465231484885,0.495602582128436,0.490204819282194,0.0226667991739041
9.93,f27c2278f5bdb77b,256.435848965947,303.27915165614,322.141630757616,343.143368620296,0.512871697931895,0.505465252760234,0.495602508857871,0.490204812314709,0.0226668856171859
9.935,f27c2278f5bdb77b,256.435888439614,303.279165108594,322.141582608925,343.143363842866,0.512871776879228,0.50546527518099,0.495602434782962,0.490204805489809,0.0226669713894191
9.94,f27c2278f5bdb77b,256.435927650779,303.279179249233,322.141533936594,343.143359163393,0.512871855301559,0.505465298748722,0.495602359902453,0.490204798804847,0.0226670564967121
9.945,f27c2278f5bdb77b,256.43596660126,303.279194079035,322.141484739772,343.143354579933,0.51287193320252,0.505465323465058,0.495602284215034,0.490204792257047,0.0226671409454737
9.95,f27c2278f5bdb77b,256.436005292913,303.27920959899,322.141435017595,343.143350090503,0.512872010585825,0.505465349331649,0.495602207719377,0.490204785843575,0.02266722474225
9.955,f27c2278f5bdb77b,256.436043727586,303.279225810076,322.141384769207,343.143345693131,0.512872087455171,0.505465376350127,0.495602130414165,0.490204779561615,0.022667307893556
9.96,f27c2278f5bdb77b,256.436081907072,303.279242713238,322.141333993784,343.143341385906,0.512872163814145,0.505465404522063,0.495602052298129,0.490204773408437,0.0226673904057081
9.965,f27c2278f5bdb77b,256.436119833065,303.279260309358,322.141282690549,343.143337167028,0.512872239666129,0.50546543384893,0.495601973370075,0.490204767381469,0.0226674722846608
9.97,f27c2278f5bdb77b,256.436157507108,303.279278599239,322.141230858797,343.143333034855,0.512872315014217,0.505465464332065,0.495601893628919,0.490204761478365,0.0226675535358521
9.975,f27c2278f5bdb77b,256.436194930564,303.27929758358,322.141178497911,343.143328987945,0.512872389861127,0.505465495972634,0.495601813073709,0.490204755697065,0.0226676341640625
9.98,f27c2278f5bdb77b,256.436232104569,303.279317262962,322.141125607375,343.143325025094,0.512872464209137,0.505465528771603,0.495601731703654,0.490204750035849,0.0226677141732884
9.985,f27c2278f5bdb77b,256.43626903001,303.279337637827,322.141072186794,343.143321145369,0.512872538060021,0.505465562729712,0.495601649518144,0.490204744493384,0.0226677935666373
9.99,f27c2278f5bdb77b,256.4363057075,303.279358708474,322.141018235896,343.14331734813,0.512872611415001,0.505465597847457,0.495601566516763,0.490204739068757,0.0226678723462436
9.995,f27c2278f5bdb77b,256.436342137357,303.279380475044,322.140963754546,343.143313633052,0.512872684274714,0.505465634125074,0.495601482699302,0.490204733761503,0.0226679505132106
10,f27c2278f5bdb77b,256.436378319598,303.279402937521,322.140908742748,343.143310000133,0.512872756639196,0.505465671562535,0.495601398065767,0.490204728571618,0.0226680280675774
10.005,f27c2278f5bdb77b,256.436414253937,303.279426095726,322.140853200644,343.143306449692,0.512872828507874,0.505465710159544,0.495601312616376,0.49020472349956,0.0226681050083139
10.01,f27c2278f5bdb77b,256.436449939792,303.279449949327,322.140797128512,343.143302982369,0.512872899879583,0.505465749915545,0.495601226351557,0.490204718546241,0.022668181333342
10.015,f27c2278f5bdb77b,256.436485376295,303.279474497842,322.14074052676,343.143299599103,0.51287297075259,0.505465790829736,0.495601139271939,0.490204713713004,0.0226682570395856
10.02,f27c2278f5bdb77b,256.436520562319,303.27949974065,322.140683395917,343.143296301115,0.512873041124637,0.505465832901083,0.495601051378333,0.490204709001593,0.0226683321230443
10.025,f27c2278f5bdb77b,256.436555496499,303.27952567701,322.140625736617,343.143293089874,0.512873110992999,0.505465876128349,0.495600962671718,0.490204704414106,0.0226684065788926
10.03,f27c2278f5bdb77b,256.436590177274,303.279552306074,322.140567549588,343.143289967063,0.512873180354548,0.505465920510124,0.495600873153212,0.490204699952948,0.0226684804015999
10.035,f27c2278f5bdb77b,256.436624602918,303.279579626913,322.140508835632,343.143286934537,0.512873249205836,0.505465966044855,0.49560078282405,0.490204695620767,0.0226685535850693
10.04,f27c2278f5bdb77b,256.43665877159,303.279607638532,322.140449595606,343.143283994272,0.51287331754318,0.505466012730887,0.495600691685548,0.490204691420388,0.0226686261227914
10.045,f27c2278f5bdb77b,256.436692681378,303.279636339902,322.140389830399,343.143281148322,0.512873385362755,0.505466060566503,0.495600599739075,0.490204687354746,0.0226686980080095
10.05,f27c2278f5bdb77b,256.436726330347,303.279665729979,322.140329540912,343.143278398762,0.512873452660695,0.505466109549964,0.495600506986019,0.490204683426803,0.0226687692338917
10.055,f27c2278f5bdb77b,256.436759716593,303.279695807733,322.140268728037,343.143275747637,0.512873519433186,0.505466159679554,0.49560041342775,0.490204679639481,0.0226688397937053
10.06,f27c2278f5bdb77b,256.436792838287,303.279726572172,322.140207392633,343.143273196908,0.512873585676573,0.505466210953621,0.495600319065589,0.490204675995583,0.0226689096809904
10.065,f27c2278f5bdb77b,256.436825693723,303.279758022369,322.140145535504,343.143270748404,0.512873651387447,0.505466263370614,0.495600223900775,0.49020467249772,0.0226689788897264
10.07,f27c2278f5bdb77b,256.436858281368,303.279790157476,322.140083157381,343.143268403774,0.512873716562737,0.505466316929127,0.495600127934433,0.490204669148249,0.0226690474144879
10.075,f27c2278f5bdb77b,256.436890599895,303.279822976757,322.140020258906,343.143266164442,0.51287378119979,0.505466371627928,0.495600031167548,0.490204665949203,0.022669115250587
10.08,f27c2278f5bdb77b,256.436922648222,303.279856479593,322.139956840611,343.143264031574,0.512873845296445,0.505466427465988,0.49559993360094,0.490204662902248,0.022669182394197
10.085,f27c2278f5bdb77b,256.436954425542,303.279890665507,322.13989290291,343.143262006041,0.512873908851085,0.505466484442511,0.495599835235246,0.49020466000863,0.022669248842454
10.09,f27c2278f5bdb77b,256.436985931342,303.279925534167,322.139828446087,343.143260088405,0.512873971862684,0.505466542556944,0.495599736070903,0.490204657269149,0.022669314593535
10.095,f27c2278f5bdb77b,256.437017165421,303.279961085398,322.13976347029,343.143258278891,0.512874034330841,0.505466601808997,0.495599636108138,0.490204654684131,0.0226693796467105
10.1,f27c2278f5bdb77b,256.437048127893,303.279997319184,322.139697975529,343.143256577393,0.512874096255787,0.50546666219864,0.495599535346968,0.490204652253419,0.0226694440023675
10.105,f27c2278f5bdb77b,256.437078819193,303.280034235666,322.139631961676,343.143254983466,0.512874157638386,0.50546672372611,0.495599433787194,0.490204649976379,0.0226695076620064
10.11,f27c2278f5bdb77b,256.437109240059,303.280071835136,322.139565428468,343.143253496337,0.512874218480118,0.505466786391893,0.495599331428412,0.49020464785191,0.0226695706282076
10.115,f27c2278f5bdb77b,256.437139391522,303.280110118031,322.139498375517,343.14325211493,0.512874278783044,0.505466850196718,0.495599228270025,0.490204645878472,0.0226696329045727
10.12,f27c2278f5bdb77b,256.437169274878,303.280149084917,322.13943080232,343.143250837885,0.512874338549757,0.505466915141529,0.495599124311261,0.490204644054121,0.0226696944956362
10.125,f27c2278f5bdb77b,256.437198891659,303.280188736475,322.139362708273,343.143249663593,0.512874397783318,0.505466981227458,0.49559901955119,0.490204642376561,0.0226697554067569
10.13,f27c2278f5bdb77b,256.437228243592,303.280229073477,322.139294092691,343.14324859024,0.512874456487185,0.505467048455795,0.495598913988755,0.4902046408432,0.0226698156439849
10.135,f27c2278f5bdb77b,256.437257332562,303.280270096771,322.13922495482,343.143247615847,0.512874514665123,0.505467116827952,0.495598807622801,0.49020463945121,0.0226698752139128
10.14,f27c2278f5bdb77b,256.437286160558,303.280311807251,322.139155293867,343.143246738325,0.512874572321117,0.505467186345418,0.495598700452103,0.490204638197606,0.0226699341235101
10.145,f27c2278f5bdb77b,256.437314729633,303.280354205832,322.139085109013,343.143245955521,0.512874629459266,0.505467257009721,0.495598592475405,0.490204637079316,0.02266999237995
10.15,f27c2278f5bdb77b,256.437343041844,303.280397293429,322.139014399445,343.143245265281,0.512874686083688,0.505467328822382,0.495598483691454,0.490204636093259,0.0226700499904289
10.155,f27c2278f5bdb77b,256.437371099205,303.280441070925,322.138943164372,343.143244665498,0.51287474219841,0.505467401784874,0.495598374099034,0.490204635236426,0.0226701069619843
10.16,f27c2278f5bdb77b,256.437398903636,303.280485539145,322.138871403052,343.143244154168,0.512874797807272,0.505467475898574,0.495598263697002,0.490204634505954,0.0226701633013182
10.165,f27c2278f5bdb77b,256.437426456914,303.280530698836,322.138799114808,343.143243729441,0.512874852913828,0.505467551164727,0.495598152484321,0.490204633899202,0.0226702190146261
10.17,f27c2278f5bdb77b,256.437453760629,303.280576550642,322.138726299058,343.143243389672,0.512874907521257,0.505467627584403,0.495598040460089,0.490204633413817,0.0226702741074401
10.175,f27c2278f5bdb77b,256.437480816141,303.280623095082,322.13865295532,343.143243133457,0.512874961632283,0.50546770515847,0.495597927623569,0.490204633047795,0.0226703285844872
10.18,f27c2278f5bdb77b,256.437507624552,303.280670332536,322.138579083238,343.143242959674,0.512875015249104,0.50546778388756,0.495597813974212,0.490204632799535,0.0226703824495689
10.185,f27c2278f5bdb77b,256.43753418667,303.280718263228,322.138504682588,343.143242867514,0.51287506837334,0.505467863772047,0.495597699511673,0.490204632667877,0.0226704357054627
10.19,f27c2278f5bdb77b,256.437560502994,303.28076688722,322.13842975329,343.143242856496,0.512875121005988,0.505467944812033,0.495597584235831,0.490204632652137,0.022670488353851
10.195,f27c2278f5bdb77b,256.437586573701,303.2808162044,322.138354295412,343.143242926488,0.512875173147401,0.505468027007333,0.495597468146787,0.490204632752125,0.0226705403952763
10.2,f27c2278f5bdb77b,256.437612398638,303.280866214487,322.138278309172,343.143243077704,0.512875224797275,0.505468110357479,0.495597351244879,0.490204632968148,0.0226705918291271
10.205,f27c2278f5bdb77b,256.437637977329,303.28091691703,322.138201794935,343.143243310705,0.512875275954659,0.505468194861717,0.49559723353067,0.490204633301008,0.0226706426536509
10.21,f27c2278f5bdb77b,256.437663308989,303.280968311414,322.138124753211,343.143243626385,0.512875326617979,0.505468280519023,0.49559711500494,0.490204633751979,0.0226706928659994
10.215,f27c2278f5bdb77b,256.43768839254,303.281020396874,322.13804718464,343.143244025946,0.512875376785079,0.505468367328123,0.495596995668678,0.49020463432278,0.0226707424622995
10.22,f27c2278f5bdb77b,256.43771322664,303.281073172507,322.137969089984,343.143244510869,0.512875426453279,0.505468455287512,0.495596875523053,0.490204635015527,0.0226707914377521
10.225,f27c2278f5bdb77b,256.43773780972,303.281126637292,322.137890470109,343.143245082879,0.512875475619439,0.505468544395487,0.495596754569399,0.490204635832685,0.0226708397867546
10.23,f27c2278f5bdb77b,256.437762140023,303.28118079011,322.137811325966,343.143245743901,0.512875524280046,0.505468634650184,0.495596632809179,0.490204636777001,0.0226708875030455
10.235,f27c2278f5bdb77b,256.437786215651,303.281235629769,322.137731658573,343.143246496007,0.512875572431302,0.505468726049614,0.495596510243958,0.490204637851439,0.0226709345798637
10.24,f27c2278f5bdb77b,256.437810034613,303.281291155027,322.13765146899,343.14324734137,0.512875620069226,0.505468818591712,0.495596386875369,0.490204639059101,0.022670981010125
10.245,f27c2278f5bdb77b,256.437833594877,303.281347364623,322.137570758296,343.143248282204,0.512875667189753,0.505468912274372,0.495596262705071,0.490204640403148,0.0226710267866048
10.25,f27c2278f5bdb77b,256.437856894424,303.281404257301,322.137489527569,343.143249320706,0.512875713788849,0.505469007095502,0.495596137734721,0.490204641886722,0.0226710719021264
10.255,f27c2278f5bdb77b,256.437879931304,303.281461831839,322.137407777854,343.143250459003,0.512875759862609,0.505469103053064,0.49559601196593,0.490204643512861,0.0226711163497481
10.26,f27c2278f5bdb77b,256.437902703684,303.281520087072,322.13732551015,343.143251699095,0.512875805407367,0.50546920014512,0.49559588540023,0.490204645284421,0.0226711601229466
10.265,f27c2278f5bdb77b,256.437925209896,303.281579021923,322.137242725378,343.143253042803,0.512875850419793,0.505469298369871,0.495595758039043,0.490204647204004,0.0226712032157886
10.27,f27c2278f5bdb77b,256.437947448489,303.28163863542,322.137159424369,343.143254491722,0.512875894896978,0.5054693977257,0.495595629883645,0.490204649273889,0.0226712456230893
10.275,f27c2278f5bdb77b,256.43796941826,303.281698926719,322.137075607842,343.143256047178,0.512875938836521,0.505469498211199,0.495595500935142,0.490204651495969,0.0226712873405522
10.28,f27c2278f5bdb77b,256.437991118295,303.281759895121,322.136991276391,343.143257710192,0.51287598223659,0.505469599825202,0.495595371194448,0.490204653871704,0.0226713283648867
10.285,f27c2278f5bdb77b,256.43801254799,303.281821540082,322.136906430472,343.143259481455,0.51287602509598,0.505469702566804,0.495595240662265,0.490204656402079,0.022671368693901
10.29,f27c2278f5bdb77b,256.438033707072,303.281883861225,322.136821070397,343.143261361305,0.512876067414145,0.505469806435376,0.495595109339072,0.490204659087579,0.0226714083265661
10.295,f27c2278f5bdb77b,256.438054595611,303.281946858344,322.136735196326,343.143263349718,0.512876109191222,0.505469911430574,0.495594977225118,0.490204661928169,0.0226714472630525
10.3,f27c2278f5bdb77b,256.438075214016,303.282010531403,322.136648808273,343.143265446309,0.512876150428032,0.505470017552338,0.495594844320419,0.490204664923298,0.0226714855047344
10.305,f27c2278f5bdb77b,256.438095563035,303.282074880531,322.1365619061,343.143267650333,0.51287619112607,0.505470124800886,0.49559471062477,0.490204668071905,0.0226715230541649
10.31,f27c2278f5bdb77b,256.438115643733,303.282139906019,322.136474489536,343.143269960712,0.512876231287465,0.505470233176699,0.495594576137748,0.490204671372446,0.0226715599150196
10.315,f27c2278f5bdb77b,256.438135457472,303.2822056083,322.136386558177,343.143272376051,0.512876270914943,0.505470342680501,0.495594440858733,0.49020467482293,0.0226715960920129
10.32,f27c2278f5bdb77b,256.438155005878,303.282271987937,322.136298111506,343.143274894679,0.512876310011756,0.505470453313228,0.495594304786933,0.49020467842097,0.0226716315907865
10.325,f27c2278f5bdb77b,256.438174290804,303.2823390456,322.136209148912,343.143277514684,0.512876348581608,0.505470565076,0.495594167921403,0.490204682163834,0.022671666417774
10.33,f27c2278f5bdb77b,256.438193314284,303.282406782046,322.136119669704,343.143280233966,0.512876386628568,0.505470677970077,0.495594030261083,0.490204686048522,0.0226717005800453
10.335,f27c2278f5bdb77b,256.438212078484,303.282475198093,322.136029673139,343.143283050284,0.512876424156968,0.505470791996821,0.495593891804829,0.490204690071834,0.022671734085134
10.34,f27c2278f5bdb77b,256.438230585652,303.28254429459,322.135939158441,343.143285961317,0.512876461171304,0.505470907157649,0.495593752551448,0.490204694230453,0.0226717669408519
10.345,f27c2278f5bdb77b,256.438248838061,303.282614072391,322.135848124831,343.143288964717,0.512876497676121,0.505471023453985,0.49559361249974,0.490204698521024,0.0226717991550968
10.35,f27c2278f5bdb77b,256.438266837952,303.28268453233,322.135756571545,343.143292058173,0.512876533675904,0.505471140887217,0.495593471648531,0.490204702940247,0.0226718307356564
10.355,f27c2278f5bdb77b,256.438284587483,303.282755675186,322.135664497865,343.143295239466,0.512876569174967,0.505471259458643,0.495593329996715,0.490204707484951,0.0226718616900151
10.36,f27c2278f5bdb77b,256.438302088674,303.282827501661,322.135571903138,343.143298506527,0.512876604177349,0.505471379169434,0.495593187543289,0.490204712152181,0.0226718920251675
10.365,f27c2278f5bdb77b,256.438319343357,303.282900012353,322.135478786801,343.143301857489,0.512876638686713,0.505471500020588,0.495593044287387,0.49020471693927,0.0226719217474433
10.37,f27c2278f5bdb77b,256.438336353129,303.282973207735,322.135385148401,343.143305290735,0.512876672706258,0.505471622012891,0.49559290022831,0.490204721843907,0.0226719508623511
10.375,f27c2278f5bdb77b,256.438353119318,303.283047088133,322.13529098761,343.143308804939,0.512876706238636,0.505471745146889,0.495592755365554,0.490204726864198,0.022671979374438
10.38,f27c2278f5bdb77b,256.438369642946,303.283121653713,322.135196304241,343.1433123991,0.512876739285893,0.505471869422854,0.495592609698833,0.490204731998714,0.0226720072871784
10.385,f27c2278f5bdb77b,256.438385924707,303.283196904464,322.135101098259,343.14331607257,0.512876771849414,0.505471994840774,0.49559246322809,0.490204737246528,0.022672034602886
10.39,f27c2278f5bdb77b,256.438401964948,303.283272840197,322.135005369787,343.143319825068,0.512876803929897,0.505472121400329,0.495592315953518,0.490204742607239,0.0226720613226576
10.395,f27c2278f5bdb77b,256.438417763665,303.283349460536,322.134909119109,343.143323656689,0.512876835527331,0.505472249100894,0.495592167875552,0.490204748080984,0.0226720874463467
10.4,f27c2278f5bdb77b,256.438433320501,303.283426764923,322.134812346672,343.143327567904,0.512876866641003,0.505472377941538,0.49559201899488,0.490204753668434,0.0226721129725688
10.405,f27c2278f5bdb77b,256.438448634759,303.283504752619,322.134715053077,343.143331559545,0.512876897269518,0.505472507921032,0.495591869312426,0.490204759370778,0.0226721378987392
10.41,f27c2278f5bdb77b,256.438463705418,303.283583422723,322.134617239071,343.143335632787,0.512876927410837,0.505472639037872,0.495591718829341,0.490204765189696,0.0226721622211409
10.415,f27c2278f5bdb77b,256.438478531166,303.283662774178,322.134518905538,343.143339789118,0.512876957062333,0.505472771290297,0.495591567546981,0.490204771127311,0.022672185935022
10.42,f27c2278f5bdb77b,256.438493110431,303.283742805795,322.134420053476,343.143344030299,0.512876986220861,0.505472904676324,0.495591415466887,0.490204777186141,0.0226722090347203
10.425,f27c2278f5bdb77b,256.438507441421,303.283823516271,322.134320683986,343.143348358322,0.512877014882843,0.505473039193785,0.495591262590747,0.490204783369031,0.0226722315138118
10.43,f27c2278f5bdb77b,256.43852152218,303.283904904219,322.134220798243,343.143352775358,0.51287704304436,0.505473174840364,0.495591108920375,0.490204789679083,0.0226722533652777
10.435,f27c2278f5bdb77b,256.438535350632,303.283986968188,322.134120397479,343.143357283701,0.512877070701263,0.505473311613647,0.495590954457661,0.490204796119573,0.0226722745816906
10.44,f27c2278f5bdb77b,256.438548924639,303.284069706699,322.134019482953,343.143361885709,0.512877097849277,0.505473449511166,0.495590799204543,0.49020480269387,0.0226722951554078
10.445,f27c2278f5bdb77b,256.438562242061,303.28415311827,322.133918055927,343.143366583743,0.512877124484121,0.505473588530449,0.495590643162965,0.490204809405347,0.0226723150787748
10.45,f27c2278f5bdb77b,256.43857530081,303.284237201443,322.133816117641,343.143371380106,0.512877150601621,0.505473728669072,0.495590486334832,0.490204816257294,0.0226723343443272
10.455,f27c2278f5bdb77b,256.438588098911,303.284321954821,322.133713669286,343.143376276983,0.512877176197822,0.505473869924701,0.495590328721978,0.490204823252832,0.0226723529449899
10.46,f27c2278f5bdb77b,256.43860063455,303.284407377086,322.133610711982,343.143381276382,0.512877201269099,0.505474012295143,0.495590170326126,0.490204830394832,0.0226723708742671
10.465,f27c2278f5bdb77b,256.438612906128,303.284493467032,322.133507246754,343.143386380086,0.512877225812256,0.505474155778386,0.495590011148852,0.490204837685838,0.0226723881264183
10.47,f27c2278f5bdb77b,256.438624912307,303.284580223582,322.133403274512,343.143391589599,0.512877249824613,0.505474300372636,0.495589851191558,0.490204845127999,0.0226724046966145
10.475,f27c2278f5bdb77b,256.438636652044,303.28466764581,322.133298796036,343.14339690611,0.512877273304088,0.50547444607635,0.49558969045544,0.490204852723014,0.0226724205810747
10.48,f27c2278f5bdb77b,256.438648124627,303.284755732956,322.13319381196,343.143402330457,0.512877296249254,0.50547459288826,0.495589528941477,0.490204860472081,0.0226724357771728
10.485,f27c2278f5bdb77b,256.438659329693,303.284844484436,322.133088322763,343.143407863108,0.512877318659386,0.505474740807394,0.495589366650404,0.490204868375868,0.0226724502835181
10.49,f27c2278f5bdb77b,256.438670267246,303.28493389985,322.132982328763,343.143413504142,0.512877340534491,0.505474889833083,0.495589203582712,0.490204876434488,0.0226724641000035
10.495,f27c2278f5bdb77b,256.438680937657,303.28502397898,322.132875830117,343.143419253246,0.512877361875315,0.505475039964967,0.495589039738641,0.490204884647494,0.0226724772278211
10.5,f27c2278f5bdb77b,256.438691341666,303.285114721793,322.132768826819,343.143425109721,0.512877382683332,0.505475191202989,0.495588875118184,0.490204893013887,0.0226724896694452
10.505,f27c2278f5bdb77b,256.438701480361,303.285206128428,322.132661318714,343.143431072497,0.512877402960721,0.505475343547381,0.495588709721098,0.490204901532139,0.0226725014285827
10.51,f27c2278f5bdb77b,256.438711355158,303.285298199186,322.132553305499,343.143437140157,0.512877422710316,0.505475496998644,0.495588543546921,0.490204910200225,0.0226725125100908
10.515,f27c2278f5bdb77b,256.438720967771,303.285390934512,322.132444786745,343.143443310972,0.512877441935541,0.50547565155752,0.495588376594992,0.490204919015674,0.022672522919867
10.52,f27c2278f5bdb77b,256.43873032017,303.285484334976,322.132335761914,343.143449582941,0.512877460640339,0.50547580722496,0.495588208864482,0.490204927975629,0.0226725326647099
10.525,f27c2278f5bdb77b,256.438739414537,303.285578401249,322.132226230374,343.14345595384,0.512877478829074,0.505475964002081,0.495588040354422,0.490204937076915,0.0226725417521587
10.53,f27c2278f5bdb77b,256.438748253214,303.285673134073,322.132116191431,343.143462421282,0.512877496506429,0.505476121890122,0.495587871063739,0.490204946316117,0.0226725501903118
10.535,f27c2278f5bdb77b,256.438756838649,303.28576853424,322.132005644345,343.143468982766,0.512877513677298,0.505476280890399,0.4955877009913,0.490204955689666,0.0226725579876312
10.54,f27c2278f5bdb77b,256.438765173333,303.285864602552,322.131894588365,343.143475635751,0.512877530346666,0.505476441004253,0.495587530135945,0.490204965193929,0.0226725651527361
10.545,f27c2278f5bdb77b,256.438773259745,303.285961339799,322.131783022747,343.143482377708,0.512877546519491,0.505476602232999,0.495587358496534,0.490204974825297,0.0226725716941934
10.55,f27c2278f5bdb77b,256.438781100292,303.286058746725,322.13167094679,343.143489206193,0.512877562200583,0.505476764577875,0.495587186071985,0.490204984580276,0.0226725776203074
10.555,f27c2278f5bdb77b,256.438788697246,303.286156823996,322.131558359855,343.143496118903,0.512877577394492,0.505476928039993,0.495587012861315,0.490204994455576,0.0226725829389154
10.56,f27c2278f5bdb77b,256.438796052695,303.286255572178,322.131445261391,343.143503113736,0.51287759210539,0.505477092620297,0.495586838863678,0.490205004448194,0.0226725876571959
10.565,f27c2278f5bdb77b,256.438803168491,303.286354991707,322.131331650959,343.143510188843,0.512877606336981,0.505477258319512,0.495586664078399,0.49020501455549,0.0226725917814916
10.57,f27c2278f5bdb77b,256.438810046202,303.286455082869,322.131217528253,343.143517342676,0.512877620092405,0.505477425138116,0.495586488505004,0.490205024775251,0.0226725953171536
10.575,f27c2278f5bdb77b,256.438816687082,303.286555845782,322.13110289311,343.143524574027,0.512877633374163,0.505477593076303,0.495586312143246,0.490205035105752,0.0226725982684111
10.58,f27c2278f5bdb77b,256.438823092033,303.286657280377,322.130987745532,343.143531882058,0.512877646184065,0.505477762133962,0.495586134993126,0.490205045545797,0.022672600638268
10.585,f27c2278f5bdb77b,256.438829261591,303.286759386397,322.130872085686,343.143539266326,0.512877658523182,0.505477932310662,0.495585957054902,0.490205056094751,0.0226726024284317
10.59,f27c2278f5bdb77b,256.438835195914,303.286862163383,322.130755913916,343.143546726787,0.512877670391827,0.505478103605638,0.495585778329101,0.490205066752554,0.0226726036392739
10.595,f27c2278f5bdb77b,256.438840894776,303.286965610679,322.130639230737,343.143554263808,0.512877681789552,0.505478276017798,0.495585598816519,0.490205077519725,0.0226726042698265
10.6,f27c2278f5bdb77b,256.438846357581,303.287069727435,322.130522036838,343.143561878146,0.512877692715162,0.505478449545726,0.495585418518212,0.490205088397351,0.0226726043178108
10.605,f27c2278f5bdb77b,256.438851583377,303.287174512619,322.130404333066,343.143569570938,0.512877703166754,0.505478624187699,0.495585237435486,0.490205099387054,0.0226726037797005
10.61,f27c2278f5bdb77b,256.438856570885,303.287279965029,322.130286120419,343.143577343667,0.51287771314177,0.505478799941715,0.495585055569875,0.490205110490953,0.0226726026508177
10.615,f27c2278f5bdb77b,256.438861318534,303.287386083312,322.130167400027,343.143585198127,0.512877722637068,0.505478976805519,0.495584872923119,0.49020512171161,0.022672600925458
10.62,f27c2278f5bdb77b,256.438865824503,303.287492865987,322.130048173135,343.143593136375,0.512877731649006,0.505479154776645,0.495584689497131,0.490205133051964,0.022672598597042
10.625,f27c2278f5bdb77b,256.438870086772,303.287600311473,322.129928441078,343.143601160677,0.512877740173544,0.505479333852456,0.495584505293966,0.490205144515253,0.0226725956582915
10.63,f27c2278f5bdb77b,256.438874103178,303.287708418114,322.129808205255,343.143609273453,0.512877748206355,0.50547951403019,0.495584320315777,0.490205156104933,0.0226725921014223
10.635,f27c2278f5bdb77b,256.43887787147,303.287817184211,322.129687467108,343.143617477211,0.51287775574294,0.505479695307018,0.495584134564781,0.490205167824588,0.022672587918352
10.64,f27c2278f5bdb77b,256.438881389376,303.287926608051,322.129566228088,343.143625774485,0.512877762778752,0.505479877680086,0.495583948043212,0.490205179677836,0.0226725831009156
10.645,f27c2278f5bdb77b,256.43888465466,303.288036687946,322.12944448963,343.143634167765,0.51287776930932,0.505480061146576,0.495583760753276,0.490205191668235,0.0226725776410853
10.65,f27c2278f5bdb77b,256.438887665188,303.288147422254,322.129322253125,343.143642659433,0.512877775330375,0.505480245703757,0.495583572697116,0.49020520379919,0.0226725715311855
10.655,f27c2278f5bdb77b,256.438890418983,303.288258809417,322.129199519896,343.143651251704,0.512877780837965,0.505480431349029,0.495583383876763,0.490205216073863,0.0226725647641027
10.66,f27c2278f5bdb77b,256.438892914284,303.288370847987,322.129076291168,343.143659946562,0.512877785828567,0.505480618079978,0.495583194294104,0.490205228495088,0.0226725573334789
10.665,f27c2278f5bdb77b,256.438895149594,303.288483536648,322.128952568048,343.14366874571,0.512877790299188,0.505480805894413,0.495583003950843,0.4902052410653,0.0226725492338886
10.67,f27c2278f5bdb77b,256.438897123726,303.288596874242,322.128828351509,343.143677650522,0.512877794247452,0.505480994790404,0.495582812848476,0.49020525378646,0.022672540460992
10.675,f27c2278f5bdb77b,256.438898835837,303.288710859785,322.12870364237,343.143686662008,0.512877797671673,0.505481184766309,0.495582620988261,0.490205266660012,0.0226725310116615
10.68,f27c2278f5bdb77b,256.438900285454,303.28882549248,322.128578441283,343.143695780782,0.512877800570909,0.5054813758208,0.495582428371205,0.490205279686832,0.0226725208840766
10.685,f27c2278f5bdb77b,256.438901472498,303.288940771726,322.128452748731,343.143705007046,0.512877802944996,0.505481567952876,0.495582234998047,0.490205292867208,0.0226725100777879
10.69,f27c2278f5bdb77b,256.438902397284,303.28905669712,322.128326565018,343.143714340577,0.512877804794569,0.505481761161867,0.495582040869258,0.490205306200825,0.0226724985937444
10.695,f27c2278f5bdb77b,256.438903060527,303.28917326846,322.128199890276,343.143723780737,0.512877806121054,0.505481955447433,0.49558184598504,0.490205319686768,0.0226724864342866
10.7,f27c2278f5bdb77b,256.438903463323,303.28929048573,322.128072724466,343.14373332648,0.512877806926647,0.50548215080955,0.495581650345333,0.490205333323543,0.0226724736031038
10.705,f27c2278f5bdb77b,256.438903607133,303.289408349097,322.127945067393,343.143742976377,0.512877807214266,0.505482347248495,0.495581453949836,0.49020534710911,0.022672460105156
10.71,f27c2278f5bdb77b,256.438903493747,303.289526858887,322.127816918715,343.14375272865,0.512877806987494,0.505482544764812,0.495581256798024,0.490205361040929,0.0226724459465649
10.715,f27c2278f5bdb77b,256.438903125248,303.28964601557,322.127688277966,343.143762581216,0.512877806250495,0.505482743359284,0.495581058889179,0.490205375116022,0.022672431134473
10.72,f27c2278f5bdb77b,256.438902503962,303.289765819732,322.127559144574,343.143772531732,0.512877805007923,0.505482943032886,0.495580860222422,0.490205389331046,0.0226724156768773
10.725,f27c2278f5bdb77b,256.438901632406,303.289886272045,322.127429517888,343.14378257766,0.512877803264813,0.505483143786742,0.495580660796751,0.490205403682372,0.0226723995824405
10.73,f27c2278f5bdb77b,256.43890051323,303.290007373245,322.127299397202,343.143792716323,0.51287780102646,0.505483345622075,0.49558046061108,0.490205418166176,0.0226723828602843
10.735,f27c2278f5bdb77b,256.438899149152,303.29012912409,322.127168781785,343.143802944973,0.512877798298303,0.50548354854015,0.495580259664285,0.490205432778533,0.02267236551977
10.74,f27c2278f5bdb77b,256.438897542894,303.290251525335,322.12703767091,343.143813260861,0.512877795085789,0.505483752542224,0.495580057955247,0.490205447515515,0.0226723475702735
10.745,f27c2278f5bdb77b,256.438895697123,303.290374577693,322.126906063882,343.143823661302,0.512877791394245,0.505483957629489,0.495579855482896,0.490205462373288,0.0226723290209574
10.75,f27c2278f5bdb77b,256.438893614378,303.290498281809,322.126773960067,343.143834143745,0.512877787228756,0.505484163803016,0.495579652246257,0.490205477348207,0.0226723098805486
10.755,f27c2278f5bdb77b,256.438891297019,303.290622638225,322.126641358918,343.143844705838,0.512877782594038,0.505484371063708,0.49557944824449,0.490205492436911,0.0226722901571271
10.76,f27c2278f5bdb77b,256.438888747165,303.290747647352,322.126508260002,343.143855345481,0.51287777749433,0.505484579412253,0.495579243476926,0.490205507636402,0.0226722698579285
10.765,f27c2278f5bdb77b,256.438885966647,303.290873309447,322.12637466302,343.143866060887,0.512877771933294,0.505484788849078,0.495579037943107,0.490205522944124,0.02267224898917
10.77,f27c2278f5bdb77b,256.438882956963,303.290999624591,322.126240567827,343.143876850619,0.512877765913927,0.505484999374318,0.49557883164281,0.490205538358027,0.0226722275558997
10.775,f27c2278f5bdb77b,256.438879719247,303.291126592672,322.126105974447,343.143887713633,0.512877759438494,0.505485210987787,0.495578624576073,0.490205553876619,0.0226722055618758
10.78,f27c2278f5bdb77b,256.43887625424,303.291254213374,322.125970883086,343.1438986493,0.512877752508479,0.505485423688957,0.495578416743209,0.490205569499,0.0226721830094791
10.785,f27c2278f5bdb77b,256.438872562275,303.291382486167,322.125835294134,343.143909657423,0.512877745124551,0.505485637476946,0.495578208144821,0.49020558522489,0.0226721598996603
10.79,f27c2278f5bdb77b,256.438868643278,303.291511410309,322.12569920817,343.143920738243,0.512877737286556,0.505485852350515,0.495577998781799,0.490205601054634,0.0226721362319219
10.795,f27c2278f5bdb77b,256.438864496764,303.291640984846,322.125562625958,343.143931892431,0.512877728993528,0.505486068308077,0.49557778865532,0.490205616989188,0.0226721120043408
10.8,f27c2278f5bdb77b,256.438860121862,303.291771208624,322.125425548442,343.143943121071,0.512877720243725,0.505486285347707,0.495577577766833,0.490205633030102,0.022672087213623
10.805,f27c2278f5bdb77b,256.438855517336,303.291902080303,322.125287976728,343.143954425633,0.512877711034673,0.505486503467171,0.495577366118043,0.490205649179476,0.0226720618551968
10.81,f27c2278f5bdb77b,256.438850681621,303.292033598371,322.125149912074,343.143965807933,0.512877701363243,0.505486722663952,0.495577153710884,0.490205665439904,0.0226720359233386
10.815,f27c2278f5bdb77b,256.43884561287,303.292165761175,322.125011355867,343.143977270088,0.512877691225739,0.505486942935292,0.495576940547487,0.490205681814412,0.0226720094113274
10.82,f27c2278f5bdb77b,256.438840309,303.292298566941,322.124872309597,343.143988814462,0.512877680618,0.505487164278235,0.49557672663015,0.490205698306374,0.0226719823116263
10.825,f27c2278f5bdb77b,256.438834767757,303.292432013807,322.124732774837,343.144000443599,0.512877669535514,0.505487386689678,0.495576511961287,0.490205714919428,0.0226719546160864
10.83,f27c2278f5bdb77b,256.438828986772,303.292566099854,322.124592753208,343.144012160166,0.512877657973545,0.505487610166423,0.495576296543397,0.490205731657379,0.0226719263161651
10.835,f27c2278f5bdb77b,256.438822963631,303.292700823141,322.124452246355,343.144023966873,0.512877645927261,0.505487834705235,0.495576080379008,0.490205748524104,0.0226718974031572
10.84,f27c2278f5bdb77b,256.438816695938,303.292836181738,322.124311255914,343.144035866411,0.512877633391875,0.505488060302896,0.495575863470636,0.490205765523444,0.0226718678684312
10.845,f27c2278f5bdb77b,256.438810181385,303.292972173759,322.12416978348,343.144047861375,0.512877620362771,0.505488286956265,0.495575645820739,0.490205782659108,0.0226718377036629
10.85,f27c2278f5bdb77b,256.438803417818,303.293108797398,322.124027830584,343.1440599542,0.512877606835636,0.50548851466233,0.495575427431667,0.490205799934572,0.0226718069010639
10.855,f27c2278f5bdb77b,256.438796403293,303.293246050957,322.123885398658,343.144072147092,0.512877592806585,0.505488743418262,0.495575208305627,0.490205817352989,0.0226717754535964
10.86,f27c2278f5bdb77b,256.438789136136,303.293383932876,322.123742489017,343.144084441971,0.512877578272272,0.50548897322146,0.495574988444641,0.490205834917102,0.0226717433551708
10.865,f27c2278f5bdb77b,256.438781614994,303.293522441755,322.123599102831,343.144096840419,0.512877563229988,0.505489204069592,0.495574767850509,0.49020585262917,0.0226717106008178
10.87,f27c2278f5bdb77b,256.438773838872,303.293661576379,322.123455241112,343.144109343636,0.512877547677745,0.505489435960632,0.495574546524788,0.490205870490909,0.0226716771868355
10.875,f27c2278f5bdb77b,256.438765807169,303.293801335729,322.123310904696,343.144121952406,0.512877531614339,0.505489668892882,0.495574324468763,0.490205888503436,0.0226716431109024
10.88,f27c2278f5bdb77b,256.4387575197,303.293941718996,322.123166094234,343.14413466707,0.5128775150394,0.505489902864993,0.495574101683436,0.490205906667243,0.0226716083721566
10.885,f27c2278f5bdb77b,256.438748976706,303.294082725585,322.123020810187,343.144147487522,0.512877497953412,0.505490137875975,0.495573878169518,0.490205924982174,0.0226715729712384
10.89,f27c2278f5bdb77b,256.438740178859,303.294224355116,322.122875052827,343.144160413197,0.512877480357719,0.505490373925194,0.495573653927426,0.490205943447425,0.0226715369102939
10.895,f27c2278f5bdb77b,256.43873112725,303.294366607418,322.122728822241,343.144173443091,0.5128774622545,0.505490611012363,0.495573428957295,0.490205962061558,0.0226715001929415
10.9,f27c2278f5bdb77b,256.438721823368,303.294509482515,322.122582118341,343.144186575777,0.512877443646736,0.505490849137525,0.495573203258985,0.490205980822538,0.0226714628241986
10.905,f27c2278f5bdb77b,256.438712269073,303.294652980614,322.122434940874,343.144199809439,0.512877424538146,0.505491088301023,0.495572976832114,0.49020599972777,0.0226714248103755
10.91,f27c2278f5bdb77b,256.438702466551,303.294797102082,322.12228728945,343.144213141918,0.512877404933101,0.50549132850347,0.495572749676076,0.490206018774168,0.0226713861589329
10.915,f27c2278f5bdb77b,256.438692418269,303.29494184742,322.122139163552,343.144226570759,0.512877384836538,0.5054915697457,0.495572521790081,0.490206037958226,0.0226713468783114
10.92,f27c2278f5bdb77b,256.438682126919,303.295087217235,322.121990562574,343.144240093272,0.512877364253838,0.505491812028725,0.49557229317319,0.490206057276103,0.0226713069777352
10.925,f27c2278f5bdb77b,256.438671595354,303.295233212208,322.121841485837,343.144253706601,0.512877343190709,0.50549205535368,0.495572063824364,0.490206076723715,0.0226712664669936
10.93,f27c2278f5bdb77b,256.438660826525,303.295379833059,322.121691932628,343.144267407788,0.51287732165305,0.505492299721764,0.495571833742505,0.49020609629684,0.0226712253562097
10.935,f27c2278f5bdb77b,256.438649823407,303.295527080513,322.121541902228,343.144281193852,0.512877299646815,0.505492545134188,0.495571602926505,0.490206115991217,0.0226711836555981
10.94,f27c2278f5bdb77b,256.438638588937,303.295674955264,322.121391393942,343.144295061857,0.512877277177873,0.505492791592107,0.495571371375296,0.490206135802653,0.0226711413752199
10.945,f27c2278f5bdb77b,256.438627125936,303.295823457941,322.121240407131,343.144309008992,0.512877254251871,0.505493039096568,0.495571139087895,0.490206155727131,0.0226710985247403
10.95,f27c2278f5bdb77b,256.43861543705,303.295972589073,322.121088941244,343.144323032633,0.512877230874101,0.505493287648455,0.495570906063452,0.490206175760904,0.0226710551131967
10.955,f27c2278f5bdb77b,256.438603524687,303.296122349058,322.12093699584,343.144337130415,0.512877207049374,0.505493537248429,0.495570672301293,0.490206195900593,0.0226710111487811
10.96,f27c2278f5bdb77b,256.438591390955,303.296272738135,322.120784570621,343.144351300288,0.512877182781911,0.505493787896892,0.495570437800956,0.490206216143268,0.0226709666386427
10.965,f27c2278f5bdb77b,256.438579037622,303.296423756363,322.120631665447,343.144365540568,0.512877158075244,0.505494039593939,0.495570202562226,0.490206236486525,0.0226709215887181
10.97,f27c2278f5bdb77b,256.438566466067,303.296575403596,322.120478280356,343.144379849981,0.512877132932135,0.505494292339326,0.495569966585163,0.490206256928544,0.0226708760035907
10.975,f27c2278f5bdb77b,256.438553677259,303.29672767947,322.120324415577,343.144394227694,0.512877107354518,0.50549454613245,0.495569729870118,0.490206277468134,0.0226708298863846
10.98,f27c2278f5bdb77b,256.438540671729,303.296880583398,322.12017007154,343.144408673334,0.512877081343458,0.505494800972329,0.495569492417754,0.490206298104762,0.0226707832386955
10.985,f27c2278f5bdb77b,256.438527449565,303.297034114559,322.120015248877,343.144423186999,0.512877054899129,0.505495056857598,0.495569254229042,0.49020631883857,0.0226707360605598
10.99,f27c2278f5bdb77b,256.438514010414,303.297188271907,322.119859948423,343.144437769255,0.512877028020829,0.505495313786512,0.495569015305267,0.490206339670364,0.022670688350465
10.995,f27c2278f5bdb77b,256.438500353498,303.297343054176,322.119704171207,343.144452421119,0.512877000706996,0.50549557175696,0.495568775648011,0.490206360601598,0.0226706401053982
11,f27c2278f5bdb77b,256.438486477634,303.297498459891,322.119547918441,343.144467144034,0.512876972955268,0.505495830766485,0.49556853525914,0.490206381634334,0.0226705913209335
11.005,f27c2278f5bdb77b,256.438472381273,303.297654487391,322.119391191504,343.144481939832,0.512876944762546,0.505496090812318,0.495568294140776,0.490206402771188,0.0226705419913574
11.01,f27c2278f5bdb77b,256.438458062543,303.297811134851,322.119233991922,343.144496810683,0.512876916125086,0.505496351891419,0.495568052295265,0.490206424015261,0.022670492109825
11.015,f27c2278f5bdb77b,256.438443519305,303.297968400309,322.119076321343,343.144511759043,0.51287688703861,0.505496614000515,0.495567809725143,0.490206445370061,0.0226704416685484
11.02,f27c2278f5bdb77b,256.438428749208,303.298126281697,322.118918181509,343.144526787586,0.512876857498416,0.505496877136162,0.495567566433091,0.490206466839408,0.0226703906590082
11.025,f27c2278f5bdb77b,256.438413749762,303.298284776876,322.118759574226,343.144541899136,0.512876827499523,0.505497141294793,0.495567322421887,0.490206488427338,0.0226703390721856
11.03,f27c2278f5bdb77b,256.4383985184,303.298443883671,322.118600501335,343.144557096594,0.512876797036799,0.505497406472784,0.495567077694362,0.490206510137992,0.0226702868988071
11.035,f27c2278f5bdb77b,256.438383052556,303.298603599908,322.118440964676,343.14457238286,0.512876766105113,0.505497672666513,0.495566832253348,0.490206531975514,0.0226702341295986
11.04,f27c2278f5bdb77b,256.438367349737,303.298763923452,322.118280966056,343.144587760755,0.512876734699474,0.505497939872419,0.495566586101625,0.490206553943936,0.0226701807555382
11.045,f27c2278f5bdb77b,256.438351407589,303.29892485224,322.11812050722,343.144603232951,0.512876702815179,0.505498208087066,0.495566339241877,0.490206576047073,0.0226701267681058
11.05,f27c2278f5bdb77b,256.43833522397,303.299086384318,322.117959589817,343.144618801895,0.512876670447941,0.505498477307196,0.495566091676641,0.490206598288422,0.0226700721595193
11.055,f27c2278f5bdb77b,256.43831879701,303.29924851787,322.117798215374,343.144634469746,0.51287663759402,0.505498747529784,0.495565843408267,0.490206620671066,0.0226700169229536
11.06,f27c2278f5bdb77b,256.438302125165,303.299411251249,322.117636385271,343.144650238315,0.51287660425033,0.505499018752081,0.495565594438879,0.490206643197593,0.0226699610527365
11.065,f27c2278f5bdb77b,256.438285207268,303.299574582995,322.117474100721,343.144666109015,0.512876570414537,0.505499290971659,0.49556534477034,0.490206665870022,0.0226699045445151
11.07,f27c2278f5bdb77b,256.438268042568,303.299738511861,322.117311362749,343.144682082822,0.512876536085135,0.505499564186435,0.49556509440423,0.490206688689745,0.0226698473953898
11.075,f27c2278f5bdb77b,256.438250630751,303.29990303682,322.117148172187,343.144698160243,0.512876501261501,0.505499838394699,0.495564843341826,0.49020671165749,0.0226697896040114
11.08,f27c2278f5bdb77b,256.438232971965,303.300068157075,322.116984529658,343.144714341303,0.512876465943929,0.505500113595124,0.49556459158409,0.490206734773289,0.0226697311706396
11.085,f27c2278f5bdb77b,256.43821506682,303.300233872061,322.116820435583,343.144730625536,0.51287643013364,0.505500389786769,0.495564339131666,0.49020675803648,0.02266967209716
11.09,f27c2278f5bdb77b,256.438196916384,303.300400181443,322.116655890178,343.144747011995,0.512876393832768,0.505500666969072,0.495564085984889,0.490206781445707,0.0226696123870607
11.095,f27c2278f5bdb77b,256.438178522162,303.3005670851,322.116490893466,343.144763499271,0.512876357044325,0.505500945141834,0.495563832143794,0.490206804998959,0.0226695520453661
11.1,f27c2278f5bdb77b,256.43815988607,303.300734583114,322.116325445291,343.144780085525,0.512876319772141,0.50550122430519,0.49556357760814,0.490206828693606,0.0226694910785343
11.105,f27c2278f5bdb77b,256.438141010391,303.300902675746,322.116159545335,343.144796768528,0.512876282020783,0.505501504459576,0.495563322377438,0.490206852526468,0.0226694294943142
11.11,f27c2278f5bdb77b,256.438121897728,303.301071363412,322.115993193141,343.144813545719,0.512876243795456,0.505501785605687,0.495563066450986,0.490206876493884,0.0226693673015716
11.115,f27c2278f5bdb77b,256.438102550944,303.301240646653,322.115826388141,343.144830414262,0.512876205101888,0.505502067744422,0.495562809827909,0.490206900591803,0.0226693045100851
11.12,f27c2278f5bdb77b,256.4380829731,303.301410526099,322.115659129684,343.144847371117,0.5128761659462,0.505502350876832,0.495562552507206,0.490206924815881,0.0226692411303185
11.125,f27c2278f5bdb77b,256.438063167382,303.301581002436,322.115491417069,343.144864413113,0.512876126334765,0.50550263500406,0.495562294487798,0.49020694916159,0.0226691771731742
11.13,f27c2278f5bdb77b,256.43804313703,303.301752076366,322.115323249576,343.144881537028,0.512876086274061,0.505502920127276,0.495562035768579,0.490206973624325,0.0226691126497354
11.135,f27c2278f5bdb77b,256.438022885261,303.301923748569,322.115154626506,343.144898739664,0.512876045770522,0.505503206247616,0.49556177634847,0.49020699819952,0.022669047571002
11.14,f27c2278f5bdb77b,256.438002415194,303.30209601967,322.114985547205,343.144916017932,0.512876004830388,0.505503493366116,0.495561516226469,0.490207022882759,0.0226689819476284
11.145,f27c2278f5bdb77b,256.437981729779,303.302268890192,322.114816011106,343.144933368923,0.512875963459558,0.505503781483654,0.495561255401702,0.490207047669889,0.0226689157896688
11.15,f27c2278f5bdb77b,256.437960831728,303.302442360534,322.114646017755,343.144950789984,0.512875921663456,0.505504070600889,0.495560993873469,0.49020707255712,0.0226688491063367
11.155,f27c2278f5bdb77b,256.437939723452,303.302616430928,322.114475566838,343.144968278782,0.512875879446903,0.505504360718213,0.49556073164129,0.490207097541118,0.0226687819057854
11.16,f27c2278f5bdb77b,256.437918407004,303.30279110142,322.114304658211,343.144985833365,0.512875836814008,0.5055046518357,0.49556046870494,0.490207122619093,0.0226687141949155
11.165,f27c2278f5bdb77b,256.437896884038,303.302966371844,322.114133291914,343.145003452205,0.512875793768075,0.505504943953073,0.495560205064483,0.490207147788864,0.0226686459792115
11.17,f27c2278f5bdb77b,256.437875155766,303.303142241804,322.11396146819,343.14502113424,0.512875750311532,0.505505237069673,0.495559940720292,0.490207173048915,0.0226685772626173
11.175,f27c2278f5bdb77b,256.437853222939,303.303318710663,322.113789187496,343.145038878902,0.512875706445878,0.505505531184438,0.495559675673072,0.490207198398431,0.0226685080474474
11.18,f27c2278f5bdb77b,256.437831085831,303.303495777536,322.11361645051,343.145056686124,0.512875662171661,0.505505826295893,0.495559409923861,0.49020722383732,0.0226684383343415
11.185,f27c2278f5bdb77b,256.437808744235,303.303673441293,322.113443258125,343.145074556346,0.512875617488471,0.505506122402155,0.495559143474038,0.490207249366209,0.0226683681222618
11.19,f27c2278f5bdb77b,256.437786197482,303.303851700564,322.11326961145,343.145092490504,0.512875572394965,0.50550641950094,0.495558876325308,0.490207274986434,0.0226682974085313
11.195,f27c2278f5bdb77b,256.437763444457,303.30403055375,322.113095511796,343.145110489998,0.512875526888913,0.505506717589583,0.495558608479685,0.490207300699997,0.0226682261889167
11.2,f27c2278f5bdb77b,256.437740483634,303.304209999045,322.112920960658,343.145128556663,0.512875480967268,0.505507016665075,0.495558339939474,0.490207326509518,0.0226681544577499
11.205,f27c2278f5bdb77b,256.437717313127,303.304390034457,322.1127459597,343.145146692717,0.512875434626253,0.505507316724094,0.495558070707231,0.490207352418167,0.0226680822080867
11.21,f27c2278f5bdb77b,256.437693930738,303.304570657837,322.112570510723,343.145164900703,0.512875387861475,0.505507617763062,0.495557800785727,0.490207378429575,0.0226680094318997
11.215,f27c2278f5bdb77b,256.437670334023,303.304751866913,322.11239461564,343.145183183423,0.512875340668047,0.505507919778189,0.495557530177908,0.490207404547747,0.0226679361202992
11.22,f27c2278f5bdb77b,256.437646520364,303.304933659325,322.112218276445,343.145201543866,0.512875293040727,0.505508222765542,0.495557258886838,0.490207430776952,0.0226678622637757
11.225,f27c2278f5bdb77b,256.437622487036,303.305116032662,322.112041495176,343.145219985127,0.512875244974072,0.505508526721103,0.495556986915655,0.490207457121609,0.0226677878524624
11.23,f27c2278f5bdb77b,256.437598231291,303.305298984501,322.111864273883,343.145238510325,0.512875196462583,0.505508831640834,0.495556714267513,0.490207483586178,0.0226677128764046
11.235,f27c2278f5bdb77b,256.437573750435,303.305482512449,322.111686614592,343.145257122524,0.512875147500869,0.505509137520749,0.495556440945526,0.490207510175034,0.0226676373258348
11.24,f27c2278f5bdb77b,256.437549041899,303.305666614183,322.111508519268,343.14527582465,0.512875098083799,0.505509444356971,0.495556166952721,0.490207536892357,0.022667561191442
11.245,f27c2278f5bdb77b,256.437524103323,303.305851287481,322.111329989786,343.14529461941,0.512875048206647,0.505509752145802,0.495555892291979,0.490207563742014,0.0226674844646333
11.25,f27c2278f5bdb77b,256.437498932618,303.306036530264,322.111151027895,343.145313509223,0.512874997865236,0.505510060883774,0.495555616965992,0.490207590727461,0.0226674071377754
11.255,f27c2278f5bdb77b,256.43747352803,303.306222340624,322.110971635193,343.145332496152,0.51287494705606,0.505510370567707,0.49555534097722,0.490207617851646,0.0226673292044138
11.26,f27c2278f5bdb77b,256.437447888196,303.30640871685,322.110791813104,343.14535158185,0.512874895776392,0.505510681194751,0.495555064327852,0.490207645116928,0.0226672506594638
11.265,f27c2278f5bdb77b,256.437422012187,303.306595657452,322.110611562854,343.145370767507,0.512874844024375,0.50551099276242,0.495554787019775,0.49020767252501,0.0226671714993653
11.27,f27c2278f5bdb77b,256.437395899544,303.306783161175,322.11043088546,343.145390053821,0.512874791799087,0.505511305268626,0.495554509054554,0.490207700076887,0.0226670917222005
11.275,f27c2278f5bdb77b,256.437369550295,303.306971227012,322.110249781721,343.145409440973,0.512874739100589,0.505511618711687,0.495554230433416,0.490207727772818,0.0226670113277709
11.28,f27c2278f5bdb77b,256.437342964969,303.307159854204,322.11006825221,343.145428928617,0.512874685929938,0.50551193309034,0.495553951157246,0.490207755612309,0.0226669303176288
11.285,f27c2278f5bdb77b,256.437316144593,303.307349042241,322.109886297282,343.145448515884,0.512874632289186,0.505512248403736,0.495553671226588,0.49020778359412,0.022666848695066
11.29,f27c2278f5bdb77b,256.437289090671,303.307538790852,322.109703917077,343.1454682014,0.512874578181343,0.505512564651419,0.495553390641657,0.490207811716285,0.0226667664650572
11.295,f27c2278f5bdb77b,256.437261805163,303.307729099986,322.109521111536,343.145487983315,0.512874523610325,0.50551288183331,0.495553109402363,0.490207839976165,0.0226666836341607
11.3,f27c2278f5bdb77b,256.437234290437,303.307919969798,322.109337880418,343.145507859347,0.512874468580874,0.505513199949663,0.495552827508335,0.490207868370496,0.0226666002103784
11.305,f27c2278f5bdb77b,256.437206549227,303.308111400616,322.109154223325,343.145527826833,0.512874413098453,0.505513519001026,0.495552544958961,0.490207896895476,0.0226665162029779
11.31,f27c2278f5bdb77b,256.437178584566,303.308303392913,322.108970139727,343.145547882794,0.512874357169131,0.505513838988188,0.495552261753427,0.490207925546849,0.0226664316222822
11.315,f27c2278f5bdb77b,256.437150399722,303.308495947271,322.108785628997,343.145568024009,0.512874300799445,0.505514159912119,0.495551977890765,0.490207954320013,0.0226663464794317
11.32,f27c2278f5bdb77b,256.437121998125,303.308689064346,322.108600690441,343.145588247088,0.51287424399625,0.505514481773909,0.49555169336991,0.490207983210126,0.0226662607861244
11.325,f27c2278f5bdb77b,256.437093383284,303.308882744821,322.108415323336,343.145608548559,0.512874186766568,0.505514804574702,0.495551408189747,0.490208012212228,0.0226661745543403
11.33,f27c2278f5bdb77b,256.43706455871,303.309076989373,322.108229526963,343.145628924953,0.512874129117421,0.505515128315622,0.495551122349175,0.490208041321361,0.0226660877960594
11.335,f27c2278f5bdb77b,256.437035527836,303.309271798627,322.108043300651,343.145649372887,0.512874071055671,0.505515452997711,0.495550835847156,0.490208070532695,0.0226660005229762
11.34,f27c2278f5bdb77b,256.437006293932,303.309467173115,322.107856643804,343.145669889148,0.512874012587864,0.505515778621859,0.495550548682776,0.490208099841641,0.022665912746223
11.345,f27c2278f5bdb77b,256.436976860036,303.309663113244,322.107669555942,343.145690470777,0.512873953720072,0.50551610518874,0.495550260855296,0.490208129243968,0.0226658244761047
11.35,f27c2278f5bdb77b,256.436947228882,303.309859619254,322.107482036728,343.145711115136,0.512873894457763,0.505516432698757,0.495549972364196,0.490208158735909,0.0226657357218546
11.355,f27c2278f5bdb77b,256.436917402835,303.310056691192,322.107294085996,343.145731819977,0.512873834805669,0.505516761151987,0.495549683209225,0.490208188314252,0.0226656464914167
11.36,f27c2278f5bdb77b,256.436887383841,303.310254328884,322.107105703779,343.145752583496,0.512873774767683,0.50551709054814,0.49554939339043,0.490208217976422,0.0226655567912604
11.365,f27c2278f5bdb77b,256.436857173386,303.310452531912,322.106916890322,343.145773404379,0.512873714346773,0.505517420886521,0.495549102908187,0.490208247720542,0.0226654666262312
11.37,f27c2278f5bdb77b,256.436826772461,303.310651299606,322.106727646098,343.145794281835,0.512873653544922,0.50551775216601,0.495548811763227,0.490208277545478,0.022665375999444
11.375,f27c2278f5bdb77b,256.436796181546,303.310850631028,322.106537971815,343.145815215611,0.512873592363091,0.505518084385047,0.495548519956638,0.490208307450873,0.0226652849122184
11.38,f27c2278f5bdb77b,256.436765400603,303.311050524976,322.10634786842,343.145836206001,0.512873530801206,0.505518417541626,0.495548227489877,0.490208337437145,0.0226651933640616
11.385,f27c2278f5bdb77b,256.436734429088,303.311250979984,322.106157337091,343.145857253836,0.512873468858177,0.505518751633307,0.495547934364756,0.49020836750548,0.0226651013526967
11.39,f27c2278f5bdb77b,256.436703265969,303.31145199434,322.10596637923,343.145878360461,0.512873406531937,0.505519086657234,0.495547640583431,0.490208397657801,0.0226650088741356
11.395,f27c2278f5bdb77b,256.436671909756,303.311653566098,322.105774996446,343.1458995277,0.512873343819512,0.505519422610164,0.495547346148378,0.490208427896714,0.0226649159227982
11.4,f27c2278f5bdb77b,256.436640358555,303.311855693106,322.105583190531,343.145920757807,0.51287328071711,0.50551975948851,0.495547051062356,0.490208458225439,0.0226648224916715
11.405,f27c2278f5bdb77b,256.436608610117,303.312058373033,322.105390963442,343.145942053409,0.512873217220233,0.505520097288388,0.495546755328372,0.490208488647727,0.022664728572506
11.41,f27c2278f5bdb77b,256.436576661904,303.312261603402,322.105198317261,343.145963417434,0.512873153323807,0.505520436005669,0.495546458949632,0.490208519167763,0.0226646341560445
11.415,f27c2278f5bdb77b,256.436544511165,303.312465381631,322.105005254169,343.145984853036,0.51287308902233,0.505520775636051,0.495546161929491,0.490208549790051,0.0226645392322787
11.42,f27c2278f5bdb77b,256.436512155012,303.31266970507,322.104811776407,343.14600636351,0.512873024310024,0.505521116175117,0.495545864271396,0.4902085805193,0.0226644437907237
11.425,f27c2278f5bdb77b,256.436479590504,303.312874571046,322.10461788624,343.14602795221,0.512872959181008,0.50552145761841,0.495545565978831,0.490208611360299,0.0226643478207087
11.43,f27c2278f5bdb77b,256.43644681473,303.313079976901,322.104423585917,343.146049622452,0.512872893629459,0.505521799961502,0.495545267055257,0.490208642317788,0.0226642513116712
11.435,f27c2278f5bdb77b,256.436413824892,303.313285920042,322.104228877633,343.146071377433,0.512872827649784,0.505522143200069,0.495544967504052,0.490208673396333,0.0226641542534507
11.44,f27c2278f5bdb77b,256.436380618389,303.313492397972,322.104033763496,343.146093220143,0.512872761236779,0.505522487329953,0.495544667328455,0.490208704600205,0.0226640566365741
11.445,f27c2278f5bdb77b,256.436347192892,303.313699408338,322.103838245486,343.146115153284,0.512872694385785,0.50552283234723,0.495544366531517,0.490208735933262,0.0226639584525223
11.45,f27c2278f5bdb77b,256.436313546414,303.313906948961,322.10364232543,343.146137179195,0.512872627092827,0.505523178248268,0.495544065116047,0.49020876739885,0.0226638596939768
11.455,f27c2278f5bdb77b,256.436279677369,303.314115017866,322.103446004973,343.146159299792,0.512872559354737,0.505523525029776,0.495543763084574,0.490208798999703,0.0226637603550338
11.46,f27c2278f5bdb77b,256.436245584628,303.314323613309,322.103249285552,343.146181516511,0.512872491169257,0.505523872688849,0.49554346043931,0.490208830737872,0.0226636604313844
11.465,f27c2278f5bdb77b,256.436211267558,303.314532733798,322.103052168381,343.146203830263,0.512872422535116,0.505524221222996,0.495543157182124,0.490208862614662,0.0226635599204548
11.47,f27c2278f5bdb77b,256.436176726047,303.3147423781,322.10285465444,343.146226241413,0.512872353452093,0.505524570630167,0.495542853314523,0.49020889463059,0.0226634588215027
11.475,f27c2278f5bdb77b,256.436141960519,303.314952545255,322.102656744467,343.146248749759,0.512872283921037,0.505524920908759,0.495542548837641,0.49020892678537,0.0226633571356668
11.48,f27c2278f5bdb77b,256.436106971937,303.31516323457,322.10245843896,343.146271354533,0.512872213943874,0.505525272057616,0.495542243752246,0.490208959077905,0.0226632548659697
11.485,f27c2278f5bdb77b,256.43607176179,303.315374445612,322.102259738183,343.146294054416,0.51287214352358,0.505525624076019,0.495541938058743,0.490208991506308,0.0226631520172714
11.49,f27c2278f5bdb77b,256.436036332063,303.315586178195,322.102060642177,343.146316847564,0.512872072664126,0.505525976963658,0.495541631757196,0.490209024067949,0.022663048596177
11.495,f27c2278f5bdb77b,256.436000685202,303.31579843236,322.101861150784,343.146339731654,0.512872001370405,0.505526330720599,0.49554132484736,0.490209056759506,0.022662944610899
11.5,f27c2278f5bdb77b,256.435964824062,303.316011208345,322.101661263662,343.146362703932,0.512871929648123,0.505526685347241,0.49554101732871,0.490209089577046,0.0226628400710772
11.505,f27c2278f5bdb77b,256.435928751841,303.316224506555,322.101460980321,343.146385761283,0.512871857503682,0.505527040844259,0.495540709200493,0.490209122516118,0.0226627349875636
11.51,f27c2278f5bdb77b,256.435892472017,303.316438327528,322.101260300152,343.146408900302,0.512871784944035,0.505527397212547,0.495540400461773,0.490209155571861,0.022662629372174
11.515,f27c2278f5bdb77b,256.435855988265,303.316652671888,322.101059222465,343.146432117381,0.51287171197653,0.505527754453147,0.495540091111485,0.490209188739116,0.0226625232374141
11.52,f27c2278f5bdb77b,256.435819304373,303.31686754031,322.100857746525,343.146455408791,0.512871638608747,0.505528112567184,0.4955397811485,0.490209222012559,0.022662416596188
11.525,f27c2278f5bdb77b,256.43578242416,303.317082933472,322.10065587159,343.146478770778,0.51287156484832,0.505528471555786,0.495539470571677,0.490209255386826,0.0226623094614948
11.53,f27c2278f5bdb77b,256.435745351384,303.317298852009,322.100453596956,343.146502199652,0.512871490702767,0.505528831420014,0.495539159379932,0.490209288856645,0.0226622018461221
11.535,f27c2278f5bdb77b,256.435708089656,303.317515296474,322.100250921991,343.146525691879,0.512871416179312,0.50552919216079,0.495538847572294,0.49020932241697,0.0226620937623423
11.54,f27c2278f5bdb77b,256.435670642362,303.317732267293,322.100047846175,343.14654924417,0.512871341284725,0.505529553778821,0.495538535147961,0.4902093560631,0.0226619852216243
11.545,f27c2278f5bdb77b,256.43563301258,303.317949764727,322.099844369133,343.14657285356,0.51287126602516,0.505529916274546,0.495538222106358,0.490209389790799,0.0226618762343608
11.55,f27c2278f5bdb77b,256.435595203012,303.318167788839,322.09964049067,343.146596517479,0.512871190406024,0.505530279648065,0.495537908447184,0.490209423596399,0.0226617668096249
11.555,f27c2278f5bdb77b,256.435557215924,303.31838633946,322.099436210792,343.146620233824,0.512871114431849,0.5055306438991,0.495537594170449,0.490209457476891,0.0226616569549581
11.56,f27c2278f5bdb77b,256.435519053098,303.318605416169,322.099231529734,343.146644000999,0.512871038106196,0.505531009026948,0.495537279276514,0.490209491429998,0.0226615466761979
11.565,f27c2278f5bdb77b,256.435480715791,303.318825018272,322.099026447973,343.146667817964,0.512870961431581,0.505531375030454,0.495536963766112,0.490209525454235,0.0226614359773468
11.57,f27c2278f5bdb77b,256.435442204713,303.319045144795,322.098820966236,343.146691684256,0.512870884409426,0.505531741907992,0.495536647640364,0.490209559548937,0.0226613248604888
11.575,f27c2278f5bdb77b,256.435403520018,303.319265794474,322.098615085511,343.146715599997,0.512870807040036,0.505532109657457,0.495536330900786,0.490209593714281,0.0226612133257553
11.58,f27c2278f5bdb77b,256.435364661307,303.319486965765,322.098408807034,343.146739565893,0.512870729322615,0.505532478276275,0.495536013549284,0.490209627951276,0.0226611013713384
11.585,f27c2278f5bdb77b,256.435325627646,303.319708656848,322.098202132292,343.146763583215,0.512870651255292,0.505532847761412,0.495535695588141,0.490209662261735,0.022660988993557
11.59,f27c2278f5bdb77b,256.435286417598,303.319930865647,322.097995062995,343.146787653759,0.512870572835196,0.505533218109412,0.495535377019993,0.490209696648227,0.0226608761869685
11.595,f27c2278f5bdb77b,256.435247029268,303.320153589858,322.097787601067,343.146811779807,0.512870494058537,0.50553358931643,0.495535057847795,0.49020973111401,0.0226607629445272
11.6,f27c2278f5bdb77b,256.435207460362,303.32037682697,322.097579748609,343.146835964058,0.512870414920725,0.505533961378283,0.495534738074784,0.49020976566294,0.0226606492577845
11.605,f27c2278f5bdb77b,256.435167708252,303.320600574307,322.097371507876,343.146860209565,0.512870335416504,0.505534334290512,0.495534417704425,0.490209800299379,0.0226605351171251
11.61,f27c2278f5bdb77b,256.435127770051,303.320824829066,322.097162881236,343.146884519648,0.512870255540102,0.505534708048443,0.495534096740363,0.490209835028068,0.0226604205120339
11.615,f27c2278f5bdb77b,256.435087642701,303.321049588356,322.096953871134,343.146908897809,0.512870175285402,0.505535082647259,0.49553377518636,0.490209869854013,0.0226603054313886
11.62,f27c2278f5bdb77b,256.435047323056,303.321274849247,322.096744480054,343.146933347643,0.512870094646113,0.505535458082078,0.495533453046238,0.490209904782347,0.0226601898637659
11.625,f27c2278f5bdb77b,256.435006807976,303.321500608814,322.096534710475,343.146957872734,0.512870013615953,0.505535834348024,0.495533130323808,0.490209939818192,0.0226600737977606
11.63,f27c2278f5bdb77b,256.434966094415,303.321726864185,322.096324564829,343.14698247657,0.512869932188831,0.505536211440309,0.495532807022814,0.490209974966529,0.0226599572223015
11.635,f27c2278f5bdb77b,256.434925179512,303.321953612582,322.096114045464,343.147007162442,0.512869850359024,0.505536589354303,0.495532483146868,0.49021001023206,0.0226598401269634
11.64,f27c2278f5bdb77b,256.434884060673,303.322180851365,322.095903154604,343.147031933358,0.512869768121345,0.505536968085609,0.49553215869939,0.490210045619083,0.0226597225022617
11.645,f27c2278f5bdb77b,256.43484273565,303.322408578075,322.095691894313,343.147056791962,0.5128696854713,0.505537347630125,0.495531833683558,0.490210081131375,0.0226596043399252
11.65,f27c2278f5bdb77b,256.434801202613,303.32263679046,322.095480266466,343.147081740461,0.512869602405226,0.5055377279841,0.495531508102256,0.490210116772087,0.0226594856331386
11.655,f27c2278f5bdb77b,256.434759460204,303.322865486512,322.095268272723,343.147106780561,0.512869518920408,0.505538109144187,0.495531181958036,0.490210152543658,0.0226593663767492
11.66,f27c2278f5bdb77b,256.434717507588,303.323094664486,322.095055914506,343.14713191342,0.512869435015175,0.505538491107477,0.495530855253086,0.490210188447743,0.0226592465674317
11.665,f27c2278f5bdb77b,256.434675344484,303.323324322916,322.094843192985,343.147157139614,0.512869350688969,0.505538873871527,0.495530527989208,0.490210224485162,0.0226591262038065
11.67,f27c2278f5bdb77b,256.434632971191,303.323554460628,322.094630109072,343.14718245911,0.512869265942382,0.505539257434379,0.495530200167803,0.490210260655871,0.0226590052865107
11.675,f27c2278f5bdb77b,256.434590388584,303.323785076734,322.094416663415,343.147207871267,0.512869180777168,0.505539641794556,0.495529871789869,0.490210296958953,0.0226588838182152
11.68,f27c2278f5bdb77b,256.434547598114,303.324016170634,322.094202856408,343.147233374844,0.512869095196227,0.505540026951056,0.495529542856013,0.490210333392634,0.022658761803593
11.685,f27c2278f5bdb77b,256.434504601777,303.324247741999,322.093988688199,343.147258968025,0.512869009203554,0.505540412903331,0.495529213366461,0.490210369954321,0.0226586392492332
11.69,f27c2278f5bdb77b,256.434461402081,303.32447979075,322.093774158711,343.147284648457,0.512868922804162,0.50554079965125,0.495528883321094,0.490210406640654,0.0226585161635086
11.695,f27c2278f5bdb77b,256.434418001992,303.324712317034,322.093559267663,343.147310413311,0.512868836003983,0.505541187195057,0.495528552719481,0.490210443447588,0.0226583925563955
11.7,f27c2278f5bdb77b,256.43437440487,303.324945321187,322.093344014601,343.147336259341,0.51286874880974,0.505541575535312,0.495528221560925,0.490210480370488,0.0226582684392528
11.705,f27c2278f5bdb77b,256.4343306144,303.3251788037,322.093128398934,343.147362182965,0.5128686612288,0.505541964672834,0.495527889844514,0.490210517404236,0.0226581438245643
11.71,f27c2278f5bdb77b,256.434286634505,303.325412765176,322.092912419968,343.147388180351,0.512868573269011,0.505542354608627,0.495527557569181,0.490210554543358,0.0226580187256527
11.715,f27c2278f5bdb77b,256.434242469262,303.325647206282,322.092696076948,343.147414247508,0.512868484938524,0.505542745343803,0.495527224733766,0.490210591782155,0.0226578931563692
11.72,f27c2278f5bdb77b,256.434198122805,303.325882127706,322.092479369101,343.147440380388,0.512868396245611,0.505543136879509,0.495526891337078,0.49021062911484,0.0226577671307704
11.725,f27c2278f5bdb77b,256.434153599236,303.326117530106,322.092262295679,343.147466574979,0.512868307198472,0.505543529216843,0.495526557377968,0.490210666535684,0.0226576406627877
11.73,f27c2278f5bdb77b,256.434108902526,303.326353414065,322.092044856002,343.147492827407,0.512868217805052,0.505543922356776,0.495526222855387,0.490210704039153,0.0226575137658986
11.735,f27c2278f5bdb77b,256.434064036428,303.326589780045,322.091827049496,343.147519134032,0.512868128072855,0.505544316300075,0.495525887768455,0.490210741620046,0.0226573864528092
11.74,f27c2278f5bdb77b,256.434019004389,303.32682662834,322.091608875735,343.147545491536,0.512868038008777,0.505544711047234,0.495525552116516,0.490210779273622,0.022657258735155
11.745,f27c2278f5bdb77b,256.433973809474,303.327063959045,322.091390334477,343.147571897004,0.512867947618948,0.505545106598408,0.495525215899195,0.490210816995721,0.0226571306232273
11.75,f27c2278f5bdb77b,256.433928454296,303.327301772013,322.09117142569,343.147598348001,0.512867856908593,0.505545502953355,0.495524879116445,0.490210854782858,0.0226570021257342
11.755,f27c2278f5bdb77b,256.43388294096,303.327540066835,322.09095214958,343.147624842624,0.51286776588192,0.505545900111392,0.495524541768585,0.49021089263232,0.0226568732495997
11.76,f27c2278f5bdb77b,256.433837271016,303.327778842815,322.090732506614,343.147651379556,0.512867674542032,0.505546298071358,0.495524203856329,0.490210930542223,0.0226567439998091
11.765,f27c2278f5bdb77b,256.433791445431,303.328018098952,322.090512497525,343.147677958092,0.512867582890862,0.505546696831587,0.495523865380807,0.49021096851156,0.0226566143793026
11.77,f27c2278f5bdb77b,256.433745464574,303.328257833942,322.090292123325,343.147704578159,0.512867490929148,0.505547096389903,0.495523526343577,0.490211006540227,0.0226564843889211
11.775,f27c2278f5bdb77b,256.433699328213,303.328498046171,322.090071385302,343.147731240315,0.512867398656426,0.505547496743618,0.495523186746618,0.490211044629021,0.0226563540274047
11.78,f27c2278f5bdb77b,256.433653035532,303.328738733727,322.089850285011,343.147757945731,0.512867306071063,0.505547897889544,0.495522846592324,0.490211082779616,0.0226562232914473
11.785,f27c2278f5bdb77b,256.433606585159,303.328979894417,322.089628824261,343.147784696163,0.512867213170318,0.505548299824028,0.495522505883479,0.490211120994518,0.0226560921757999
11.79,f27c2278f5bdb77b,256.433559975215,303.32922152579,322.089407005095,343.147811493901,0.512867119950429,0.505548702542983,0.495522164623222,0.490211159277001,0.0226559606734277
11.795,f27c2278f5bdb77b,256.433513203364,303.329463625166,322.089184829758,343.147838341712,0.512867026406729,0.505549106041943,0.495521822815012,0.490211197631017,0.0226558287757114
11.8,f27c2278f5bdb77b,256.433466266892,303.329706189673,322.088962300671,343.147865242765,0.512866932533783,0.505549510316121,0.495521480462571,0.490211236061092,0.0226556964726907
11.805,f27c2278f5bdb77b,256.433419162776,303.329949216287,322.08873942039,343.147892200547,0.512866838325551,0.505549915360479,0.495521137569831,0.49021127457221,0.0226555637533418
11.81,f27c2278f5bdb77b,256.43337188778,303.33019270188,322.088516191568,343.147919218772,0.51286674377556,0.5055503211698,0.495520794140873,0.490211313169674,0.0226554306058856
11.815,f27c2278f5bdb77b,256.433324438545,303.330436643263,322.088292616908,343.147946301284,0.51286664887709,0.505550727738772,0.495520450179858,0.490211351858977,0.0226552970181134
11.82,f27c2278f5bdb77b,256.433276811686,303.330681037239,322.088068699124,343.147973451951,0.512866553623372,0.505551135062064,0.49552010569096,0.490211390645644,0.0226551629777279
11.825,f27c2278f5bdb77b,256.43322900389,303.33092588065,322.087844440893,343.148000674567,0.512866458007781,0.505551543134416,0.495519760678298,0.490211429535095,0.0226550284726853
11.83,f27c2278f5bdb77b,256.433181012014,303.331171170428,322.087619844812,343.148027972746,0.512866362024028,0.505551951950713,0.495519415145865,0.490211468532494,0.0226548934915334
11.835,f27c2278f5bdb77b,256.433132833175,303.33141690364,322.087394913355,343.148055349829,0.512866265666351,0.505552361506067,0.49551906909747,0.490211507642613,0.0226547580237373
11.84,f27c2278f5bdb77b,256.433084464841,303.331663077533,322.087169648835,343.148082808791,0.512866168929681,0.505552771795889,0.49551872253667,0.490211546869701,0.0226546220599801
11.845,f27c2278f5bdb77b,256.433035904902,303.33190968957,322.08694405337,343.148110352158,0.512866071809805,0.50555318281595,0.495518375466722,0.490211586217369,0.0226544855924359
11.85,f27c2278f5bdb77b,256.432987151746,303.332156737465,322.086718128848,343.148137981941,0.512865974303492,0.505553594562441,0.495518027890536,0.490211625688487,0.0226543486150052
11.855,f27c2278f5bdb77b,256.432938204306,303.332404219209,322.086491876912,343.148165699573,0.512865876408612,0.505554007032014,0.495517679810634,0.490211665285105,0.0226542111235071
11.86,f27c2278f5bdb77b,256.432889062105,303.332652133091,322.086265298933,343.148193505871,0.512865778124211,0.505554420221818,0.495517331229127,0.490211705008387,0.0226540731158235
11.865,f27c2278f5bdb77b,256.432839725284,303.33290047771,322.086038396002,343.148221401005,0.512865679450568,0.505554834129516,0.495516982147695,0.490211744858578,0.0226539345919901
11.87,f27c2278f5bdb77b,256.432790194609,303.333149251977,322.085811168928,343.148249384486,0.512865580389217,0.505555248753295,0.495516632567582,0.490211784834981,0.0226537955542365
11.875,f27c2278f5bdb77b,256.432740471467,303.333398455114,322.085583618241,343.148277455178,0.512865480942933,0.505555664091857,0.495516282489601,0.490211824935969,0.0226536560069642
11.88,f27c2278f5bdb77b,256.432690557847,303.333648086642,322.085355744198,343.148305611313,0.512865381115694,0.505556080144403,0.495515931914151,0.490211865159018,0.0226535159566754
11.885,f27c2278f5bdb77b,256.432640456302,303.333898146358,322.085127546808,343.148333850531,0.512865280912603,0.505556496910597,0.495515580841244,0.490211905500759,0.0226533754118442
11.89,f27c2278f5bdb77b,256.432590169897,303.334148634314,322.08489902585,343.148362169939,0.512865180339794,0.505556914390523,0.495515229270539,0.490211945957056,0.0226532343827383
11.895,f27c2278f5bdb77b,256.432539702147,303.334399550776,322.084670180906,343.148390566171,0.512865079404295,0.505557332584627,0.495514877201394,0.490211986523101,0.0226530928811939
11.9,f27c2278f5bdb77b,256.43248905694,303.334650896193,322.084441011396,343.148419035471,0.51286497811388,0.505557751493654,0.495514524632917,0.49021202719353,0.02265295092035
11.905,f27c2278f5bdb77b,256.43243823845,303.334902671146,322.084211516617,343.148447573787,0.512864876476901,0.505558171118577,0.495514171564026,0.490212067962552,0.0226528085143485
11.91,f27c2278f5bdb77b,256.432387251047,303.335154876305,322.083981695788,343.14847617686,0.512864774502094,0.505558591460509,0.495513817993519,0.490212108824086,0.0226526656780078
11.915,f27c2278f5bdb77b,256.432336099193,303.335407512378,322.083751548092,343.148504840337,0.512864672198387,0.505559012520629,0.495513463920142,0.49021214977191,0.0226525224264764
11.92,f27c2278f5bdb77b,256.432284787348,303.335660580055,322.083521072727,343.148533559871,0.512864569574696,0.505559434300091,0.495513109342657,0.490212190799815,0.0226523787748804
11.925,f27c2278f5bdb77b,256.43223331986,303.335914079963,322.083290268948,343.148562331229,0.51286446663972,0.505559856799938,0.49551275425992,0.490212231901755,0.0226522347379647
11.93,f27c2278f5bdb77b,256.432181700873,303.336168012614,322.083059136115,343.148591150398,0.512864363401747,0.505560280021023,0.495512398670946,0.490212273071997,0.0226520903297497
11.935,f27c2278f5bdb77b,256.432129934229,303.336422378355,322.082827673734,343.148620013682,0.512864259868459,0.505560703963924,0.495512042574975,0.49021231430526,0.0226519455631986
11.94,f27c2278f5bdb77b,256.432078023381,303.336677177328,322.082595881497,343.148648917794,0.512864156046763,0.50556112862888,0.495511685971533,0.490212355596849,0.0226518004499144
11.945,f27c2278f5bdb77b,256.432025971318,303.33693240943,322.082363759317,343.148677859935,0.512864051942635,0.505561554015717,0.495511328860488,0.490212396942765,0.0226516549998701
11.95,f27c2278f5bdb77b,256.431973780494,303.337188074282,322.082131307357,343.148706837867,0.512863947560988,0.505561980123804,0.495510971242087,0.49021243833981,0.0226515092211779
11.955,f27c2278f5bdb77b,256.431921452784,303.337444171203,322.081898526051,343.148735849962,0.512863842905567,0.505562406952004,0.495510613117002,0.49021247978566,0.0226513631199073
11.96,f27c2278f5bdb77b,256.431868989438,303.337700699189,322.081665416126,343.148764895247,0.512863737978877,0.505562834498649,0.495510254486347,0.490212521278924,0.0226512166999533
11.965,f27c2278f5bdb77b,256.431816391067,303.33795765691,322.081431978602,343.148793973421,0.512863632782134,0.505563262761517,0.495509895351695,0.490212562819173,0.0226510699629601
11.97,f27c2278f5bdb77b,256.431763657629,303.338215042702,322.081198214801,343.148823084868,0.512863527315257,0.505563691737837,0.495509535715078,0.490212604406955,0.0226509229083021
11.975,f27c2278f5bdb77b,256.431710788446,303.338472854578,322.080964126337,343.148852230639,0.512863421576893,0.505564121424296,0.495509175578981,0.49021264604377,0.0226507755331229
11.98,f27c2278f5bdb77b,256.431657782232,303.338731090238,322.080729715106,343.148881412423,0.512863315564465,0.505564551817064,0.495508814946317,0.490212687732033,0.0226506278324319
11.985,f27c2278f5bdb77b,256.431604637133,303.3389897471,322.08049498326,343.148910632507,0.512863209274265,0.505564982911833,0.4955084538204,0.49021272947501,0.0226504797992546
11.99,f27c2278f5bdb77b,256.431551350783,303.339248822323,322.080259933183,343.148939893711,0.512863102701567,0.505565414703871,0.495508092204896,0.490212771276731,0.0226503314248359
11.995,f27c2278f5bdb77b,256.431497920383,303.339508312846,322.080024567456,343.148969199315,0.512862995840767,0.505565847188076,0.495507730103778,0.490212813141879,0.0226501826988882
12,f27c2278f5bdb77b,256.431444342776,303.339768215433,322.079788888821,343.14899855297,0.512862888685552,0.505566280359055,0.495507367521263,0.490212855075671,0.022650033609881
12.005,f27c2278f5bdb77b,256.431390614542,303.340028526717,322.079552900135,343.149027958605,0.512862781229084,0.505566714211195,0.495507004461747,0.490212897083722,0.0226498841453623
12.01,f27c2278f5bdb77b,256.431336732097,303.340289243252,322.079316604328,343.149057420322,0.512862673464194,0.505567148738754,0.495506640929736,0.490212939171889,0.0226497342923054
12.015,f27c2278f5bdb77b,256.431282691797,303.340550361566,322.079080004351,343.149086942285,0.512862565383594,0.505567583935944,0.495506276929771,0.490212981346122,0.0226495840374719
12.02,f27c2278f5bdb77b,256.431228490043,303.340811878214,322.07884310313,343.149116528613,0.512862456980086,0.505568019797022,0.495505912466354,0.490213023612305,0.0226494333677811
12.025,f27c2278f5bdb77b,256.431174123386,303.341073789828,322.078605903519,343.149146183267,0.512862348246773,0.505568456316381,0.495505547543875,0.490213065976095,0.0226492822706774
12.03,f27c2278f5bdb77b,256.431119588631,303.341336093176,322.078368408249,343.149175909944,0.512862239177261,0.505568893488627,0.495505182166538,0.490213108442777,0.0226491307344844
12.035,f27c2278f5bdb77b,256.431064882927,303.341598785201,322.078130619894,343.149205711978,0.512862129765853,0.505569331308669,0.495504816338298,0.490213151017112,0.0226489787487416
12.04,f27c2278f5bdb77b,256.43101000386,303.34186186307,322.07789254082,343.14923559225,0.51286202000772,0.505569769771783,0.4955044500628,0.490213193703215,0.0226488263045053
12.045,f27c2278f5bdb77b,256.430954949527,303.342125324207,322.077654173161,343.149265553105,0.512861909899054,0.505570208873679,0.495504083343324,0.490213236504436,0.0226486733946186
12.05,f27c2278f5bdb77b,256.430899718599,303.34238916633,322.077415518783,343.149295596287,0.512861799437199,0.505570648610551,0.495503716182744,0.490213279423267,0.0226485200139319
12.055,f27c2278f5bdb77b,256.430844310371,303.342653387471,322.077176579271,343.149325722887,0.512861688620743,0.505571088979118,0.495503348583493,0.490213322461267,0.0226483661594757
12.06,f27c2278f5bdb77b,256.430788724795,303.342917985991,322.076937355904,343.149355933309,0.512861577449591,0.505571529976652,0.495502980547545,0.490213365619013,0.0226482118305774
12.065,f27c2278f5bdb77b,256.430732962498,303.34318296059,322.07669784966,343.149386227252,0.512861465924995,0.505571971600984,0.4955026120764,0.490213408896075,0.0226480570289201
12.07,f27c2278f5bdb77b,256.430677024778,303.343448310305,322.076458061207,343.14941660371,0.512861354049557,0.505572413850508,0.495502243171087,0.490213452291014,0.0226479017585422
12.075,f27c2278f5bdb77b,256.430620913594,303.343714034498,322.076217990919,343.149447060989,0.512861241827189,0.505572856724163,0.495501873832183,0.490213495801413,0.0226477460257757
12.08,f27c2278f5bdb77b,256.430564631524,303.34398013284,322.07597763889,343.149477596746,0.512861129263049,0.505573300221399,0.495501504059831,0.490213539423922,0.0226475898391266
12.085,f27c2278f5bdb77b,256.430508181719,303.344246605282,322.075737004961,343.149508208038,0.512861016363439,0.505573744342137,0.495501133853786,0.49021358315434,0.0226474332090991
12.09,f27c2278f5bdb77b,256.430451567837,303.344513452024,322.075496088746,343.149538891393,0.512860903135673,0.505574189086707,0.495500763213455,0.490213626987705,0.0226472761479686
12.095,f27c2278f5bdb77b,256.430394793963,303.344780673474,322.075254889671,343.149569642892,0.512860789587926,0.50557463445579,0.495500392137956,0.490213670918418,0.0226471186695081
12.1,f27c2278f5bdb77b,256.430337864523,303.345048270198,322.075013407019,343.14960045826,0.512860675729046,0.50557508045033,0.495500020626184,0.490213714940371,0.0226469607886747
12.105,f27c2278f5bdb77b,256.430280784184,303.345316242875,322.074771639971,343.14963133297,0.512860561568367,0.505575527071459,0.495499648676878,0.4902137590471,0.0226468025212677
12.11,f27c2278f5bdb77b,256.430223557747,303.345584592243,322.074529587656,343.149662262354,0.512860447115494,0.505575974320405,0.495499276288701,0.490213803231934,0.0226466438835595
12.115,f27c2278f5bdb77b,256.430166190042,303.34585331904,322.074287249202,343.149693241717,0.512860332380084,0.5055764221984,0.49549890346031,0.490213847488167,0.0226464848919172
12.12,f27c2278f5bdb77b,256.430108685815,303.346122423952,322.074044623785,343.149724266449,0.51286021737163,0.505576870706586,0.495498530190438,0.490213891809212,0.0226463255624175
12.125,f27c2278f5bdb77b,256.430051049621,303.346391907557,322.07380171068,343.149755332141,0.512860102099243,0.505577319845929,0.495498156477969,0.490213936188773,0.0226461659104695
12.13,f27c2278f5bdb77b,256.429993285722,303.346661770276,322.073558509307,343.149786434695,0.512859986571445,0.505577769617127,0.49549778232201,0.490213980620993,0.0226460059504522
12.135,f27c2278f5bdb77b,256.429935397988,303.34693201232,322.073315019274,343.149817570419,0.512859870795975,0.505578220020533,0.49549740772196,0.490214025100598,0.0226458456953773
12.14,f27c2278f5bdb77b,256.429877389809,303.34720263365,322.073071240418,343.149848736123,0.512859754779618,0.505578671056083,0.495497032677567,0.490214069623033,0.0226456851565851
12.145,f27c2278f5bdb77b,256.429819264025,303.34747363394,322.072827172838,343.149879929197,0.512859638528051,0.505579122723233,0.495496657188981,0.490214114184567,0.0226455243434835
12.15,f27c2278f5bdb77b,256.429761022862,303.347745012547,322.072582816918,343.149911147673,0.512859522045724,0.505579575020911,0.495496281256797,0.49021415878239,0.0226453632633342
12.155,f27c2278f5bdb77b,256.429702667884,303.348016768488,322.072338173354,343.149942390273,0.512859405335769,0.50558002794748,0.495495904882084,0.490214203414676,0.0226452019210927
12.16,f27c2278f5bdb77b,256.429644199969,303.348288900428,322.072093243161,343.149973656441,0.512859288399939,0.505580481500714,0.495495528066402,0.490214248080631,0.022645040319308
12.165,f27c2278f5bdb77b,256.429585619294,303.348561406675,322.071848027676,343.150004946355,0.512859171238588,0.505580935677792,0.49549515081181,0.490214292780507,0.0226448784580818
12.17,f27c2278f5bdb77b,256.429526925343,303.348834285184,322.071602528558,343.150036260915,0.512859053850685,0.505581390475307,0.495494773120859,0.490214337515593,0.0226447163350921
12.175,f27c2278f5bdb77b,256.42946811693,303.349107533571,322.071356747772,343.150067601727,0.512858936233859,0.505581845889285,0.495494394996573,0.490214382288182,0.0226445539456772
12.18,f27c2278f5bdb77b,256.429409192242,303.349381149135,322.071110687571,343.150098971052,0.512858818384483,0.505582301915225,0.495494016442417,0.490214427101503,0.0226443912829799
12.185,f27c2278f5bdb77b,256.429350148896,303.349655128889,322.070864350466,343.150130371749,0.512858700297792,0.505582758548147,0.495493637462255,0.490214471959642,0.02264422833815
12.19,f27c2278f5bdb77b,256.429290984012,303.349929469594,322.070617739194,343.150161807199,0.512858581968024,0.505583215782657,0.495493258060299,0.490214516867427,0.0226440651005969
12.195,f27c2278f5bdb77b,256.429231694297,303.350204167811,322.070370856677,343.150193281215,0.512858463388595,0.505583673613018,0.495492878241041,0.490214561830307,0.0226439015582877
12.2,f27c2278f5bdb77b,256.429172276144,303.350479219939,322.070123705976,343.150224797942,0.512858344552288,0.505584132033232,0.495492498009193,0.490214606854202,0.0226437376980852
12.205,f27c2278f5bdb77b,256.429112725732,303.350754622279,322.069876290242,343.150256361746,0.512858225451465,0.505584591037132,0.495492117369604,0.490214651945352,0.0226435735061132
12.21,f27c2278f5bdb77b,256.429053039144,303.351030371084,322.06962861267,343.150287977102,0.512858106078289,0.505585050618474,0.495491736327184,0.490214697110145,0.0226434089681433
12.215,f27c2278f5bdb77b,256.428993212474,303.351306462619,322.069380676437,343.15031964847,0.512857986424949,0.505585510771031,0.495491354886827,0.490214742354957,0.0226432440699921
12.22,f27c2278f5bdb77b,256.428933241945,303.351582893215,322.06913248466,343.15035138018,0.51285786648389,0.505585971488692,0.495490973053323,0.490214787685971,0.0226430787979187
12.225,f27c2278f5bdb77b,256.428873124016,303.351859659332,322.068884040338,343.150383176314,0.512857746248033,0.505586432765552,0.49549059083129,0.49021483310902,0.0226429131390128
12.23,f27c2278f5bdb77b,256.428812855493,303.352136757602,322.068635346308,343.150415040597,0.512857625710987,0.505586894596003,0.495490208225089,0.490214878629424,0.0226427470815629
12.235,f27c2278f5bdb77b,256.428752433622,303.352414184886,322.068386405199,343.150446976294,0.512857504867243,0.50558735697481,0.495489825238767,0.490214924251849,0.0226425806153944
12.24,f27c2278f5bdb77b,256.428691856173,303.352691938311,322.068137219393,343.150478986122,0.512857383712346,0.505587819897186,0.49548944187599,0.490214969980174,0.0226424137321722
12.245,f27c2278f5bdb77b,256.428631121521,303.35297001531,322.067887790998,343.150511072171,0.512857262243042,0.50558828335885,0.495489058139996,0.490215015817387,0.0226422464256551
12.25,f27c2278f5bdb77b,256.428570228696,303.353248413646,322.067638121812,343.150543235845,0.512857140457392,0.505588747356077,0.495488674033558,0.490215061765493,0.0226420786918987
12.255,f27c2278f5bdb77b,256.428509177428,303.353527131436,322.067388213318,343.150575477819,0.512857018354856,0.505589211885726,0.49548828955895,0.490215107825455,0.0226419105294014
12.26,f27c2278f5bdb77b,256.428447968172,303.353806167157,322.067138066662,343.15060779801,0.512856895936343,0.505589676945261,0.495487904717941,0.490215153997157,0.0226417419391866
12.265,f27c2278f5bdb77b,256.428386602109,303.354085519653,322.066887682661,343.150640195577,0.512856773204218,0.505590142532755,0.495487519511786,0.490215200279396,0.0226415729248224
12.27,f27c2278f5bdb77b,256.428325081138,303.354365188124,322.066637061807,343.15067266893,0.512856650162277,0.505590608646873,0.495487133941242,0.490215246669901,0.0226414034923763
12.275,f27c2278f5bdb77b,256.428263407843,303.354645172108,322.066386204283,343.150705215766,0.512856526815685,0.505591075286846,0.495486748006589,0.490215293165381,0.022641233650305
12.28,f27c2278f5bdb77b,256.428201585439,303.354925471457,322.066135109986,343.150737833117,0.512856403170879,0.505591542452429,0.495486361707672,0.490215339761595,0.0226410634092835
12.285,f27c2278f5bdb77b,256.428139617716,303.355206086304,322.065883778561,343.150770517418,0.512856279235432,0.505592010143841,0.495485975043941,0.490215386453454,0.0226408927819776
12.29,f27c2278f5bdb77b,256.428077508949,303.355487017019,322.065632209437,343.150803264595,0.512856155017899,0.505592478361698,0.495485588014518,0.490215433235136,0.0226407217827632
12.295,f27c2278f5bdb77b,256.428015263813,303.355768264161,322.065380401869,343.150836070157,0.512856030527626,0.505592947106935,0.495485200618259,0.490215480100224,0.0226405504274018
12.3,f27c2278f5bdb77b,256.427952887273,303.356049828429,322.06512835499,343.150868929307,0.512855905774547,0.505593416380716,0.495484812853831,0.490215527041867,0.02264037873268
12.305,f27c2278f5bdb77b,256.427890384479,303.356331710602,322.064876067863,343.150901837056,0.512855780768958,0.505593886184337,0.495484424719789,0.490215574052937,0.0226402067160204
12.31,f27c2278f5bdb77b,256.427827760643,303.356613911482,322.064623539529,343.150934788347,0.512855655521285,0.505594356519136,0.495484036214659,0.49021562112621,0.0226400343950753
12.315,f27c2278f5bdb77b,256.427765020925,303.356896431831,322.064370769068,343.150967778176,0.51285553004185,0.505594827386385,0.495483647337027,0.490215668254537,0.022639861787313
12.32,f27c2278f5bdb77b,256.427702170316,303.357179272317,322.06411775565,343.151000801717,0.512855404340632,0.505595298787195,0.495483258085615,0.490215715431025,0.0226396889096079
12.325,f27c2278f5bdb77b,256.427639213521,303.357462433453,322.063864498587,343.151033854439,0.512855278427042,0.505595770722421,0.495482868459365,0.490215762649199,0.0226395157778435
12.33,f27c2278f5bdb77b,256.427576154854,303.357745915545,322.063610997382,343.151066932218,0.512855152309708,0.505596243192576,0.495482478457511,0.490215809903169,0.0226393424065384
12.335,f27c2278f5bdb77b,256.427512998141,303.358029718646,322.063357251773,343.15110003144,0.512855025996281,0.505596716197742,0.495482088079651,0.490215857187772,0.0226391688085092
12.34,f27c2278f5bdb77b,256.427449746634,303.358313842507,322.06310326177,343.151133149089,0.512854899493269,0.505597189737512,0.4954816973258,0.490215904498698,0.0226389949945707
12.345,f27c2278f5bdb77b,256.427386402944,303.358598286552,322.062849027686,343.151166282818,0.512854772805888,0.50559766381092,0.495481306196441,0.490215951832596,0.0226388209732911
12.35,f27c2278f5bdb77b,256.427322968979,303.358883049845,322.062594550165,343.151199431011,0.512854645937959,0.505598138416408,0.495480914692561,0.490215999187159,0.0226386467507996
12.355,f27c2278f5bdb77b,256.427259445916,303.359168131072,322.06233983019,343.151232592822,0.512854518891833,0.505598613551787,0.495480522815677,0.490216046561174,0.0226384723306589
12.36,f27c2278f5bdb77b,256.427195834177,303.359453528539,322.062084869097,343.151265768187,0.512854391668353,0.505599089214232,0.495480130567841,0.490216093954553,0.0226382977137999
12.365,f27c2278f5bdb77b,256.42713213343,303.359739240169,322.061829668569,343.151298957833,0.512854264266859,0.505599565400282,0.495479737951644,0.490216141368332,0.0226381228985268
12.37,f27c2278f5bdb77b,256.427068342613,303.360025263514,322.061574230625,343.151332163249,0.512854136685226,0.505600042105856,0.495479344970192,0.490216188804641,0.022637947880585
12.375,f27c2278f5bdb77b,256.427004459971,303.360311595776,322.061318557603,343.15136538665,0.512854008919942,0.505600519326293,0.495478951627082,0.490216236266643,0.0226377726532996
12.38,f27c2278f5bdb77b,256.426940483113,303.360598233838,322.061062652131,343.151398630918,0.512853880966226,0.505600997056397,0.495478557926355,0.490216283758454,0.0226375972077726
12.385,f27c2278f5bdb77b,256.426876409085,303.360885174303,322.060806517089,343.151431899522,0.512853752818171,0.505601475290505,0.495478163872445,0.490216331285032,0.022637421533139
12.39,f27c2278f5bdb77b,256.42681223446,303.361172413535,322.060550155573,343.151465196432,0.51285362446892,0.505601954022559,0.495477769470112,0.490216378852045,0.0226372456168744
12.395,f27c2278f5bdb77b,256.426747955435,303.361459947715,322.060293570842,343.151498526007,0.51285349591087,0.505602433246192,0.495477374724373,0.490216426465725,0.0226370694451459
12.4,f27c2278f5bdb77b,256.426683567947,303.361747772894,322.060036766271,343.151531892888,0.512853367135894,0.505602912954824,0.495476979640417,0.490216474132696,0.0226368930031979
12.405,f27c2278f5bdb77b,256.426619067786,303.362035885055,322.059779745292,343.151565301867,0.512853238135572,0.505603393141759,0.495476584223526,0.490216521859809,0.0226367162757631
12.41,f27c2278f5bdb77b,256.42655445072,303.362324280174,322.059522511341,343.151598757766,0.512853108901439,0.50560387380029,0.495476188478985,0.490216569653951,0.0226365392474879
12.415,f27c2278f5bdb77b,256.426489712615,303.36261295428,322.059265067798,343.151632265307,0.512852979425229,0.5056043549238,0.495475792411997,0.490216617521867,0.0226363619033623
12.42,f27c2278f5bdb77b,256.426424849559,303.36290190352,322.059007417937,343.151665828984,0.512852849699119,0.505604836505866,0.495475396027595,0.490216665469977,0.0226361842291415
12.425,f27c2278f5bdb77b,256.426359857979,303.363191124212,322.058749564865,343.151699452944,0.512852719715958,0.505605318540353,0.495474999330562,0.490216713504206,0.0226360062117515
12.43,f27c2278f5bdb77b,256.426294734742,303.363480612902,322.058491511481,343.151733140874,0.512852589469484,0.505605801021504,0.495474602325356,0.49021676162982,0.0226358278396639
12.435,f27c2278f5bdb77b,256.42622947726,303.363770366414,322.058233260428,343.151766895899,0.51285245895452,0.505606283944023,0.495474205016043,0.490216809851284,0.022635649103236
12.44,f27c2278f5bdb77b,256.426164083568,303.364060381883,322.057974814055,343.151800720494,0.512852328167135,0.505606767303139,0.495473807406238,0.490216858172135,0.0226354699950005
12.445,f27c2278f5bdb77b,256.426098552393,303.364350656799,322.057716174391,343.151834616417,0.512852197104785,0.505607251094664,0.495473409499063,0.490216906594882,0.0226352905099035
12.45,f27c2278f5bdb77b,256.426032883206,303.364641189021,322.057457343121,343.151868584652,0.512852065766412,0.505607735315035,0.49547301129711,0.490216955120931,0.0226351106454809
12.455,f27c2278f5bdb77b,256.425967076252,303.3649319768,322.057198321572,343.151902625375,0.512851934152505,0.505608219961333,0.495472612802419,0.490217003750536,0.0226349304019683
12.46,f27c2278f5bdb77b,256.425901132563,303.365223018779,322.056939110712,343.151936737946,0.512851802265126,0.505608705031298,0.49547221401648,0.49021705248278,0.0226347497823451
12.465,f27c2278f5bdb77b,256.425835053947,303.365514313989,322.056679711152,343.151970920912,0.512851670107894,0.505609190523315,0.495471814940234,0.490217101315588,0.0226345687923054
12.47,f27c2278f5bdb77b,256.425768842965,303.365805861835,322.056420123164,343.152005172037,0.512851537685929,0.505609676436391,0.495471415574098,0.490217150245767,0.0226343874401626
12.475,f27c2278f5bdb77b,256.425702502879,303.366097662069,322.056160346702,343.152039488351,0.512851405005757,0.505610162770115,0.495471015918002,0.490217199269073,0.0226342057366845
12.48,f27c2278f5bdb77b,256.42563603759,303.366389714757,322.055900381434,343.152073866219,0.512851272075179,0.505610649524596,0.495470615971436,0.490217248380313,0.0226340236948661
12.485,f27c2278f5bdb77b,256.425569451554,303.366682020239,322.055640226782,343.152108301424,0.512851138903108,0.505611136700399,0.495470215733512,0.490217297573463,0.0226338413296456
12.49,f27c2278f5bdb77b,256.425502749688,303.366974579076,322.05537988197,343.152142789267,0.512851005499376,0.50561162429846,0.49546981520303,0.490217346841809,0.0226336586575672
12.495,f27c2278f5bdb77b,256.425435937259,303.367267391996,322.055119346066,343.152177324679,0.512850871874518,0.505612112319993,0.495469414378564,0.490217396178113,0.0226334756964045
12.5,f27c2278f5bdb77b,256.425369019766,303.367560459836,322.05485861805,343.152211902348,0.512850738039533,0.505612600766393,0.495469013258538,0.490217445574783,0.0226332924647496
12.505,f27c2278f5bdb77b,256.42530200282,303.367853783477,322.05459769686,343.152246516842,0.51285060400564,0.505613089639129,0.495468611841323,0.490217495024061,0.0226331089815794
12.51,f27c2278f5bdb77b,256.425234892011,303.368147363783,322.054336581459,343.152281162747,0.512850469784021,0.505613578939639,0.495468210125322,0.49021754451821,0.0226329252658118
12.515,f27c2278f5bdb77b,256.425167692784,303.368441201532,322.05407527089,343.152315834794,0.512850335385567,0.50561406866922,0.495467808109062,0.490217594049706,0.022632741335861
12.52,f27c2278f5bdb77b,256.425100410313,303.368735297357,322.053813764333,343.152350527996,0.512850200820627,0.505614558828928,0.495467405791282,0.490217643611423,0.0226325572092034
12.525,f27c2278f5bdb77b,256.425033049387,303.369029651687,322.053552061161,343.152385237765,0.512850066098774,0.505615049419479,0.495467003171017,0.490217693196807,0.0226323729019678
12.53,f27c2278f5bdb77b,256.424965614296,303.369324264693,322.053290160985,343.152419960025,0.512849931228592,0.505615540441156,0.495466600247669,0.490217742800036,0.0226321884285561
12.535,f27c2278f5bdb77b,256.424898108739,303.36961913624,322.053028063702,343.152454691319,0.512849796217479,0.505616031893734,0.495466197021079,0.49021779241617,0.0226320038013086
12.54,f27c2278f5bdb77b,256.424830535742,303.369914265847,322.052765769526,343.152489428885,0.512849661071484,0.505616523776412,0.495465793491579,0.490217842041264,0.0226318190302199
12.545,f27c2278f5bdb77b,256.424762897592,303.370209652655,322.052503279023,343.15252417073,0.512849525795185,0.505617016087759,0.495465389660035,0.490217891672471,0.0226316341227136
12.55,f27c2278f5bdb77b,256.424695195795,303.370505295408,322.052240593121,343.152558915676,0.512849390391591,0.50561750882568,0.495464985527878,0.490217941308108,0.0226314490834823
12.555,f27c2278f5bdb77b,256.424627431047,303.370801192438,322.051977713128,343.152593663387,0.512849254862093,0.505618001987396,0.495464581097121,0.490217990947696,0.0226312639143967
12.56,f27c2278f5bdb77b,256.424559603228,303.371097341663,322.051714640731,343.152628414378,0.512849119206455,0.505618495569438,0.495464176370356,0.490218040591969,0.0226310786144862
12.565,f27c2278f5bdb77b,256.424491711421,303.371393740601,322.051451377983,343.152663169995,0.512848983422842,0.505618989567667,0.495463771350743,0.49021809024285,0.0226308931799923
12.57,f27c2278f5bdb77b,256.424423753948,303.371690386382,322.051187927289,343.152697932381,0.512848847507895,0.505619483977304,0.495463366041983,0.490218139903402,0.0226307076044935
12.575,f27c2278f5bdb77b,256.42435572842,303.371987275786,322.050924291375,343.152732704419,0.512848711456841,0.505619978792976,0.495462960448269,0.490218189577742,0.0226305218790984
12.58,f27c2278f5bdb77b,256.42428763182,303.37228440527,322.050660473255,343.152767489655,0.512848575263639,0.505620474008784,0.495462554574238,0.490218239270936,0.0226303359927032
12.585,f27c2278f5bdb77b,256.424219460584,303.372581771026,322.050396476187,343.152802292203,0.512848438921168,0.505620969618377,0.495462148424903,0.490218288988861,0.0226301499323067
12.59,f27c2278f5bdb77b,256.424151210714,303.372879369026,322.050132303622,343.152837116638,0.512848302421429,0.505621465615043,0.495461742005572,0.490218338738054,0.0226299636833743
12.595,f27c2278f5bdb77b,256.42408287789,303.373177195084,322.04986795915,343.152871967875,0.51284816575578,0.505621961991807,0.49546133532177,0.490218388525536,0.0226297772302434
12.6,f27c2278f5bdb77b,256.424014457594,303.373475244922,322.049603446443,343.152906851041,0.512848028915188,0.505622458741536,0.495460928379144,0.490218438358629,0.0226295905565589
12.605,f27c2278f5bdb77b,256.423945945245,303.373773514229,322.049338769193,343.152941771333,0.51284789189049,0.505622955857049,0.495460521183373,0.490218488244762,0.0226294036457282
12.61,f27c2278f5bdb77b,256.423877336327,303.374071998736,322.049073931047,343.152976733889,0.512847754672654,0.505623453331227,0.495460113740072,0.490218538191271,0.0226292164813837
12.615,f27c2278f5bdb77b,256.423808626524,303.374370694276,322.048808935555,343.153011743644,0.512847617253049,0.505623951157127,0.4954597060547,0.490218588205206,0.0226290290478423
12.62,f27c2278f5bdb77b,256.423739811846,303.37466959685,322.048543786103,343.153046805201,0.512847479623692,0.505624449328084,0.495459298132466,0.490218638293144,0.0226288413305478
12.625,f27c2278f5bdb77b,256.423670888746,303.374968702686,322.048278485864,343.153081922703,0.512847341777492,0.505624947837811,0.495458889978252,0.490218688461005,0.0226286533164876
12.63,f27c2278f5bdb77b,256.423601854233,303.375268008294,322.048013037747,343.153117099727,0.512847203708466,0.50562544668049,0.495458481596533,0.490218738713895,0.0226284649945706
12.635,f27c2278f5bdb77b,256.423532705961,303.37556751051,322.047747444354,343.153152339175,0.512847065411922,0.50562594585085,0.495458072991314,0.490218789055964,0.0226282763559584
12.64,f27c2278f5bdb77b,256.423463442313,303.375867206538,322.047481707948,343.153187643201,0.512846926884627,0.50562644534423,0.495457664166074,0.490218839490287,0.0226280873943399
12.645,f27c2278f5bdb77b,256.423394062457,303.376167093977,322.047215830424,343.153223013141,0.512846788124914,0.505626945156629,0.49545725512373,0.490218890018773,0.022627898106141
12.65,f27c2278f5bdb77b,256.423324566388,303.376467170842,322.046949813294,343.153258449476,0.512846649132777,0.505627445284736,0.495456845866607,0.490218940642108,0.0226277084906688
12.655,f27c2278f5bdb77b,256.423254954949,303.376767435569,322.04668365768,343.153293951803,0.512846509909897,0.505627945725949,0.49545643639643,0.490218991359718,0.0226275185501791
12.66,f27c2278f5bdb77b,256.423185229823,303.37706788702,322.046417364313,343.153329518843,0.512846370459647,0.505628446478366,0.495456026714328,0.490219042169776,0.0226273282898707
12.665,f27c2278f5bdb77b,256.42311539352,303.377368524462,322.046150933555,343.153365148464,0.512846230787039,0.505628947540769,0.495455616820853,0.490219093069235,0.0226271377178044
12.67,f27c2278f5bdb77b,256.423045449319,303.377669347547,322.045884365411,343.153400837723,0.512846090898638,0.505629448912579,0.495455206716016,0.49021914405389,0.0226269468447488
12.675,f27c2278f5bdb77b,256.422975401216,303.377970356283,322.045617659568,343.153436582933,0.512845950802431,0.505629950593805,0.495454796399336,0.490219195118476,0.0226267556839551
12.68,f27c2278f5bdb77b,256.42290525383,303.378271550982,322.045350815434,343.153472379754,0.512845810507661,0.50563045258497,0.495454385869898,0.490219246256791,0.0226265642508697
12.685,f27c2278f5bdb77b,256.422835012313,303.378572932217,322.045083832182,343.153508223287,0.512845670024627,0.505630954887028,0.495453975126434,0.490219297461839,0.0226263725627882
12.69,f27c2278f5bdb77b,256.42276468223,303.378874500762,322.044816708809,343.153544108199,0.51284552936446,0.50563145750127,0.495453564167398,0.490219348725999,0.0226261806384616
12.695,f27c2278f5bdb77b,256.422694269436,303.379176257528,322.044549444189,343.153580028847,0.512845388538873,0.505631960429213,0.49545315299106,0.49021940004121,0.0226259884976633
12.7,f27c2278f5bdb77b,256.422623779947,303.379478203498,322.044282037139,343.153615979416,0.512845247559895,0.505632463672496,0.495452741595598,0.490219451399166,0.0226257961607282
12.705,f27c2278f5bdb77b,256.422553219799,303.379780339656,322.04401448648,343.153651954065,0.512845106439599,0.50563296723276,0.495452329979201,0.490219502791521,0.0226256036480782
12.71,f27c2278f5bdb77b,256.422482594914,303.38008266692,322.043746791105,343.153687947062,0.512844965189827,0.505633471111533,0.495451918140161,0.490219554210088,0.0226254109797391
12.715,f27c2278f5bdb77b,256.422411910959,303.380385186074,322.043478950034,343.153723952933,0.512844823821918,0.505633975310123,0.495451506076975,0.490219605647047,0.0226252181748706
12.72,f27c2278f5bdb77b,256.422341173224,303.380687897701,322.043210962481,343.153759966594,0.512844682346448,0.505634479829501,0.495451093788432,0.490219657095134,0.0226250252513138
12.725,f27c2278f5bdb77b,256.422270386496,303.380990802125,322.042942827903,343.153795983475,0.512844540772993,0.505634984670209,0.495450681273697,0.490219708547822,0.022624832225171
12.73,f27c2278f5bdb77b,256.422199554954,303.381293899359,322.042674546052,343.153831999635,0.512844399109908,0.505635489832264,0.495450268532388,0.490219759999478,0.0226246391104299
12.735,f27c2278f5bdb77b,256.422128682074,303.381597189053,322.042406117016,343.153868011857,0.512844257364148,0.505635995315089,0.49544985556464,0.490219811445509,0.0226244459186384
12.74,f27c2278f5bdb77b,256.422057770556,303.381900670467,322.042137541249,343.153904017728,0.512844115541111,0.505636501117445,0.495449442371153,0.490219862882469,0.022624252658642
12.745,f27c2278f5bdb77b,256.421986822267,303.382204342433,322.041868819599,343.153940015701,0.512843973644533,0.505637007237388,0.495449028953229,0.490219914308145,0.0226240593363884
12.75,f27c2278f5bdb77b,256.421915838208,303.382508203348,322.041599953317,343.153976005126,0.512843831676416,0.505637513672247,0.495448615312796,0.490219965721609,0.0226238659548069
12.755,f27c2278f5bdb77b,256.421844818501,303.382812251163,322.041330944067,343.154011986269,0.512843689637002,0.505638020418605,0.495448201452411,0.490220017123241,0.0226236725137612
12.76,f27c2278f5bdb77b,256.421773762398,303.383116483391,322.041061793913,343.154047960298,0.512843547524796,0.505638527472319,0.495447787375251,0.490220068514711,0.0226234790100845
12.765,f27c2278f5bdb77b,256.421702668314,303.383420897125,322.040792505305,343.154083929257,0.512843405336628,0.505639034828542,0.495447373085084,0.490220119898938,0.0226232854376898
12.77,f27c2278f5bdb77b,256.421631533881,303.383725489064,322.040523081049,343.154119896005,0.512843263067763,0.505639542481773,0.49544695858623,0.490220171280008,0.0226230917877551
12.775,f27c2278f5bdb77b,256.421560356024,303.384030255552,322.040253524277,343.154155864147,0.512843120712047,0.50564005042592,0.495446543883503,0.490220222663067,0.0226228980489799
12.78,f27c2278f5bdb77b,256.421489131047,303.384335192627,322.039983838394,343.154191837932,0.512842978262095,0.505640558654378,0.495446128982145,0.490220274054188,0.0226227042079069
12.785,f27c2278f5bdb77b,256.421417854751,303.384640296072,322.039714027033,343.154227822144,0.512842835709503,0.505641067160119,0.495445713887744,0.490220325460205,0.0226225102492975
12.79,f27c2278f5bdb77b,256.421346522548,303.38494556148,322.039444093994,343.154263821977,0.512842693045096,0.505641575935801,0.495445298606145,0.490220376888539,0.0226223161565574
12.795,f27c2278f5bdb77b,256.421275129597,303.385250984323,322.039174043181,343.154299842899,0.512842550259194,0.505642084973871,0.495444883143355,0.490220428346999,0.0226221219121955
12.8,f27c2278f5bdb77b,256.421203670944,303.385556560014,322.038903878538,343.154335890504,0.512842407341887,0.505642594266691,0.495444467505443,0.490220479843577,0.0226219274983105
12.805,f27c2278f5bdb77b,256.421132141661,303.38586228399,322.038633603984,343.154371970365,0.512842264283323,0.50564310380665,0.495444051698437,0.490220531386236,0.022621732897087
12.81,f27c2278f5bdb77b,256.421060536996,303.386168151772,322.038363223344,343.154408087888,0.512842121073991,0.505643613586287,0.495443635728221,0.490220582982698,0.0226215380912936
12.815,f27c2278f5bdb77b,256.420988852502,303.386474159045,322.038092740287,343.154444248167,0.512841977705004,0.505644123598408,0.495443219600441,0.490220634640238,0.0226213430647661
12.82,f27c2278f5bdb77b,256.420917084178,303.386780301716,322.037822158264,343.154480455842,0.512841834168356,0.505644633836193,0.495442803320406,0.490220686365489,0.0226211478028673
12.825,f27c2278f5bdb77b,256.420845228584,303.387086575978,322.037551480457,343.154516714981,0.512841690457168,0.505645144293296,0.495442386893011,0.490220738164259,0.0226209522929085
12.83,f27c2278f5bdb77b,256.420773282949,303.387392978362,322.037280709727,343.154553028963,0.512841546565897,0.505645654963937,0.495441970322657,0.490220790041375,0.0226207565245218
12.835,f27c2278f5bdb77b,256.420701245261,303.387699505782,322.037009848575,343.154589400381,0.512841402490522,0.50564616584297,0.495441553613193,0.490220842000545,0.0226205604899773
12.84,f27c2278f5bdb77b,256.420629114342,303.38800615557,322.036738899113,343.154625830976,0.512841258228683,0.505646676925949,0.495441136767866,0.490220894044251,0.022620364184432
12.845,f27c2278f5bdb77b,256.42055688989,303.388312925497,322.03646786304,343.154662321572,0.512841113779781,0.505647188209162,0.495440719789292,0.490220946173675,0.022620167606106
12.85,f27c2278f5bdb77b,256.420484572517,303.388619813794,322.036196741634,343.154698872055,0.512840969145033,0.505647699689657,0.495440302679436,0.490220998388651,0.0226199707563827
12.855,f27c2278f5bdb77b,256.420412163744,303.388926819145,322.035925535749,343.154735481362,0.512840824327487,0.505648211365241,0.495439885439614,0.49022105068766,0.0226197736398271
12.86,f27c2278f5bdb77b,256.420339665989,303.389233940681,322.035654245832,343.154772147498,0.512840679331978,0.505648723234468,0.49543946807051,0.490221103067855,0.0226195762641234
12.865,f27c2278f5bdb77b,256.420267082525,303.389541177958,322.035382871936,343.154808867581,0.512840534165049,0.505649235296597,0.49543905057221,0.490221155525116,0.0226193786399334
12.87,f27c2278f5bdb77b,256.420194417412,303.389848530926,322.03511141376,343.154845637902,0.512840388834823,0.505649747551543,0.495438632944247,0.490221208054146,0.0226191807806769
12.875,f27c2278f5bdb77b,256.420121675418,303.390155999882,322.034839870685,343.154882454015,0.512840243350836,0.505650259999803,0.495438215185669,0.490221260648593,0.0226189827022428
12.88,f27c2278f5bdb77b,256.420048861916,303.390463585421,322.034568241824,343.154919310839,0.512840097723832,0.505650772642369,0.495437797295113,0.490221313301198,0.0226187844226339
12.885,f27c2278f5bdb77b,256.419975982764,303.390771288378,322.034296526079,343.154956202778,0.512839951965528,0.505651285480631,0.495437379270891,0.490221366003969,0.0226185859615584
12.89,f27c2278f5bdb77b,256.419903044174,303.391079109758,322.034024722205,343.154993123862,0.512839806088349,0.505651798516264,0.495436961111085,0.490221418748374,0.0226183873399745
12.895,f27c2278f5bdb77b,256.419830052576,303.391387050668,322.033752828872,343.155030067884,0.512839660105151,0.505652311751113,0.49543654281365,0.490221471525548,0.0226181885796031
12.9,f27c2278f5bdb77b,256.419757014464,303.391695112241,322.033480844737,343.155067028558,0.512839514028929,0.505652825187069,0.495436124376518,0.490221524326511,0.0226179897024179
12.905,f27c2278f5bdb77b,256.419683936256,303.392003295565,322.03320876851,343.155103999669,0.512839367872512,0.505653338825942,0.495435705797708,0.490221577142384,0.0226177907301277
12.91,f27c2278f5bdb77b,256.419610824139,303.392311601606,322.032936599026,343.15514097523,0.512839221648277,0.505653852669343,0.495435287075425,0.490221629964614,0.0226175916836635
12.915,f27c2278f5bdb77b,256.419537683931,303.392620031138,322.032664335307,343.155177949625,0.512839075367861,0.505654366718564,0.495434868208164,0.490221682785178,0.0226173925826832
12.92,f27c2278f5bdb77b,256.419464520947,303.392928584679,322.032391976623,343.155214917751,0.512838929041895,0.505654880974464,0.495434449194804,0.490221735596787,0.0226171934451077
12.925,f27c2278f5bdb77b,256.419391339881,303.393237262425,322.032119522549,343.155251875145,0.512838782679762,0.505655395437375,0.495434030034691,0.490221788393064,0.0226169942866986
12.93,f27c2278f5bdb77b,256.419318144695,303.393546064206,322.03184697301,343.155288818089,0.51283863628939,0.505655910107009,0.495433610727708,0.490221841168699,0.0226167951206912
12.935,f27c2278f5bdb77b,256.419244938536,303.393854989434,322.03157432832,343.155325743709,0.512838489877072,0.505656424982391,0.495433191274338,0.490221893919585,0.0226165959574876
12.94,f27c2278f5bdb77b,256.41917172367,303.39416403708,322.03130158921,343.15536265004,0.51283834344734,0.5056569400618,0.495432771675707,0.490221946642915,0.0226163968044249
12.945,f27c2278f5bdb77b,256.419098501435,303.394473205644,322.031028756846,343.155399536076,0.512838197002869,0.505657455342739,0.495432351933609,0.490221999337251,0.022616197665618
12.95,f27c2278f5bdb77b,256.419025272222,303.394782493149,322.030755832838,343.155436401791,0.512838050544444,0.505657970821915,0.495431932050519,0.490222052002559,0.0226159985418852
12.955,f27c2278f5bdb77b,256.41895203548,303.395091897145,322.030482819232,343.155473248142,0.51283790407096,0.505658486495242,0.495431512029588,0.490222104640203,0.0226157994307572
12.96,f27c2278f5bdb77b,256.418878789741,303.395401414723,322.0302097185,343.155510077037,0.512837757579482,0.505659002357871,0.495431091874615,0.49022215725291,0.0226156003265715
12.965,f27c2278f5bdb77b,256.418805532671,303.395711042536,322.029936533506,343.155546891287,0.512837611065342,0.505659518404227,0.495430671590009,0.490222209844695,0.0226154012206468
12.97,f27c2278f5bdb77b,256.418732261147,303.396020776847,322.029663267477,343.15558369453,0.512837464522293,0.505660034628078,0.495430251180734,0.490222262420757,0.0226152021015368
12.975,f27c2278f5bdb77b,256.418658971346,303.396330613565,322.029389923952,343.155620491136,0.512837317942692,0.505660551022609,0.495429830652235,0.490222314987337,0.0226150029553548
12.98,f27c2278f5bdb77b,256.418585658863,303.396640548311,322.029116506732,343.155657286094,0.512837171317725,0.505661067580519,0.495429410010357,0.490222367551563,0.0226148037661623
12.985,f27c2278f5bdb77b,256.418512318832,303.396950576478,322.028843019813,343.155694084877,0.512837024637664,0.50566158429413,0.495428989261251,0.490222420121252,0.0226146045164115
12.99,f27c2278f5bdb77b,256.418438946072,303.397260693301,322.028569467327,343.1557308933,0.512836877892144,0.505662101155502,0.495428568411272,0.490222472704714,0.02261440518743
12.995,f27c2278f5bdb77b,256.418365535231,303.397570893934,322.028295853467,343.155767717368,0.512836731070463,0.505662618156556,0.495428147466872,0.490222525310526,0.0226142057599366
13,f27c2278f5bdb77b,256.418292080943,303.397881173524,322.028022182417,343.155804563117,0.512836584161886,0.505663135289206,0.495427726434487,0.49022257794731,0.0226140062145761
13.005,f27c2278f5bdb77b,256.418218577978,303.398191527291,322.02774845828,343.155841436451,0.512836437155956,0.505663652545485,0.49542730532043,0.490222630623502,0.022613806532454
13.01,f27c2278f5bdb77b,256.418145021398,303.398501950605,322.027474685008,343.15587834299,0.512836290042795,0.505664169917674,0.495426884130781,0.490222683347129,0.0226136066956665
13.015,f27c2278f5bdb77b,256.418071406698,303.398812439051,322.027200866337,343.155915287914,0.512836142813395,0.505664687398419,0.495426462871287,0.490222736125592,0.0226134066878033
13.02,f27c2278f5bdb77b,256.417997729943,303.399122988507,322.026927005723,343.155952275828,0.512835995459885,0.505665204980845,0.495426041547266,0.490222788965469,0.0226132064944167
13.025,f27c2278f5bdb77b,256.417923987886,303.399433595192,322.02665310629,343.155989310632,0.512835847975772,0.505665722658654,0.495425620163523,0.490222841872331,0.0226130061034409
13.03,f27c2278f5bdb77b,256.417850178073,303.399744255728,322.026379170784,343.156026395415,0.512835700356146,0.505666240426214,0.495425198724283,0.490222894850593,0.0226128055055528
13.035,f27c2278f5bdb77b,256.417776298923,303.400054967173,322.026105201536,343.156063532368,0.512835552597847,0.505666758278621,0.495424777233132,0.490222947903383,0.0226126046944634
13.04,f27c2278f5bdb77b,256.417702349794,303.400365727053,322.025831200436,343.156100722717,0.512835404699587,0.505667276211756,0.495424355692979,0.490223001032453,0.0226124036671345
13.045,f27c2278f5bdb77b,256.417628331013,303.400676533386,322.02555716892,343.15613796668,0.512835256662026,0.50566779422231,0.495423934106031,0.490223054238115,0.022612202423911
13.05,f27c2278f5bdb77b,256.417554243898,303.400987384679,322.025283107965,343.156175263458,0.512835108487795,0.505668312307799,0.495423512473792,0.490223107519226,0.0226120009685693
13.055,f27c2278f5bdb77b,256.417480090737,303.401298279927,322.025009018097,343.156212611239,0.512834960181474,0.505668830466546,0.495423090797072,0.490223160873198,0.0226117993082763
13.06,f27c2278f5bdb77b,256.417405874758,303.401609218592,322.024734899414,343.156250007236,0.512834811749515,0.505669348697654,0.495422669076022,0.490223214296051,0.022611597453464
13.065,f27c2278f5bdb77b,256.41733160006,303.401920200572,322.024460751617,343.156287447751,0.51283466320012,0.505669867000953,0.49542224731018,0.490223267782502,0.022611395417618
13.07,f27c2278f5bdb77b,256.417257271536,303.402231226157,322.024186574049,343.156324928258,0.512834514543072,0.505670385376929,0.495421825498537,0.490223321326083,0.0226111932169886
13.075,f27c2278f5bdb77b,256.417182894764,303.40254229598,322.023912365747,343.156362443509,0.512834365789528,0.505670903826634,0.495421403639611,0.490223374919298,0.0226109908702298
13.08,f27c2278f5bdb77b,256.417108475887,303.402853410951,322.023638125503,343.156399987659,0.512834216951773,0.505671422351586,0.495420981731543,0.490223428553798,0.0226107883979754
13.085,f27c2278f5bdb77b,256.417034021473,303.403164572191,322.023363851928,343.156437554408,0.512834068042946,0.505671940953652,0.495420559772197,0.490223482220582,0.0226105858223632
13.09,f27c2278f5bdb77b,256.416959538369,303.403475780956,322.023089543522,343.156475137153,0.512833919076738,0.505672459634927,0.495420137759265,0.490223535910219,0.022610383166519
13.095,f27c2278f5bdb77b,256.416885033543,303.403787038558,322.022815198748,343.156512729151,0.512833770067086,0.505672978397596,0.495419715690382,0.490223589613073,0.0226101804540131
13.1,f27c2278f5bdb77b,256.416810513924,303.404098346286,322.022540816108,343.156550323682,0.512833621027849,0.50567349724381,0.495419293563243,0.490223643319545,0.0226099777083036
13.105,f27c2278f5bdb77b,256.416735986244,303.404409705328,322.022266394214,343.156587914215,0.512833471972487,0.505674016175546,0.495418871375714,0.490223697020307,0.0226097749521806
13.11,f27c2278f5bdb77b,256.416661456877,303.404721116687,322.021991931865,343.156625494571,0.512833322913754,0.505674535194478,0.495418449125947,0.49022375070653,0.0226095722072249
13.115,f27c2278f5bdb77b,256.416586931701,303.405032581115,322.021717428109,343.156663059074,0.512833173863403,0.505675054301858,0.495418026812476,0.490223804370106,0.0226093694932968
13.12,f27c2278f5bdb77b,256.416512415957,303.405344099042,322.021442882307,343.156700602694,0.512833024831914,0.505675573498403,0.495417604434318,0.490223858003849,0.022609166828065
13.125,f27c2278f5bdb77b,256.41643791413,303.405655670517,322.021168294184,343.156738121169,0.512832875828261,0.505676092784195,0.495417181991052,0.49022391160167,0.022608964226591
13.13,f27c2278f5bdb77b,256.416363429854,303.405967295159,322.020893663876,343.156775611111,0.512832726859708,0.505676612158599,0.495416759482886,0.49022396515873,0.0226087617009786
13.135,f27c2278f5bdb77b,256.416288965828,303.406278972119,322.020618991963,343.156813070091,0.512832577931655,0.505677131620198,0.495416336910712,0.490224018671558,0.0226085592600969
13.14,f27c2278f5bdb77b,256.416214523763,303.40659070005,322.020344279489,343.156850496698,0.512832429047525,0.50567765116675,0.495415914276138,0.49022407213814,0.0226083569093855
13.145,f27c2278f5bdb77b,256.416140104353,303.406902477095,322.02006952798,343.156887890572,0.512832280208706,0.505678170795158,0.495415491581507,0.49022412555796,0.0226081546507463
13.15,f27c2278f5bdb77b,256.416065707271,303.407214300885,322.019794739432,343.156925252412,0.512832131414542,0.505678690501474,0.495415068829895,0.490224178932017,0.0226079524825251
13.155,f27c2278f5bdb77b,256.415991331189,303.407526168548,322.019519916308,343.156962583955,0.512831982662378,0.505679210280913,0.495414646025089,0.490224232262793,0.0226077503995848
13.16,f27c2278f5bdb77b,256.415916973826,303.407838076738,322.019245061506,343.15699988793,0.512831833947652,0.505679730127896,0.495414223171548,0.490224285554185,0.0226075483934671
13.165,f27c2278f5bdb77b,256.415842632023,303.408150021666,322.018970178327,343.157037167985,0.512831685264046,0.505680250036109,0.495413800274349,0.490224338811407,0.022607346452639
13.17,f27c2278f5bdb77b,256.415768301834,303.408461999151,322.018695270421,343.157074428593,0.512831536603669,0.505680769998585,0.49541337733911,0.490224392040848,0.0226071445628209
13.175,f27c2278f5bdb77b,256.415693978645,303.408774004679,322.018420341741,343.157111674935,0.512831387957291,0.505681290007798,0.495412954371909,0.490224445249907,0.0226069427073841
13.18,f27c2278f5bdb77b,256.415619657305,303.409086033467,322.018145396469,343.15714891276,0.51283123931461,0.505681810055778,0.495412531379183,0.490224498446799,0.0226067408678109
13.185,f27c2278f5bdb77b,256.415545332273,303.409398080536,322.017870438952,343.157186148239,0.512831090664546,0.505682330134227,0.495412108367618,0.490224551640341,0.0226065390242046
13.19,f27c2278f5bdb77b,256.415470997777,303.409710140796,322.017595473625,343.157223387802,0.512830941995554,0.505682850234659,0.495411685344039,0.490224604839718,0.022606337155836
13.195,f27c2278f5bdb77b,256.415396647977,303.41002220912,322.017320504935,343.157260637968,0.512830793295954,0.505683370348533,0.495411262315284,0.49022465805424,0.0226061352417142
13.2,f27c2278f5bdb77b,256.415322277134,303.410334280435,322.01704553726,343.157297905172,0.512830644554268,0.505683890467392,0.495410839288092,0.490224711293102,0.0226059332611655
13.205,f27c2278f5bdb77b,256.415247879771,303.410646349799,322.016770574836,343.157335195594,0.512830495759542,0.505684410582998,0.495410416268979,0.490224764565134,0.0226057311944076
13.21,f27c2278f5bdb77b,256.415173450835,303.410958412482,322.016495621685,343.157372514998,0.51283034690167,0.50568493068747,0.49540999326413,0.490224817878569,0.0226055290231013
13.215,f27c2278f5bdb77b,256.415098985845,303.411270464042,322.01622068154,343.157409868574,0.512830197971689,0.505685450773403,0.495409570279292,0.49022487124082,0.0226053267308692
13.22,f27c2278f5bdb77b,256.415024481023,303.411582500388,322.015945757793,343.157447260796,0.512830048962045,0.505685970833981,0.495409147319682,0.49022492465828,0.0226051243037658
13.225,f27c2278f5bdb77b,256.414949933416,303.411894517845,322.015670853438,343.157484695302,0.512829899866832,0.505686490863074,0.495408724389904,0.490224978136145,0.0226049217306866
13.23,f27c2278f5bdb77b,256.414875340989,303.412206513192,322.015395971028,343.15752217479,0.512829750681979,0.50568701085532,0.495408301493889,0.490225031678272,0.022604719003707
13.235,f27c2278f5bdb77b,256.414800702701,303.41251848371,322.015121112648,343.157559700942,0.512829601405401,0.505687530806183,0.495407878634843,0.49022508528706,0.0226045161183414
13.24,f27c2278f5bdb77b,256.414726018547,303.412830427196,322.01484627989,343.157597274366,0.512829452037094,0.505688050711994,0.495407455815216,0.490225138963381,0.0226043130737136
13.245,f27c2278f5bdb77b,256.414651289589,303.413142341982,322.014571473853,343.157634894577,0.512829302579178,0.505688570569969,0.495407033036697,0.490225192706538,0.0226041098726398
13.25,f27c2278f5bdb77b,256.414576517943,303.413454226924,322.014296695142,343.157672559992,0.512829153035885,0.505689090378206,0.495406610300219,0.490225246514274,0.0226039065216117
13.255,f27c2278f5bdb77b,256.41450170675,303.413766081393,322.014021943892,343.157710267966,0.512829003413499,0.505689610135655,0.495406187605988,0.490225300382808,0.0226037030306914
13.26,f27c2278f5bdb77b,256.414426860117,303.414077905242,322.013747219796,343.157748014846,0.512828853720234,0.505690129842069,0.495405764953532,0.490225354306923,0.0226034994133112
13.265,f27c2278f5bdb77b,256.414351983034,303.414389698764,322.013472522146,343.157785796056,0.512828703966068,0.50569064949794,0.495405342341763,0.490225408280081,0.0226032956859873
13.27,f27c2278f5bdb77b,256.414277081266,303.41470146264,322.013197849889,343.157823606204,0.512828554162532,0.5056911691044,0.49540491976906,0.490225462294578,0.0226030918679547
13.275,f27c2278f5bdb77b,256.414202161228,303.415013197877,322.012923201686,343.157861439209,0.512828404322456,0.505691688663128,0.495404497233363,0.490225516341727,0.0226028879807297
13.28,f27c2278f5bdb77b,256.41412722984,303.415324905731,322.012648575982,343.157899288447,0.51282825445968,0.505692208176218,0.49540407473228,0.490225570412067,0.0226026840476138
13.285,f27c2278f5bdb77b,256.414052294371,303.415636587634,322.012373971081,343.157937146915,0.512828104588741,0.505692727646057,0.495403652263201,0.490225624495592,0.0226024800931489
13.29,f27c2278f5bdb77b,256.413977362269,303.415948245109,322.012099385222,343.157975007399,0.512827954724539,0.505693247075182,0.495403229823419,0.490225678581999,0.0226022761425403
13.295,f27c2278f5bdb77b,256.413902440997,303.416259879683,322.011824816667,343.158012862654,0.512827804881993,0.505693766466138,0.495402807410257,0.490225732660934,0.0226020722210594
13.3,f27c2278f5bdb77b,256.413827537848,303.416571492799,322.011550263774,343.158050705579,0.512827655075697,0.505694285821332,0.49540238502119,0.490225786722255,0.0226018683534416
13.305,f27c2278f5bdb77b,256.413752659789,303.416883085739,322.011275725078,343.158088529395,0.512827505319577,0.505694805142898,0.495401962653966,0.490225840756279,0.0226016645632986
13.31,f27c2278f5bdb77b,256.413677813287,303.417194659532,322.011001199368,343.158126327814,0.512827355626573,0.505695324432553,0.49540154030672,0.490225894754019,0.022601460872554
13.315,f27c2278f5bdb77b,256.413603004169,303.417506214889,322.010726685751,343.158164095191,0.512827206008337,0.505695843691482,0.495401117978079,0.490225948707416,0.0226012573009215
13.32,f27c2278f5bdb77b,256.413528237483,303.417817752132,322.010452183716,343.158201826669,0.512827056474965,0.505696362920221,0.495400695667255,0.490226002609528,0.0226010538654374
13.325,f27c2278f5bdb77b,256.413453517386,303.418129271137,322.010177693179,343.158239518298,0.512826907034771,0.505696882118562,0.495400273374121,0.490226056454712,0.0226008505800592
13.33,f27c2278f5bdb77b,256.413378847051,303.418440771289,322.009903214529,343.158277167131,0.512826757694101,0.505697401285481,0.495399851099276,0.490226110238759,0.0226006474553422
13.335,f27c2278f5bdb77b,256.4133042286,303.418752251445,322.009628748654,343.1583147713,0.512826608457201,0.505697920419076,0.495399428844084,0.490226163959,0.0226004444982008
13.34,f27c2278f5bdb77b,256.413229663066,303.419063709921,322.009354296954,343.158352330058,0.512826459326132,0.505698439516535,0.495399006610699,0.490226217614369,0.0226002417117629
13.345,f27c2278f5bdb77b,256.413155150375,303.419375144478,322.009079861346,343.158389843801,0.51282631030075,0.50569895857413,0.49539858440207,0.490226271205431,0.0226000390953191
13.35,f27c2278f5bdb77b,256.413080689365,303.419686552333,322.00880544425,343.158427314051,0.512826161378731,0.505699477587222,0.495398162221923,0.490226324734359,0.0225998366443713
13.355,f27c2278f5bdb77b,256.413006277831,303.419997930181,322.00853104857,343.158464743419,0.512826012555662,0.505699996550301,0.495397740074722,0.490226378204884,0.0225996343507774
13.36,f27c2278f5bdb77b,256.412931912589,303.420309274227,322.008256677651,343.158502135532,0.512825863825178,0.505700515457045,0.495397317965617,0.490226431622189,0.0225994322029894
13.365,f27c2278f5bdb77b,256.412857589579,303.420620580238,322.007982335239,343.158539494944,0.512825715179157,0.505701034300397,0.495396895900368,0.490226484992777,0.0225992301863802
13.37,f27c2278f5bdb77b,256.412783303976,303.420931843597,322.007708025415,343.158576827012,0.512825566607952,0.505701553072662,0.495396473885254,0.490226538324302,0.0225990282836497
13.375,f27c2278f5bdb77b,256.412709050334,303.421243059376,322.007433752533,343.158614137757,0.512825418100668,0.505702071765626,0.495396051926974,0.490226591625367,0.0225988264753011
13.38,f27c2278f5bdb77b,256.412634822737,303.421554222408,322.007159521144,343.15865143371,0.512825269645475,0.50570259037068,0.495395630032529,0.4902266449053,0.0225986247401745
13.385,f27c2278f5bdb77b,256.412560614969,303.421865327378,322.006885335915,343.158688721738,0.512825121229937,0.505703108878964,0.4953952082091,0.490226698173911,0.0225984230560258
13.39,f27c2278f5bdb77b,256.412486420684,303.422176368903,322.006611201549,343.158726008863,0.512824972841369,0.505703627281506,0.495394786463921,0.490226751441234,0.0225982214001352
13.395,f27c2278f5bdb77b,256.412412233595,303.422487341627,322.006337122697,343.158763302081,0.512824824467189,0.505704145569378,0.49539436480415,0.490226804717259,0.0225980197499299
13.4,f27c2278f5bdb77b,256.412338047641,303.422798240304,322.00606310388,343.158800608174,0.512824676095283,0.505704663733841,0.495393943236739,0.490226858011677,0.0225978180836058
13.405,f27c2278f5bdb77b,256.412263857173,303.423109059895,322.005789149402,343.15883793353,0.512824527714346,0.505705181766491,0.495393521768311,0.490226911333614,0.0225976163807317
13.41,f27c2278f5bdb77b,256.412189657106,303.423419795638,322.005515263281,343.158875283975,0.512824379314213,0.505705699659396,0.495393100405048,0.490226964691392,0.0225974146228207
13.415,f27c2278f5bdb77b,256.412115443079,303.423730443131,322.005241449177,343.158912664613,0.512824230886158,0.505706217405219,0.49539267915258,0.490227018092304,0.0225972127938546
13.42,f27c2278f5bdb77b,256.412041211579,303.424040998398,322.004967710335,343.158950079688,0.512824082423158,0.505706734997329,0.4953922580159,0.490227071542412,0.0225970108807463
13.425,f27c2278f5bdb77b,256.411966960057,303.424351457938,322.004694049535,343.158987532469,0.512823933920115,0.505707252429897,0.495391836999285,0.490227125046384,0.0225968088737302
13.43,f27c2278f5bdb77b,256.411892687014,303.424661818778,322.004420469057,343.159025025152,0.512823785374028,0.505707769697963,0.495391416106241,0.490227178607359,0.0225966067666682
13.435,f27c2278f5bdb77b,256.411818392058,303.424972078495,322.004146970652,343.159062558795,0.512823636784115,0.505708286797491,0.495390995339465,0.49022723222685,0.0225964045572648
13.44,f27c2278f5bdb77b,256.411744075939,303.425282235238,322.003873555539,343.159100133285,0.512823488151877,0.505708803725396,0.495390574700829,0.490227285904692,0.022596202247185
13.445,f27c2278f5bdb77b,256.411669740552,303.425592287727,322.003600224398,343.159137747323,0.512823339481104,0.505709320479545,0.495390154191381,0.490227339639033,0.0225959998420708
13.45,f27c2278f5bdb77b,256.41159538891,303.425902235243,322.003326977394,343.159175398454,0.512823190777819,0.505709837058738,0.495389733811375,0.490227393426362,0.0225957973514568
13.455,f27c2278f5bdb77b,256.411521025087,303.426212077597,322.003053814203,343.159213083112,0.512823042050175,0.505710353462662,0.495389313560313,0.490227447261589,0.0225955947885861
13.46,f27c2278f5bdb77b,256.411446654141,303.426521815095,322.002780734057,343.159250796707,0.512822893308282,0.505710869691825,0.49538889343701,0.490227501138153,0.0225953921701293
13.465,f27c2278f5bdb77b,256.411372282001,303.42683144848,322.002507735792,343.159288533728,0.512822744564001,0.505711385747466,0.49538847343968,0.490227555048183,0.0225951895158182
13.47,f27c2278f5bdb77b,256.411297915337,303.427140978869,322.00223481792,343.159326287875,0.512822595830674,0.505711901631448,0.49538805356603,0.490227608982678,0.0225949868479954
13.475,f27c2278f5bdb77b,256.411223561415,303.427450407678,322.001961978696,343.159364052211,0.51282244712283,0.505712417346131,0.495387633813378,0.49022766293173,0.0225947841910993
13.48,f27c2278f5bdb77b,256.411149227925,303.427759736544,322.0016892162,343.159401819331,0.512822298455851,0.505712932894239,0.495387214178769,0.490227716884759,0.0225945815710918
13.485,f27c2278f5bdb77b,256.41107492281,303.428068967228,322.001416528421,343.159439581542,0.512822149845619,0.505713448278713,0.495386794659109,0.490227770830774,0.0225943790148451
13.49,f27c2278f5bdb77b,256.411000654074,303.428378101532,322.001143913343,343.159477331051,0.512822001308148,0.505713963502553,0.495386375251297,0.490227824758644,0.0225941765495031
13.495,f27c2278f5bdb77b,256.410926429603,303.428687141201,322.000871369035,343.159515060161,0.512821852859206,0.505714478568668,0.495385955952362,0.490227878657373,0.0225939742018336
13.5,f27c2278f5bdb77b,256.410852256977,303.428996087832,322.000598893733,343.159552761458,0.512821704513955,0.50571499347972,0.495385536759589,0.490227932516368,0.0225937719975866
13.505,f27c2278f5bdb77b,256.410778143293,303.429304942787,322.000326485924,343.159590427996,0.512821556286586,0.505715508237979,0.495385117670653,0.490227986325708,0.0225935699608779
13.51,f27c2278f5bdb77b,256.410704094998,303.429613707109,322.000054144422,343.15962805347,0.512821408189997,0.505716022845181,0.495384698683727,0.490228040076386,0.022593368113611
13.515,f27c2278f5bdb77b,256.410630117745,303.429922381445,321.999781868435,343.159665632376,0.512821260235489,0.505716537302408,0.495384279797592,0.490228093760537,0.0225931664749524
13.52,f27c2278f5bdb77b,256.410556216254,303.430230965984,321.99950965762,343.159703160142,0.512821112432508,0.505717051609973,0.495383861011723,0.490228147371631,0.0225929650608774
13.525,f27c2278f5bdb77b,256.410482394216,303.430539460402,321.999237512134,343.159740633248,0.512820964788432,0.505717565767337,0.49538344232636,0.490228200904639,0.0225927638837925
13.53,f27c2278f5bdb77b,256.410408654204,303.430847863821,321.998965432665,343.15977804931,0.512820817308407,0.505718079773036,0.495383023742562,0.490228254356157,0.0225925629522507
13.535,f27c2278f5bdb77b,256.410334997624,303.431156174783,321.998693420452,343.159815407141,0.512820669995248,0.505718593624639,0.495382605262234,0.490228307724487,0.0225923622707612
13.54,f27c2278f5bdb77b,256.410261424694,303.431464391236,321.998421477292,343.159852706778,0.512820522849387,0.505719107318727,0.495382186888142,0.490228361009683,0.0225921618397038
13.545,f27c2278f5bdb77b,256.410187934447,303.431772510538,321.998149605533,343.159889949482,0.512820375868894,0.505719620850897,0.495381768623896,0.490228414213546,0.0225919616553477
13.55,f27c2278f5bdb77b,256.410114524774,303.432080529476,321.997877808049,343.159927137701,0.512820229049548,0.505720134215793,0.495381350473921,0.490228467339573,0.0225917617099745
13.555,f27c2278f5bdb77b,256.410041192488,303.432388444297,321.997606088206,343.159964275009,0.512820082384975,0.505720647407162,0.495380932443395,0.490228520392869,0.0225915619921058
13.56,f27c2278f5bdb77b,256.409967933418,303.432696250757,321.997334449816,343.160001366008,0.512819935866837,0.505721160417928,0.495380514538179,0.490228573380012,0.0225913624868249
13.565,f27c2278f5bdb77b,256.409894742536,303.433003944176,321.997062897071,343.160038416217,0.512819789485071,0.505721673240293,0.495380096764725,0.490228626308882,0.0225911631761893
13.57,f27c2278f5bdb77b,256.409821614089,303.433311519514,321.996791434478,343.160075431919,0.512819643228178,0.505722185865856,0.495379679129966,0.490228679188456,0.0225909640397221
13.575,f27c2278f5bdb77b,256.409748541773,303.433618971446,321.996520066777,343.160112420004,0.512819497083546,0.505722698285743,0.495379261641195,0.490228732028577,0.022590765054969
13.58,f27c2278f5bdb77b,256.409675518901,303.433926294455,321.996248798859,343.160149387785,0.512819351037802,0.505723210490759,0.495378844305937,0.490228784839693,0.0225905661981088
13.585,f27c2278f5bdb77b,256.409602538594,303.43423348292,321.995977635675,343.160186342811,0.512819205077188,0.505723722471534,0.495378427131807,0.490228837632587,0.0225903674446004
13.59,f27c2278f5bdb77b,256.409529593973,303.434540531216,321.995706582146,343.160223292666,0.512819059187945,0.505724234218693,0.495378010126379,0.490228890418094,0.0225901687698514
13.595,f27c2278f5bdb77b,256.409456678352,303.434847433806,321.995435643073,343.160260244769,0.512818913356703,0.50572474572301,0.495377593297035,0.490228943206813,0.0225899701498901
13.6,f27c2278f5bdb77b,256.409383785429,303.435154185341,321.995164823047,343.160297206183,0.512818767570857,0.505725256975568,0.495377176650842,0.490228996008834,0.0225897715620236
13.605,f27c2278f5bdb77b,256.409310909464,303.435460780745,321.99489412637,343.160334183422,0.512818621818927,0.505725767967908,0.495376760194415,0.49022904883346,0.0225895729854678
13.61,f27c2278f5bdb77b,256.409238045447,303.435767215304,321.994623556973,343.160371182276,0.512818476090894,0.505726278692173,0.495376343933804,0.490229101688966,0.0225893744019282
13.615,f27c2278f5bdb77b,256.409165189247,303.436073484734,321.994353118357,343.160408207662,0.512818330378495,0.505726789141223,0.495375927874395,0.490229154582374,0.022589175796121
13.62,f27c2278f5bdb77b,256.409092337738,303.436379585252,321.994082813532,343.160445263479,0.512818184675475,0.505727299308754,0.495375512020818,0.490229207519255,0.0225889771562198
13.625,f27c2278f5bdb77b,256.409019488897,303.436685513623,321.993812644974,343.160482352506,0.512818038977794,0.505727809189372,0.495375096376883,0.49022926050358,0.0225887784742135
13.63,f27c2278f5bdb77b,256.408946641885,303.436991267199,321.993542614597,343.160519476319,0.512817893283769,0.505728318778665,0.495374680945534,0.490229313537599,0.0225885797461705
13.635,f27c2278f5bdb77b,256.408873797083,303.437296843942,321.993272723737,343.160556635238,0.512817747594166,0.505728828073236,0.495374265728826,0.490229366621768,0.0225883809723979
13.64,f27c2278f5bdb77b,256.408800956111,303.437602242432,321.993002973148,343.16059382831,0.512817601912222,0.505729337070719,0.49537385072792,0.490229419754728,0.0225881821574939
13.645,f27c2278f5bdb77b,256.408728121803,303.437907461857,321.992733363019,343.160631053321,0.512817456243606,0.505729845769762,0.495373435943106,0.490229472933316,0.0225879833102908
13.65,f27c2278f5bdb77b,256.408655298162,303.438212501993,321.992463893,343.160668306844,0.512817310596324,0.505730354169989,0.495373021373847,0.490229526152635,0.022587784443689
13.655,f27c2278f5bdb77b,256.408582490275,303.438517363162,321.992194562248,343.160705584315,0.51281716498055,0.505730862271937,0.495372607018843,0.490229579406164,0.0225875855743867
13.66,f27c2278f5bdb77b,256.408509704209,303.43882204618,321.991925369476,343.160742880134,0.512817019408418,0.505731370076967,0.495372192876118,0.490229632685906,0.0225873867225118
13.665,f27c2278f5bdb77b,256.408436946874,303.439126552291,321.991656313027,343.160780187808,0.512816873893748,0.505731877587152,0.495371778943118,0.490229685982583,0.0225871879111647
13.67,f27c2278f5bdb77b,256.408364225869,303.439430883093,321.991387390941,343.160817500098,0.512816728451737,0.505732384805154,0.495371365216832,0.490229739285854,0.0225869891658832
13.675,f27c2278f5bdb77b,256.408291549305,303.439735040448,321.991118601049,343.160854809198,0.512816583098611,0.505732891734079,0.495370951693922,0.490229792584568,0.022586790514043
13.68,f27c2278f5bdb77b,256.408218925624,303.440039026392,321.990849941057,343.160892106927,0.512816437851248,0.50573339837732,0.495370538370857,0.490229845867038,0.0225865919842094
13.685,f27c2278f5bdb77b,256.408146363392,303.440342843037,321.990581408641,343.16092938493,0.512816292726784,0.505733904738395,0.495370125244063,0.490229899121329,0.022586393605455
13.69,f27c2278f5bdb77b,256.408073871106,303.44064649247,321.99031300154,343.160966634884,0.512816147742212,0.505734410820783,0.495369712310062,0.490229952335548,0.0225861954066641
13.695,f27c2278f5bdb77b,256.408001456991,303.440949976653,321.990044717654,343.161003848702,0.512816002913982,0.505734916627755,0.495369299565622,0.490230005498145,0.0225859974158365
13.7,f27c2278f5bdb77b,256.407929128805,303.441253297327,321.989776555129,343.161041018738,0.512815858257611,0.505735422162212,0.495368887007891,0.490230058598198,0.0225857996594131
13.705,f27c2278f5bdb77b,256.40785689366,303.441556455922,321.989508512441,343.161078137977,0.51281571378732,0.505735927426537,0.495368474634525,0.490230111625682,0.0225856021616377
13.71,f27c2278f5bdb77b,256.40778475785,303.441859453468,321.989240588474,343.161115200208,0.512815569515699,0.505736432422447,0.495368062443807,0.490230164571725,0.0225854049439738
13.715,f27c2278f5bdb77b,256.407712726708,303.442162290528,321.988972782585,343.16115220018,0.512815425453416,0.50573693715088,0.495367650434746,0.490230217428828,0.022585208024588
13.72,f27c2278f5bdb77b,256.407640804484,303.442464967128,321.988705094653,343.161189133735,0.512815281608968,0.50573744161188,0.495367238607158,0.49023027019105,0.0225850114179181
13.725,f27c2278f5bdb77b,256.407568994247,303.442767482715,321.988437525124,343.161225997913,0.512815137988494,0.505737945804525,0.49536682696173,0.490230322854162,0.0225848151343325
13.73,f27c2278f5bdb77b,256.40749729782,303.443069836119,321.988170075038,343.161262791023,0.512814994595641,0.505738449726865,0.495366415500058,0.490230375415747,0.0225846191798943
13.735,f27c2278f5bdb77b,256.407425715749,303.443372025534,321.987902746032,343.161299512685,0.512814851431497,0.50573895337589,0.495366004224665,0.490230427875264,0.0225844235562329
13.74,f27c2278f5bdb77b,256.407354247295,303.443674048517,321.987635540344,343.161336163843,0.51281470849459,0.505739456747529,0.495365593138991,0.490230480234061,0.0225842282605287
13.745,f27c2278f5bdb77b,256.407282890474,303.443975902003,321.987368460789,343.161372746734,0.512814565780948,0.505739959836672,0.495365182247367,0.490230532495335,0.0225840332856126
13.75,f27c2278f5bdb77b,256.407211642112,303.444277582331,321.987101510722,343.161409264835,0.512814423284225,0.505740462637218,0.495364771554956,0.49023058466405,0.0225838386201744
13.755,f27c2278f5bdb77b,256.407140497946,303.444579085292,321.986834693993,343.161445722769,0.512814280995893,0.505740965142153,0.495364361067682,0.490230636746812,0.0225836442490805
13.76,f27c2278f5bdb77b,256.407069452741,303.444880406187,321.986568014886,343.161482126186,0.512814138905483,0.505741467343645,0.495363950792132,0.490230688751694,0.0225834501537887
13.765,f27c2278f5bdb77b,256.40699850044,303.445181539901,321.986301478039,343.16151848162,0.512813997000881,0.505741969233168,0.495363540735444,0.490230740688029,0.0225832563128521
13.77,f27c2278f5bdb77b,256.406927634333,303.445482480983,321.986035088369,343.161554796316,0.512813855268665,0.505742470801638,0.495363130905183,0.490230792566165,0.0225830627024997
13.775,f27c2278f5bdb77b,256.40685684724,303.445783223739,321.985768850978,343.161591078043,0.512813713694481,0.505742972039565,0.495362721309197,0.490230844397204,0.0225828692972769
13.78,f27c2278f5bdb77b,256.406786131718,303.446083762332,321.985502771059,343.161627334891,0.512813572263435,0.505743472937219,0.495362311955476,0.490230896192702,0.0225826760707334
13.785,f27c2278f5bdb77b,256.406715480258,303.446384090881,321.985236853797,343.161663575064,0.512813430960515,0.505743973484802,0.495361902851996,0.490230947964377,0.0225824829961384
13.79,f27c2278f5bdb77b,256.4066448855,303.44668420357,321.984971104272,343.161699806657,0.512813289771,0.505744473672617,0.495361494006573,0.490230999723796,0.022582290047204
13.795,f27c2278f5bdb77b,256.406574340439,303.446984094745,321.984705527363,343.161736037453,0.512813148680878,0.505744973491242,0.495361085426712,0.490231051482075,0.0225820971988033
13.8,f27c2278f5bdb77b,256.40650383862,303.447283759018,321.984440127655,343.161772274707,0.51281300767724,0.505745472931697,0.495360677119469,0.490231103249581,0.0225819044276588
13.805,f27c2278f5bdb77b,256.406433374323,303.447583191357,321.984174909359,343.161808524962,0.512812866748646,0.505745971985594,0.495360269091321,0.49023115503566,0.0225817117129865
13.81,f27c2278f5bdb77b,256.406362942732,303.447882387169,321.983909876232,343.161844793868,0.512812725885463,0.505746470645282,0.495359861348049,0.490231206848382,0.0225815190370808
13.815,f27c2278f5bdb77b,256.406292540074,303.448181342378,321.983645031519,343.161881086029,0.512812585080148,0.505746968903963,0.495359453894644,0.490231258694328,0.02258132638582
13.82,f27c2278f5bdb77b,256.406222163742,303.44848005348,321.983380377898,343.16191740488,0.512812444327484,0.5057474667558,0.495359046735228,0.4902313105784,0.0225811337490844
13.825,f27c2278f5bdb77b,256.40615181238,303.448778517592,321.983115917446,343.161953752581,0.51281230362476,0.505747964195987,0.495358639872994,0.490231362503688,0.0225809411210726
13.83,f27c2278f5bdb77b,256.40608148594,303.449076732481,321.982851651618,343.16199012996,0.512812162971881,0.505748461220802,0.495358233310182,0.490231414471372,0.022580748500509
13.835,f27c2278f5bdb77b,256.406011185707,303.44937469658,321.982587581239,343.162026536474,0.512812022371413,0.505748957827634,0.49535782704806,0.490231466480677,0.0225805558907362
13.84,f27c2278f5bdb77b,256.405940914284,303.449672408982,321.982323706519,343.162062970214,0.512811881828569,0.505749454014971,0.495357421086952,0.490231518528878,0.0225803632996908
13.845,f27c2278f5bdb77b,256.405870675555,303.449969869424,321.982060027075,343.162099427946,0.51281174135111,0.505749949782373,0.495357015426269,0.490231570611351,0.0225801707397592
13.85,f27c2278f5bdb77b,256.405800474601,303.450267078246,321.981796541978,343.162135905175,0.512811600949202,0.50575044513041,0.495356610064581,0.490231622721679,0.0225799782275228
13.855,f27c2278f5bdb77b,256.405730317594,303.450564036346,321.981533249803,343.162172396258,0.512811460635188,0.505750940060577,0.495356204999696,0.490231674851796,0.0225797857833915
13.86,f27c2278f5bdb77b,256.405660211662,303.450860745107,321.981270148702,343.162208894528,0.512811320423324,0.505751434575179,0.495355800228773,0.490231726992183,0.0225795934311401
13.865,f27c2278f5bdb77b,256.405590164725,303.451157206325,321.981007236485,343.162245392465,0.512811180329449,0.505751928677209,0.495355395748439,0.490231779132093,0.0225794011973564
13.87,f27c2278f5bdb77b,256.405520185314,303.451453422114,321.980744510704,343.162281881869,0.512811040370627,0.50575242237019,0.495354991554929,0.490231831259812,0.022579209110815
13.875,f27c2278f5bdb77b,256.405450282371,303.451749394813,321.980481968751,343.162318354065,0.512810900564743,0.505752915658021,0.495354587644232,0.49023188336295,0.022579017201793
13.88,f27c2278f5bdb77b,256.405380465043,303.452045126877,321.980219607962,343.162354800118,0.512810760930086,0.505753408544796,0.495354184012249,0.49023193542874,0.0225788255013455
13.885,f27c2278f5bdb77b,256.405310742458,303.452340620778,321.979957425712,343.162391211052,0.512810621484917,0.50575390103463,0.495353780654942,0.49023198744436,0.0225786340405567
13.89,f27c2278f5bdb77b,256.405241123517,303.452635878888,321.979695419524,343.162427578072,0.512810482247034,0.505754393131479,0.495353377568498,0.490232039397246,0.0225784428497884
13.895,f27c2278f5bdb77b,256.405171616676,303.452930903379,321.97943358716,343.162463892785,0.512810343233352,0.505754884838964,0.495352974749477,0.490232091275407,0.0225782519579448
13.9,f27c2278f5bdb77b,256.405102229749,303.453225696121,321.979171926719,343.16250014741,0.512810204459499,0.505755376160202,0.495352572194953,0.490232143067729,0.0225780613917698
13.905,f27c2278f5bdb77b,256.405032969722,303.453520258589,321.978910436718,343.162536334971,0.512810065939443,0.505755867097648,0.495352169902643,0.490232194764245,0.0225778711751988
13.91,f27c2278f5bdb77b,256.404963842585,303.453814591777,321.978649116165,343.162572449474,0.512809927685169,0.505756357652961,0.495351767871023,0.490232246356391,0.0225776813287784
13.915,f27c2278f5bdb77b,256.404894853196,303.454108696128,321.978387964621,343.162608486055,0.512809789706392,0.50575684782688,0.495351366099418,0.490232297837221,0.0225774918691702
13.92,f27c2278f5bdb77b,256.404826005168,303.454402571476,321.978126982249,343.162644441107,0.512809652010335,0.505757337619127,0.495350964588076,0.490232349201581,0.0225773028087539
13.925,f27c2278f5bdb77b,256.404757300787,303.454696217004,321.977866169843,343.162680312367,0.512809514601573,0.50575782702834,0.495350563338219,0.490232400446238,0.0225771141553351
13.93,f27c2278f5bdb77b,256.404688740967,303.454989631216,321.977605528844,343.162716098974,0.512809377481934,0.505758316052026,0.495350162352067,0.490232451569962,0.0225769259119718
13.935,f27c2278f5bdb77b,256.404620325239,303.455282811928,321.977345061342,343.162751801491,0.512809240650478,0.505758804686547,0.495349761632835,0.490232502573558,0.0225767380769201
13.94,f27c2278f5bdb77b,256.404552051772,303.45557575628,321.977084770058,343.16278742189,0.512809104103544,0.505759292927134,0.495349361184704,0.490232553459842,0.0225765506437017
13.945,f27c2278f5bdb77b,256.404483917433,303.45586846076,321.976824658306,343.162822963501,0.512808967834867,0.505759780767933,0.495348961012778,0.490232604233573,0.0225763636012942
13.95,f27c2278f5bdb77b,256.40441591788,303.456160921244,321.97656472995,343.162858430926,0.512808831835759,0.505760268202074,0.495348561123,0.490232654901323,0.0225761769344359
13.955,f27c2278f5bdb77b,256.40434804768,303.45645313306,321.976304989337,343.162893829923,0.512808696095361,0.505760755221767,0.495348161522056,0.490232705471318,0.0225759906240428
13.96,f27c2278f5bdb77b,256.40428030047,303.456745091057,321.976045441222,343.162929167252,0.51280856060094,0.505761241818428,0.495347762217264,0.490232755953217,0.0225758046477226
13.965,f27c2278f5bdb77b,256.404212669122,303.45703678969,321.975786090681,343.162964450507,0.512808425338244,0.505761727982816,0.495347363216432,0.490232806357868,0.022575618980376
13.97,f27c2278f5bdb77b,256.404145145947,303.457328223119,321.975526943016,343.162999687917,0.512808290291894,0.505762213705199,0.495346964527717,0.490232856697025,0.022575433594869
13.975,f27c2278f5bdb77b,256.404077722903,303.457619385311,321.975268003654,343.163034888132,0.512808155445805,0.505762698975519,0.495346566159468,0.490232906983045,0.0225752484627599
13.98,f27c2278f5bdb77b,256.404010391815,303.457910270148,321.97500927804,343.163070059997,0.51280802078363,0.505763183783581,0.495346168120062,0.490232957228567,0.0225750635550628
13.985,f27c2278f5bdb77b,256.403943144603,303.45820087154,321.974750771532,343.163105212325,0.512807886289206,0.505763668119233,0.495345770417741,0.490233007446179,0.0225748788430278
13.99,f27c2278f5bdb77b,256.403875973505,303.458491183535,321.974492489296,343.163140353665,0.512807751947009,0.505764151972558,0.495345373060455,0.490233057648093,0.0225746942989167
13.995,f27c2278f5bdb77b,256.403808871289,303.45878120043,321.974234436207,343.163175492074,0.512807617742578,0.505764635334049,0.495344976055704,0.49023310784582,0.0225745098967575
14,f27c2278f5bdb77b,256.403741831463,303.459070916871,321.973976616757,343.163210634909,0.512807483662926,0.505765118194785,0.495344579410395,0.49023315804987,0.0225743256130567
14.005,f27c2278f5bdb77b,256.403674848457,303.45936032795,321.973719034968,343.163245788626,0.512807349696914,0.505765600546583,0.495344183130719,0.490233208269465,0.0225741414274487
14.01,f27c2278f5bdb77b,256.403607917784,303.459649429284,321.973461694323,343.163280958609,0.512807215835569,0.505766082382139,0.495343787222035,0.490233258512298,0.0225739573232705
14.015,f27c2278f5bdb77b,256.40354103618,303.459938217088,321.973204597708,343.163316149023,0.512807082072361,0.505766563695146,0.495343391688782,0.490233308784319,0.0225737732880419
14.02,f27c2278f5bdb77b,256.403474201704,303.460226688231,321.972947747369,343.163351362696,0.512806948403408,0.505767044480385,0.495342996534413,0.490233359089566,0.022573589313842
14.025,f27c2278f5bdb77b,256.403407413811,303.460514840272,321.97269114488,343.163386601037,0.512806814827623,0.505767524733786,0.495342601761353,0.490233409430053,0.0225734053975694
14.03,f27c2278f5bdb77b,256.403340673389,303.460802671483,321.97243479114,343.163421863988,0.512806681346779,0.505768004452471,0.495342207370984,0.490233459805697,0.0225732215410817
14.035,f27c2278f5bdb77b,256.403273982756,303.461090180853,321.972178686376,343.163457150014,0.512806547965513,0.505768483634756,0.495341813363655,0.490233510214306,0.0225730377512064
14.04,f27c2278f5bdb77b,256.403207345624,303.461377368073,321.971922830168,343.163492456134,0.512806414691249,0.505768962280122,0.495341419738721,0.49023356065162,0.0225728540396287
14.045,f27c2278f5bdb77b,256.403140767025,303.461664233502,321.971667221492,343.163527777981,0.512806281534051,0.50576944038917,0.495341026494603,0.490233611111401,0.0225726704226499
14.05,f27c2278f5bdb77b,256.403074253205,303.461950778117,321.971411858773,343.163563109905,0.51280614850641,0.505769917963529,0.495340633628881,0.490233661585578,0.0225724869208317
14.055,f27c2278f5bdb77b,256.403007811483,303.462237003452,321.971156739958,343.163598445108,0.512806015622965,0.505770395005753,0.495340241138397,0.49023371206444,0.0225723035585257
14.06,f27c2278f5bdb77b,256.402941450086,303.46252291151,321.9709018626,343.163633775804,0.512805882900171,0.505770871519184,0.495339849019385,0.490233762536863,0.0225721203633085
14.065,f27c2278f5bdb77b,256.402875177958,303.46280850468,321.970647223952,343.163669093411,0.512805750355915,0.505771347507799,0.495339457267619,0.490233812990586,0.0225719373653289
14.07,f27c2278f5bdb77b,256.40280900455,303.463093785626,321.970392821066,343.163704388758,0.5128056180091,0.505771822976043,0.495339065878563,0.490233863412511,0.0225717545965889
14.075,f27c2278f5bdb77b,256.402742939598,303.463378757184,321.970138650903,343.163739652316,0.512805485879196,0.50577229792864,0.495338674847543,0.490233913789022,0.0225715720901736
14.08,f27c2278f5bdb77b,256.402676992888,303.463663422244,321.969884710441,343.163774874428,0.512805353985776,0.505772772370406,0.495338284169909,0.490233964106325,0.0225713898794502
14.085,f27c2278f5bdb77b,256.402611174025,303.463947783635,321.969630996786,343.163810045554,0.51280522234805,0.505773246306058,0.49533789384121,0.490234014350792,0.0225712079972583
14.09,f27c2278f5bdb77b,256.402545492202,303.46423184401,321.969377507281,343.163845156507,0.512805090984404,0.505773719740017,0.495337503857355,0.490234064509296,0.0225710264751084
14.095,f27c2278f5bdb77b,256.40247995598,303.464515605736,321.969124239601,343.163880198683,0.51280495991196,0.505774192676227,0.495337114214771,0.490234114569547,0.0225708453424125
14.1,f27c2278f5bdb77b,256.402414573081,303.464799070788,321.968871191854,343.163915164277,0.512804829146162,0.50577466511798,0.495336724910544,0.490234164520396,0.0225706646257656
14.105,f27c2278f5bdb77b,256.402349350206,303.465082240656,321.968618362657,343.163950046481,0.512804698700411,0.50577513706776,0.495336335942549,0.490234214352116,0.0225704843482951
14.11,f27c2278f5bdb77b,256.402284292873,303.465365116264,321.968365751209,343.163984839654,0.512804568585746,0.505775608527106,0.495335947309553,0.490234264056649,0.0225703045290974
14.115,f27c2278f5bdb77b,256.402219405291,303.4656476979,321.968113357345,343.164019539464,0.512804438810581,0.5057760794965,0.4953355590113,0.490234313627806,0.0225701251827752
14.12,f27c2278f5bdb77b,256.402154690259,303.465929985165,321.967861181574,343.164054143002,0.512804309380518,0.505776549975276,0.495335171048575,0.490234363061431,0.0225699463190867
14.125,f27c2278f5bdb77b,256.40209014911,303.46621197694,321.967609225101,343.16408864885,0.512804180298219,0.505777019961566,0.495334783423232,0.4902344123555,0.0225697679427187
14.13,f27c2278f5bdb77b,256.402025781682,303.466493671364,321.96735748983,343.164123057124,0.512804051563364,0.505777489452273,0.495334396138201,0.490234461510177,0.0225695900531869
14.135,f27c2278f5bdb77b,256.401961586337,303.466775065845,321.967105978354,343.164157369464,0.512803923172675,0.505777958443074,0.495334009197468,0.490234510527806,0.0225694126448691
14.14,f27c2278f5bdb77b,256.401897560012,303.467056157073,321.966854693916,343.164191588999,0.512803795120024,0.505778426928455,0.495333622606024,0.490234559412856,0.0225692357071686
14.145,f27c2278f5bdb77b,256.401833698305,303.467336941067,321.966603640364,343.164225720263,0.512803667396611,0.505778894901779,0.495333236369791,0.490234608171804,0.0225690592248062
14.15,f27c2278f5bdb77b,256.401769995603,303.467617413227,321.966352822089,343.164259769081,0.512803539991206,0.505779362355379,0.495332850495521,0.490234656812973,0.0225688831782322
14.155,f27c2278f5bdb77b,256.401706445232,303.467897568408,321.96610224394,343.16429374242,0.512803412890464,0.50577982928068,0.495332464990676,0.490234705346315,0.0225687075441494
14.16,f27c2278f5bdb77b,256.401643039644,303.468177401009,321.965851911139,343.164327648208,0.512803286079288,0.505780295668349,0.49533207986329,0.490234753783155,0.0225685322961334
14.165,f27c2278f5bdb77b,256.40157977062,303.468456905071,321.965601829176,343.164361495133,0.512803159541239,0.505780761508452,0.49533169512181,0.490234802135904,0.0225683574053352
14.17,f27c2278f5bdb77b,256.401516629493,303.468736074387,321.965352003706,343.164395292415,0.512803033258985,0.505781226790645,0.495331310774932,0.490234850417736,0.0225681828412493
14.175,f27c2278f5bdb77b,256.401453607385,303.469014902615,321.965102440428,343.164429049572,0.512802907214771,0.505781691504358,0.495330926831427,0.490234898642246,0.022568008572525
14.18,f27c2278f5bdb77b,256.401390695451,303.469293383402,321.964853144978,343.164462776169,0.512802781390902,0.505782155639003,0.495330543299966,0.490234946823098,0.0225678345678039
14.185,f27c2278f5bdb77b,256.401327885116,303.4695715105,321.964604122814,343.16449648157,0.512802655770232,0.505782619184167,0.495330160188944,0.490234994973671,0.0225676607965605
14.19,f27c2278f5bdb77b,256.401265168314,303.469849277889,321.964355379104,343.164530174693,0.512802530336629,0.505783082129815,0.495329777506313,0.490235043106705,0.0225674872299241
14.195,f27c2278f5bdb77b,256.401202537714,303.470126679884,321.964106918625,343.164563863777,0.512802405075428,0.505783544466473,0.495329395259424,0.490235091233967,0.0225673138414617
14.2,f27c2278f5bdb77b,256.401139986922,303.470403711245,321.963858745674,343.164597556159,0.512802279973843,0.505784006185409,0.495329013454884,0.490235139365941,0.022567140607902
14.205,f27c2278f5bdb77b,256.401077510664,303.470680367271,321.963610863981,343.164631258083,0.512802155021329,0.505784467278785,0.495328632098432,0.490235187511548,0.0225669675097812
14.21,f27c2278f5bdb77b,256.401015104947,303.470956643877,321.963363276646,343.16466497453,0.512802030209893,0.505784927739795,0.49532825119484,0.4902352356779,0.0225667945319926
14.215,f27c2278f5bdb77b,256.400952767171,303.471232537663,321.963115986088,343.164698709078,0.512801905534341,0.505785387562771,0.495327870747828,0.490235283870112,0.0225666216642292
14.22,f27c2278f5bdb77b,256.400890496226,303.47150804596,321.962868994011,343.164732463804,0.512801780992451,0.505785846743267,0.495327490760016,0.490235332091148,0.0225664489013035
14.225,f27c2278f5bdb77b,256.400828292536,303.471783166863,321.962622301388,343.164766239214,0.512801656585072,0.505786305278105,0.495327111232904,0.490235380341734,0.0225662762433386
14.23,f27c2278f5bdb77b,256.400766158073,303.472057899238,321.962375908464,343.164800034225,0.512801532316145,0.505786763165397,0.495326732166868,0.490235428620322,0.0225661036958236
14.235,f27c2278f5bdb77b,256.400704096323,303.472332242717,321.962129814781,343.164833846179,0.512801408192646,0.505787220404528,0.495326353561201,0.490235476923113,0.0225659312695327
14.24,f27c2278f5bdb77b,256.400642112224,303.472606197666,321.961884019212,343.164867670898,0.512801284224449,0.50578767699611,0.495325975414172,0.49023552524414,0.022565758980309
14.245,f27c2278f5bdb77b,256.400580212057,303.472879765142,321.961638520023,343.164901502778,0.512801160424114,0.505788132941903,0.495325597723112,0.490235573575397,0.022565586848717
14.25,f27c2278f5bdb77b,256.400518403306,303.473152946824,321.961393314943,343.164935334926,0.512801036806611,0.505788588244707,0.495325220484528,0.490235621907038,0.0225654148995736
14.255,f27c2278f5bdb77b,256.400456694486,303.473425744937,321.961148401254,343.164969159322,0.512800913388973,0.505789042908228,0.495324843694237,0.490235670227603,0.0225652431613697
14.26,f27c2278f5bdb77b,256.400395094949,303.473698162152,321.960903775884,343.165002967014,0.512800790189899,0.505789496936921,0.495324467347514,0.490235718524305,0.0225650716655934
14.265,f27c2278f5bdb77b,256.400333614657,303.473970201485,321.960659435521,343.165036748337,0.512800667229314,0.505789950335808,0.495324091439263,0.490235766783338,0.0225649004459761
14.27,f27c2278f5bdb77b,256.400272263948,303.474241866176,321.960415376722,343.165070493154,0.512800544527897,0.505790403110293,0.495323715964188,0.490235814990219,0.0225647295376775
14.275,f27c2278f5bdb77b,256.400211053289,303.474513159572,321.960171596035,343.165104191104,0.512800422106579,0.505790855265953,0.495323340916977,0.490235863130148,0.0225645589764306
14.28,f27c2278f5bdb77b,256.400149993022,303.474784084998,321.959928090117,343.165137831863,0.512800299986045,0.50579130680833,0.495322966292487,0.490235911188376,0.0225643887976691
14.285,f27c2278f5bdb77b,256.400089093115,303.475054645638,321.959684855847,343.1651714054,0.512800178186231,0.505791757742729,0.495322592085919,0.490235959150571,0.0225642190356595
14.29,f27c2278f5bdb77b,256.400028362922,303.475324844406,321.959441890443,343.165204902229,0.512800056725843,0.50579220807401,0.49532221829299,0.490236007003184,0.0225640497226589
14.295,f27c2278f5bdb77b,256.399967810953,303.475594683839,321.959199191559,343.165238313649,0.512799935621905,0.505792657806399,0.495321844910091,0.490236054733784,0.0225638808881211
14.3,f27c2278f5bdb77b,256.399907444672,303.475864165986,321.958956757381,343.165271631961,0.512799814889345,0.50579310694331,0.495321471934432,0.490236102331373,0.0225637125579714
14.305,f27c2278f5bdb77b,256.399847270318,303.476133292315,321.9587145867,343.165304850667,0.512799694540636,0.505793555487192,0.495321099364154,0.490236149786667,0.022563544753969
14.31,f27c2278f5bdb77b,256.39978729275,303.476402063637,321.958472678984,343.165337964629,0.512799574585499,0.505794003439395,0.495320727198438,0.490236197092327,0.0225633774931721
14.315,f27c2278f5bdb77b,256.399727515337,303.47667048004,321.958231034416,343.165370970207,0.512799455030675,0.505794450800066,0.495320355437563,0.490236244243152,0.0225632107875225
14.32,f27c2278f5bdb77b,256.399667939883,303.476938540846,321.957989653925,343.165403865345,0.512799335879766,0.505794897568077,0.495319984082962,0.490236291236208,0.0225630446435584
14.325,f27c2278f5bdb77b,256.399608566584,303.477206244589,321.957748539195,343.165436649632,0.512799217133167,0.505795343740982,0.495319613137223,0.490236338070903,0.0225628790622641
14.33,f27c2278f5bdb77b,256.399549394035,303.477473589004,321.957507692654,343.165469324306,0.51279909878807,0.505795789315007,0.495319242604084,0.490236384749009,0.0225627140390616
14.335,f27c2278f5bdb77b,256.399490419278,303.477740571048,321.957267117445,343.165501892229,0.512798980838555,0.505796234285081,0.495318872488377,0.490236431274613,0.0225625495639426
14.34,f27c2278f5bdb77b,256.399431637879,303.478007186934,321.957026817375,343.165534357812,0.512798863275759,0.50579667864489,0.495318502795962,0.490236477654016,0.0225623856217422
14.345,f27c2278f5bdb77b,256.399373044059,303.478273432184,321.956786796853,343.165566726903,0.512798746088119,0.505797122386974,0.49531813353362,0.490236523895576,0.0225622221925428
14.35,f27c2278f5bdb77b,256.399314630846,303.478539301705,321.956547060806,343.165599006643,0.512798629261692,0.505797565502841,0.495317764708933,0.49023657000949,0.0225620592522022
14.355,f27c2278f5bdb77b,256.399256390264,303.478804789874,321.956307614587,343.165631205275,0.512798512780528,0.505798007983123,0.495317396330134,0.490236616007536,0.0225618967729913
14.36,f27c2278f5bdb77b,256.399198313551,303.479069890642,321.956068463864,343.165663331943,0.512798396627101,0.505798449817737,0.495317028405945,0.490236661902775,0.0225617347243258
14.365,f27c2278f5bdb77b,256.399140391392,303.479334597651,321.955829614511,343.165695396447,0.512798280782783,0.505798890996084,0.495316660945402,0.49023670770921,0.0225615730735735
14.37,f27c2278f5bdb77b,256.399082614171,303.479598904349,321.955591072482,343.165727408997,0.512798165228342,0.505799331507249,0.495316293957665,0.490236753441425,0.0225614117869168
14.375,f27c2278f5bdb77b,256.399024972231,303.479862804127,321.955352843692,343.165759379949,0.512798049944463,0.505799771340212,0.495315927451834,0.490236799114213,0.0225612508302493
14.38,f27c2278f5bdb77b,256.398967456136,303.48012629044,321.955114933891,343.165791319533,0.512797934912271,0.505800210484067,0.495315561436756,0.49023684474219,0.0225610901700816
14.385,f27c2278f5bdb77b,256.398910056923,303.480389356942,321.954877348549,343.165823237586,0.512797820113846,0.505800648928237,0.495315195920844,0.490236890339409,0.0225609297744369
14.39,f27c2278f5bdb77b,256.398852766355,303.480651997606,321.954640092738,343.165855143301,0.51279770553271,0.505801086662677,0.495314830911905,0.490236935919001,0.0225607696137092
14.395,f27c2278f5bdb77b,256.398795577144,303.480914206845,321.954403171036,343.165887044976,0.512797591154288,0.505801523678075,0.495314466416978,0.490236981492822,0.0225606096614658
14.4,f27c2278f5bdb77b,256.398738483157,303.481175979612,321.95416658743,343.1659189498,0.512797476966314,0.50580195996602,0.495314102442201,0.490237027071143,0.0225604498951706
14.405,f27c2278f5bdb77b,256.398681479591,303.4814373115,321.953930345247,343.165950863661,0.512797362959183,0.505802395519167,0.495313738992688,0.490237072662373,0.0225602902968103
14.41,f27c2278f5bdb77b,256.398624563118,303.481698198813,321.95369444709,343.165982790979,0.512797249126236,0.505802830331356,0.495313376072445,0.490237118272827,0.0225601308534094
14.415,f27c2278f5bdb77b,256.398567731986,303.481958638628,321.953458894796,343.166014734589,0.512797135463972,0.505803264397714,0.495313013684302,0.490237163906556,0.0225599715574153
14.42,f27c2278f5bdb77b,256.398510986087,303.482218628833,321.953223689423,343.166046695657,0.512797021972173,0.505803697714722,0.495312651829882,0.490237209565224,0.0225598124069495
14.425,f27c2278f5bdb77b,256.398454326979,303.48247816815,321.952988831239,343.166078673633,0.512796908653958,0.505804130280249,0.495312290509598,0.490237255248047,0.0225596534059109
14.43,f27c2278f5bdb77b,256.398397757869,303.482737256126,321.952754319744,343.166110666261,0.512796795515738,0.505804562093544,0.495311929722682,0.490237300951801,0.022559494563937
14.435,f27c2278f5bdb77b,256.398341283549,303.482995893121,321.95252015371,343.16614266962,0.512796682567098,0.505804993155201,0.495311569467246,0.490237346670886,0.0225593358962126
14.44,f27c2278f5bdb77b,256.398284910295,303.483254080253,321.952286331238,343.166174678214,0.512796569820589,0.505805423467088,0.495311209740366,0.490237392397449,0.0225591774231402
14.445,f27c2278f5bdb77b,256.398228645724,303.483511819345,321.952052849829,343.166206685102,0.512796457291448,0.505805853032242,0.495310850538199,0.490237438121574,0.0225590191698738
14.45,f27c2278f5bdb77b,256.398172498623,303.483769112839,321.951819706477,343.166238682061,0.512796344997245,0.505806281854732,0.495310491856119,0.490237483831516,0.0225588611657297
14.455,f27c2278f5bdb77b,256.398116478738,303.484025963699,321.951586897772,343.16627065979,0.512796232957476,0.505806709939499,0.49531013368888,0.490237529513986,0.0225587034434896
14.46,f27c2278f5bdb77b,256.398060596546,303.484282375305,321.951354420013,343.166302608137,0.512796121193092,0.505807137292175,0.495309776030789,0.490237575154481,0.022558546038611
14.465,f27c2278f5bdb77b,256.398004863001,303.484538351325,321.951122269329,343.166334516345,0.512796009726003,0.505807563918875,0.495309418875891,0.490237620737636,0.022558388988367
14.47,f27c2278f5bdb77b,256.397949289273,303.484793895592,321.950890441808,343.166366373327,0.512795898578546,0.505807989825987,0.495309062218167,0.490237666247609,0.0225582323309368
14.475,f27c2278f5bdb77b,256.397893886473,303.485049011968,321.950658933625,343.166398167935,0.512795787772946,0.505808415019946,0.49530870605173,0.490237711668478,0.022558076104468
14.48,f27c2278f5bdb77b,256.397838665386,303.485303704208,321.950427741163,343.166429889243,0.512795677330772,0.505808839507013,0.49530835037102,0.490237756984633,0.0225579203461381
14.485,f27c2278f5bdb77b,256.397783636206,303.485557975829,321.950196861142,343.166461526823,0.512795567272411,0.505809263293049,0.495307995170987,0.490237802181176,0.0225577650912351
14.49,f27c2278f5bdb77b,256.397728808287,303.485811829985,321.949966290725,343.166493071003,0.512795457616574,0.505809686383309,0.495307640447269,0.49023784724429,0.0225576103722846
14.495,f27c2278f5bdb77b,256.397674189917,303.486065269345,321.949736027625,343.166524513114,0.512795348379833,0.505810108782242,0.495307286196346,0.490237892161591,0.0225574562182423
14.5,f27c2278f5bdb77b,256.397619788111,303.486318295989,321.949506070189,343.166555845711,0.512795239576221,0.505810530493315,0.495306932415676,0.490237936922445,0.0225573026537763
14.505,f27c2278f5bdb77b,256.397565608444,303.486570911317,321.949276417475,343.166587062764,0.512795131216889,0.505810951518861,0.495306579103808,0.490237981518234,0.0225571496986552
14.51,f27c2278f5bdb77b,256.397511654919,303.486823115974,321.949047069302,343.166618159805,0.512795023309837,0.505811371859957,0.495306226260464,0.490238025942579,0.0225569973672583
14.515,f27c2278f5bdb77b,256.397457929864,303.487074909797,321.948818026285,343.166649134054,0.512794915859729,0.505811791516328,0.495305873886592,0.490238070191506,0.0225568456682231
14.52,f27c2278f5bdb77b,256.397404433891,303.487326291775,321.948589289853,343.166679984481,0.512794808867781,0.505812210486292,0.495305521984389,0.490238114263545,0.0225566946042369
14.525,f27c2278f5bdb77b,256.397351165877,303.487577260043,321.948360862238,343.166710711842,0.512794702331755,0.505812628766738,0.495305170557289,0.490238158159774,0.0225565441719803
14.53,f27c2278f5bdb77b,256.397298123009,303.487827811883,321.948132746451,343.166741318656,0.512794596246018,0.505813046353139,0.495304819609925,0.490238201883795,0.0225563943622228
14.535,f27c2278f5bdb77b,256.397245300856,303.488077943761,321.947904946235,343.166771809148,0.512794490601711,0.505813463239601,0.495304469148054,0.490238245441641,0.0225562451600707
14.54,f27c2278f5bdb77b,256.397192693493,303.488327651372,321.947677465995,343.166802189139,0.512794385386987,0.505813879418954,0.495304119178454,0.490238288841627,0.0225560965453598
14.545,f27c2278f5bdb77b,256.397140293663,303.488576929719,321.947450310718,343.166832465899,0.512794280587327,0.505814294882866,0.495303769708797,0.490238332094141,0.0225559484931856
14.55,f27c2278f5bdb77b,256.397088092966,303.488825773195,321.947223485873,343.166862647965,0.512794176185933,0.505814709621992,0.495303420747497,0.490238375211379,0.0225558009745541
14.555,f27c2278f5bdb77b,256.397036082087,303.489074175692,321.946996997299,343.166892744922,0.512794072164173,0.505815123626153,0.495303072303537,0.490238418207032,0.0225556539571415
14.56,f27c2278f5bdb77b,256.396984251041,303.489322130718,321.946770851083,343.166922767158,0.512793968502081,0.50581553688453,0.495302724386282,0.49023846109594,0.0225555074061411
14.565,f27c2278f5bdb77b,256.396932589443,303.489569631527,321.946545053434,343.166952725596,0.512793865178886,0.505815949385878,0.495302377005282,0.490238503893709,0.0225553612851766
14.57,f27c2278f5bdb77b,256.396881086784,303.489816671255,321.946319610545,343.166982631416,0.512793762173568,0.505816361118759,0.495302030170069,0.490238546616309,0.0225552155572591
14.575,f27c2278f5bdb77b,256.396829732712,303.490063243058,321.946094528467,343.167012495763,0.512793659465424,0.505816772071764,0.49530168388995,0.490238589279661,0.0225550701857633
14.58,f27c2278f5bdb77b,256.396778517311,303.490309340253,321.945869812978,343.167042329458,0.512793557034623,0.505817182233755,0.495301338173812,0.490238631899225,0.0225549251353976
14.585,f27c2278f5bdb77b,256.396727431372,303.490554956452,321.945645469457,343.167072142719,0.512793454862744,0.505817591594087,0.495300993029933,0.490238674489599,0.0225547803731448
14.59,f27c2278f5bdb77b,256.396676466639,303.490800085696,321.945421502773,343.167101944892,0.512793352933279,0.505818000142826,0.495300648465805,0.490238717064132,0.022554635869147
14.595,f27c2278f5bdb77b,256.396625616044,303.491044722566,321.945197917186,343.167131744203,0.512793251232089,0.505818407870944,0.495300304487979,0.490238759634575,0.0225544915975132
14.6,f27c2278f5bdb77b,256.396574873901,303.491288862299,321.94497471626,343.16716154754,0.512793149747802,0.505818814770498,0.495299961101939,0.490238802210771,0.0225543475370306
14.605,f27c2278f5bdb77b,256.396524236069,303.491532500868,321.944751902795,343.167191360269,0.512793048472138,0.505819220834779,0.495299618311992,0.490238844800384,0.0225542036717544
14.61,f27c2278f5bdb77b,256.396473700082,303.491775635057,321.944529478776,343.167221186085,0.512792947400164,0.505819626058429,0.495299276121194,0.490238887408692,0.0225540599914714
14.615,f27c2278f5bdb77b,256.396423265226,303.492018262516,321.944307445352,343.167251026907,0.512792846530451,0.505820030437526,0.49529893453131,0.490238930038439,0.0225539164920127
14.62,f27c2278f5bdb77b,256.396372932579,303.492260381782,321.944085802821,343.167280882818,0.512792745865158,0.505820433969637,0.495298593542801,0.49023897268974,0.0225537731754178
14.625,f27c2278f5bdb77b,256.396322705005,303.492501992293,321.943864550651,343.167310752051,0.512792645410011,0.505820836653822,0.495298253154847,0.490239015360073,0.0225536300499379
14.63,f27c2278f5bdb77b,256.396272587099,303.492743094368,321.943643687513,343.167340631021,0.512792545174197,0.505821238490613,0.495297913365404,0.490239058044316,0.0225534871298816
14.635,f27c2278f5bdb77b,256.396222585085,303.49298368917,321.943423211339,343.167370514406,0.51279244517017,0.505821639481951,0.49529757417129,0.490239100734866,0.0225533444353044
14.64,f27c2278f5bdb77b,256.396172706684,303.493223778647,321.943203119397,343.167400395272,0.512792345413368,0.505822039631078,0.495297235568304,0.490239143421817,0.0225532019915511
14.645,f27c2278f5bdb77b,256.396122960928,303.493463365449,321.942983408387,343.167430265236,0.512792245921855,0.505822438942415,0.495296897551365,0.490239186093194,0.0225530598286609
14.65,f27c2278f5bdb77b,256.396073357949,303.493702452834,321.942764074544,343.167460114674,0.512792146715897,0.50582283742139,0.495296560114683,0.490239228735248,0.0225529179806492
14.655,f27c2278f5bdb77b,256.396023908737,303.49394104455,321.942545113761,343.167489932952,0.512792047817475,0.50582323507425,0.495296223251939,0.490239271332788,0.0225527764846866
14.66,f27c2278f5bdb77b,256.395974624877,303.494179144712,321.942326521718,343.167519708693,0.512791949249754,0.505823631907854,0.49529588695649,0.490239313869561,0.022552635380193
14.665,f27c2278f5bdb77b,256.395925518261,303.494416757663,321.94210829402,343.167549430056,0.512791851036522,0.505824027929439,0.495295551221569,0.490239356328651,0.0225524947078712
14.67,f27c2278f5bdb77b,256.395876600805,303.494653887833,321.941890426327,343.167579085035,0.512791753201611,0.505824423146388,0.495295216040503,0.490239398692907,0.0225523545087043
14.675,f27c2278f5bdb77b,256.395827884153,303.494890539592,321.941672914498,343.167608661756,0.512791655768306,0.505824817565987,0.495294881406921,0.490239440945366,0.02255221482294
14.68,f27c2278f5bdb77b,256.39577937939,303.495126717108,321.941455754721,343.167638148781,0.512791558758781,0.50582521119518,0.495294547314955,0.490239483069687,0.0225520756890932
14.685,f27c2278f5bdb77b,256.395731096772,303.495362424205,321.941238943632,343.167667535391,0.512791462193544,0.505825604040342,0.495294213759434,0.490239525050558,0.0225519371429859
14.69,f27c2278f5bdb77b,256.39568304547,303.495597664235,321.941022478435,343.16769681186,0.51279136609094,0.505825996107058,0.495293880736054,0.490239566874086,0.0225517992168539
14.695,f27c2278f5bdb77b,256.395635233345,303.495832439954,321.940806356995,343.167725969705,0.512791270466691,0.505826387399923,0.495293548241532,0.490239608528151,0.0225516619385404
14.7,f27c2278f5bdb77b,256.395587666757,303.496066753421,321.940590577924,343.167755001899,0.512791175333513,0.505826777922368,0.495293216273729,0.490239650002713,0.0225515253308003
14.705,f27c2278f5bdb77b,256.395540350402,303.496300605909,321.940375140637,343.167783903051,0.512791080700804,0.505827167676515,0.49529288483175,0.490239691290074,0.0225513894107301
14.71,f27c2278f5bdb77b,256.395493287207,303.496533997838,321.940160045405,343.16781266955,0.512790986574413,0.505827556663064,0.495292553916007,0.490239732385072,0.0225512541893413
14.715,f27c2278f5bdb77b,256.395446478253,303.496766928728,321.939945293364,343.167841299654,0.512790892956506,0.505827944881214,0.495292223528253,0.49023977328522,0.0225511196712862
14.72,f27c2278f5bdb77b,256.39539992276,303.496999397176,321.939730886524,343.167869793541,0.512790799845519,0.505828332328627,0.495291893671575,0.490239813990772,0.0225509858547471
14.725,f27c2278f5bdb77b,256.395353618104,303.497231400857,321.939516827735,343.167898153304,0.512790707236208,0.505828719001428,0.495291564350361,0.49023985450472,0.022550852731488
14.73,f27c2278f5bdb77b,256.395307559898,303.497462936547,321.939303120649,343.167926382907,0.512790615119796,0.505829104894245,0.495291235570229,0.490239894832724,0.0225507202870719
14.735,f27c2278f5bdb77b,256.395261742103,303.49769400017,321.939089769649,343.167954488078,0.512790523484206,0.505829490000284,0.495290907337922,0.490239934982968,0.0225505885012373
14.74,f27c2278f5bdb77b,256.395216157192,303.497924586869,321.938876779766,343.167982476173,0.512790432314385,0.505829874311448,0.495290579661178,0.490239974965962,0.0225504573484229
14.745,f27c2278f5bdb77b,256.39517079635,303.49815469109,321.938664156572,343.168010355988,0.512790341592701,0.505830257818484,0.495290252548572,0.490240014794268,0.0225503267984325
14.75,f27c2278f5bdb77b,256.395125649704,303.498384306696,321.938451906068,343.168038137532,0.512790251299407,0.505830640511159,0.495289926009336,0.490240054482189,0.0225501968172183
14.755,f27c2278f5bdb77b,256.395080706584,303.498613427082,321.938240034553,343.168065831781,0.512790161413168,0.50583102237847,0.495289600053159,0.490240094045401,0.0225500673677672
14.76,f27c2278f5bdb77b,256.395035955808,303.498842045318,321.938028548487,343.168093450386,0.512790071911617,0.505831403408864,0.49528927468998,0.490240133500552,0.0225499384110648
14.765,f27c2278f5bdb77b,256.394991385976,303.499070154289,321.937817454349,343.168121005386,0.512789982771953,0.505831783590481,0.495288949929767,0.490240172864838,0.0225498099071148
14.77,f27c2278f5bdb77b,256.394946985773,303.499297746841,321.937606758496,343.168148508891,0.512789893971545,0.505832162911401,0.495288625782301,0.490240212155558,0.0225496818159873
14.775,f27c2278f5bdb77b,256.394902744269,303.499524815939,321.937396467023,343.168175972768,0.512789805488538,0.505832541359899,0.495288302256959,0.490240251389669,0.0225495540988691
14.78,f27c2278f5bdb77b,256.394858651217,303.499751354813,321.937186585629,343.168203408342,0.512789717302434,0.505832918924688,0.495287979362506,0.490240290583345,0.0225494267190892
14.785,f27c2278f5bdb77b,256.394814697325,303.499977357097,321.936977119489,343.168230826089,0.51278962939465,0.505833295595162,0.495287657106906,0.490240329751556,0.0225492996430939
14.79,f27c2278f5bdb77b,256.39477087451,303.500202816968,321.93676807315,343.168258235372,0.51278954174902,0.505833671361614,0.495287335497154,0.490240368907674,0.0225491728413455
14.795,f27c2278f5bdb77b,256.394727176123,303.500427729262,321.936559450429,343.168285644187,0.512789454352245,0.505834046215436,0.495287014539122,0.490240408063124,0.0225490462891213
14.8,f27c2278f5bdb77b,256.394683597133,303.500652089578,321.936351254338,343.168313058951,0.512789367194267,0.505834420149297,0.495286694237442,0.490240447227073,0.0225489199671938
14.805,f27c2278f5bdb77b,256.394640134279,303.500875894364,321.936143487026,343.168340484331,0.512789280268558,0.505834793157274,0.495286374595424,0.490240486406187,0.0225487938623714
14.81,f27c2278f5bdb77b,256.394596786165,303.501099140981,321.935936149745,343.168367923109,0.51278919357233,0.505835165234969,0.495286055614992,0.490240525604441,0.0225486679678886
14.815,f27c2278f5bdb77b,256.394553553318,303.501321827741,321.935729242837,343.168395376104,0.512789107106637,0.505835536379568,0.495285737296673,0.490240564823005,0.0225485422836315
14.82,f27c2278f5bdb77b,256.394510438194,303.501543953925,321.935522765745,343.168422842135,0.512789020876389,0.505835906589875,0.495285419639608,0.490240604060193,0.0225484168161957
14.825,f27c2278f5bdb77b,256.394467445132,303.501765519778,321.935316717045,343.168450318045,0.512788934890265,0.505836275866297,0.495285102641608,0.490240643311492,0.0225482915787723
14.83,f27c2278f5bdb77b,256.394424580262,303.501986526472,321.935111094504,343.168477798762,0.512788849160524,0.505836644210787,0.495284786299238,0.490240682569659,0.0225481665908646
14.835,f27c2278f5bdb77b,256.394381851366,303.502206976054,321.934905895157,343.168505277422,0.512788763702732,0.505837011626757,0.495284470607934,0.490240721824889,0.0225480418778432
14.84,f27c2278f5bdb77b,256.394339267698,303.502426871367,321.934701115401,343.168532745534,0.512788678535396,0.505837378118945,0.495284155562156,0.490240761065048,0.0225479174703483
14.845,f27c2278f5bdb77b,256.394296839763,303.502646215948,321.93449675111,343.168560193179,0.512788593679526,0.505837743693247,0.495283841155554,0.49024080027597,0.0225477934035561
14.85,f27c2278f5bdb77b,256.394254579063,303.502865013917,321.934292797759,343.168587609261,0.512788509158126,0.505838108356529,0.495283527381167,0.490240839441801,0.0225476697163256
14.855,f27c2278f5bdb77b,256.394212497821,303.503083269842,321.934089250562,343.168614981775,0.512788424995642,0.505838472116404,0.495283214231633,0.490240878545393,0.0225475464502486
14.86,f27c2278f5bdb77b,256.394170608678,303.503300988595,321.933886104616,343.168642298111,0.512788341217356,0.505838834980992,0.49528290169941,0.49024091756873,0.0225474236486259
14.865,f27c2278f5bdb77b,256.394128924385,303.503518175202,321.93368335505,343.168669545363,0.512788257848771,0.505839196958669,0.495282589777,0.490240956493376,0.0225473013553955
14.87,f27c2278f5bdb77b,256.394087457491,303.503734834684,321.933480997168,343.168696710658,0.512788174914981,0.505839558057806,0.495282278457181,0.49024099530094,0.022547179614041
14.875,f27c2278f5bdb77b,256.394046220023,303.503950971904,321.933279026595,343.168723781477,0.512788092440047,0.505839918286507,0.495281967733223,0.490241033973539,0.0225470584665073
14.88,f27c2278f5bdb77b,256.3940052232,303.504166591414,321.933077439413,343.168750745974,0.512788010446399,0.505840277652356,0.495281657599096,0.490241072494249,0.0225469379521507
14.885,f27c2278f5bdb77b,256.393964477143,303.504381697303,321.932876232281,343.168777593273,0.512787928954285,0.505840636162172,0.495281348049663,0.490241110847533,0.0225468181067522
14.89,f27c2278f5bdb77b,256.393923990629,303.504596293073,321.932675402549,343.168804313749,0.512787847981258,0.505840993821788,0.495281039080845,0.490241149019641,0.022546698961617
14.895,f27c2278f5bdb77b,256.393883770872,303.504810381509,321.932474948349,343.168830899271,0.512787767541744,0.505841350635848,0.495280730689767,0.490241186998958,0.0225465805427855
14.9,f27c2278f5bdb77b,256.393843823341,303.505023964584,321.932274868662,343.168857343413,0.512787687646682,0.505841706607639,0.495280422874865,0.490241224776305,0.0225464628703767
14.905,f27c2278f5bdb77b,256.393804151626,303.505237043374,321.932075163377,343.168883641623,0.512787608303253,0.505842061738957,0.495280115635964,0.490241262345175,0.0225463459580778
14.91,f27c2278f5bdb77b,256.393764757352,303.505449618002,321.931875833312,343.168909791334,0.512787529514704,0.505842416030003,0.495279808974326,0.490241299701905,0.0225462298127989
14.915,f27c2278f5bdb77b,256.393725640136,303.505661687599,321.931676880221,343.168935792043,0.512787451280273,0.505842769479332,0.495279502892647,0.490241336845776,0.0225461144344966
14.92,f27c2278f5bdb77b,256.393686797606,303.505873250299,321.931478306771,343.168961645324,0.512787373595212,0.505843122083832,0.495279197395032,0.490241373779034,0.0225459998161779
14.925,f27c2278f5bdb77b,256.393648225459,303.506084303251,321.931280116501,343.168987354788,0.512787296450919,0.505843473838752,0.495278892486924,0.490241410506841,0.022545885944078
14.93,f27c2278f5bdb77b,256.393609917581,303.506294842663,321.931082313752,343.169012926004,0.512787219835163,0.505843824737771,0.495278588175003,0.490241447037149,0.0225457727980141
14.935,f27c2278f5bdb77b,256.393571866203,303.506504863863,321.930884903582,343.169038366352,0.512787143732406,0.505844174773105,0.495278284467049,0.490241483380503,0.0225456603519035
14.94,f27c2278f5bdb77b,256.393534062105,303.506714361394,321.930687891658,343.169063684843,0.51278706812421,0.505844523935656,0.495277981371782,0.490241519549776,0.0225455485744344
14.945,f27c2278f5bdb77b,256.393496494859,303.506923329115,321.930491284136,343.169088891891,0.512786992989717,0.505844872215191,0.49527767889867,0.490241555559844,0.0225454374298728
14.95,f27c2278f5bdb77b,256.393459153099,303.507131760332,321.930295087521,343.169113999049,0.512786918306198,0.505845219600553,0.495277377057724,0.490241591427213,0.0225453268789854
14.955,f27c2278f5bdb77b,256.393422024823,303.507339647937,321.930099308527,343.169139018713,0.512786844049646,0.505845566079896,0.495277075859272,0.490241627169591,0.022545216880055
14.96,f27c2278f5bdb77b,256.393385097704,303.507546984563,321.929903953922,343.169163963811,0.512786770195408,0.505845911640938,0.495276775313727,0.490241662805444,0.0225451073899635
14.965,f27c2278f5bdb77b,256.393348359417,303.507753762738,321.92970903038,343.169188847464,0.512786696718835,0.505846256271231,0.495276475431354,0.49024169835352,0.0225449983653148
14.97,f27c2278f5bdb77b,256.393311797966,303.507959975055,321.929514544323,343.169213682656,0.512786623595933,0.505846599958425,0.495276176222035,0.490241733832365,0.0225448897635679
14.975,f27c2278f5bdb77b,256.393275402,303.508165614327,321.929320501781,343.169238481892,0.512786550804,0.505846942690545,0.495275877695048,0.490241769259845,0.0225447815441546
14.98,f27c2278f5bdb77b,256.393239161116,303.50837067375,321.929126908255,343.169263256879,0.512786478322232,0.50584728445625,0.495275579858854,0.490241804652684,0.0225446736695477
14.985,f27c2278f5bdb77b,256.393203066142,303.508575147048,321.928933768592,343.169288018218,0.512786406132284,0.50584762524508,0.495275282720911,0.490241840026025,0.0225445661062589
14.99,f27c2278f5bdb77b,256.393167109385,303.508779028608,321.928741086882,343.169312775125,0.51278633421877,0.50584796504768,0.495274986287511,0.490241875393035,0.0225444588257348
14.995,f27c2278f5bdb77b,256.393131284843,303.508982313602,321.928548866367,343.169337535188,0.512786262569686,0.505848303856003,0.495274690563642,0.490241910764555,0.0225443518051309
15,f27c2278f5bdb77b,256.393095588375,303.509184998083,321.928357109377,343.169362304165,0.512786191176749,0.505848641663472,0.495274395552888,0.490241946148807,0.0225442450279424
